severity,graphicId,displayName,usage,maps,impact,category,suggested,confidence,hasPreview,classicAssetPath,sourceTexturePath,sourceExt,sourceExists,sourceLoadsAsTexture,cropValid,cropInsideTexture,fallbackCandidates,issues,classificationReason
"WARNING",59613,"GRH 59613 (tex_5023.png)",642,15,1017,"Unclassified","Other",0.340,1,"Assets/AOMigrator/MapVisualV063/Generated/Sprites/GRH_59613.asset","Assets/AOMigrator/MapVisualV063/Textures/tex_5023.png",".png",1,1,1,1,1,"HIGH_IMPACT_UNCLASSIFIED","Sin patrón fuerte. verde 0.00, marrón 0.00, gris 1.00, azul 0.00"
"WARNING",7856,"GRH 7856 (tex_5095.png)",9,1,34,"Unclassified","Unclassified",0.150,1,"Assets/AOMigrator/MapVisualV063/Generated/Sprites/GRH_7856.asset","Assets/Resources/AOMigrator/WorldV07/Textures/tex_5095.png",".png",1,1,1,1,1,"CLASSIFIER_STALE_15_PERCENT","Sprite vacío o casi vacío."
"WARNING",7860,"GRH 7860 (tex_5095.png)",8,1,33,"Unclassified","Unclassified",0.150,1,"Assets/AOMigrator/MapVisualV063/Generated/Sprites/GRH_7860.asset","Assets/Resources/AOMigrator/WorldV07/Textures/tex_5095.png",".png",1,1,1,1,1,"CLASSIFIER_STALE_15_PERCENT","Sprite vacío o casi vacío."
"WARNING",7843,"GRH 7843 (tex_5095.png)",6,1,31,"Unclassified","Unclassified",0.150,1,"Assets/AOMigrator/MapVisualV063/Generated/Sprites/GRH_7843.asset","Assets/Resources/AOMigrator/WorldV07/Textures/tex_5095.png",".png",1,1,1,1,1,"CLASSIFIER_STALE_15_PERCENT","Sprite vacío o casi vacío."
"WARNING",7847,"GRH 7847 (tex_5095.png)",6,1,31,"Unclassified","Unclassified",0.150,1,"Assets/AOMigrator/MapVisualV063/Generated/Sprites/GRH_7847.asset","Assets/Resources/AOMigrator/WorldV07/Textures/tex_5095.png",".png",1,1,1,1,1,"CLASSIFIER_STALE_15_PERCENT","Sprite vacío o casi vacío."
"WARNING",7848,"GRH 7848 (tex_5095.png)",6,1,31,"Unclassified","Unclassified",0.150,1,"Assets/AOMigrator/MapVisualV063/Generated/Sprites/GRH_7848.asset","Assets/Resources/AOMigrator/WorldV07/Textures/tex_5095.png",".png",1,1,1,1,1,"CLASSIFIER_STALE_15_PERCENT","Sprite vacío o casi vacío."
"WARNING",7852,"GRH 7852 (tex_5095.png)",6,1,31,"Unclassified","Unclassified",0.150,1,"Assets/AOMigrator/MapVisualV063/Generated/Sprites/GRH_7852.asset","Assets/Resources/AOMigrator/WorldV07/Textures/tex_5095.png",".png",1,1,1,1,1,"CLASSIFIER_STALE_15_PERCENT","Sprite vacío o casi vacío."
"WARNING",7835,"GRH 7835 (tex_5095.png)",4,1,29,"Unclassified","Unclassified",0.150,1,"Assets/AOMigrator/MapVisualV063/Generated/Sprites/GRH_7835.asset","Assets/Resources/AOMigrator/WorldV07/Textures/tex_5095.png",".png",1,1,1,1,1,"CLASSIFIER_STALE_15_PERCENT","Sprite vacío o casi vacío."
"WARNING",7839,"GRH 7839 (tex_5095.png)",4,1,29,"Unclassified","Unclassified",0.150,1,"Assets/AOMigrator/MapVisualV063/Generated/Sprites/GRH_7839.asset","Assets/Resources/AOMigrator/WorldV07/Textures/tex_5095.png",".png",1,1,1,1,1,"CLASSIFIER_STALE_15_PERCENT","Sprite vacío o casi vacío."
"WARNING",7752,"GRH 7752 (tex_5095.png)",3,1,28,"Unclassified","Unclassified",0.150,1,"Assets/AOMigrator/MapVisualV063/Generated/Sprites/GRH_7752.asset","Assets/Resources/AOMigrator/WorldV07/Textures/tex_5095.png",".png",1,1,1,1,1,"CLASSIFIER_STALE_15_PERCENT","Sprite vacío o casi vacío."
"WARNING",7756,"GRH 7756 (tex_5095.png)",3,1,28,"Unclassified","Unclassified",0.150,1,"Assets/AOMigrator/MapVisualV063/Generated/Sprites/GRH_7756.asset","Assets/Resources/AOMigrator/WorldV07/Textures/tex_5095.png",".png",1,1,1,1,1,"CLASSIFIER_STALE_15_PERCENT","Sprite vacío o casi vacío."
"WARNING",7764,"GRH 7764 (tex_5095.png)",3,1,28,"Unclassified","Unclassified",0.150,1,"Assets/AOMigrator/MapVisualV063/Generated/Sprites/GRH_7764.asset","Assets/Resources/AOMigrator/WorldV07/Textures/tex_5095.png",".png",1,1,1,1,1,"CLASSIFIER_STALE_15_PERCENT","Sprite vacío o casi vacío."
"WARNING",7760,"GRH 7760 (tex_5095.png)",2,1,27,"Unclassified","Unclassified",0.150,1,"Assets/AOMigrator/MapVisualV063/Generated/Sprites/GRH_7760.asset","Assets/Resources/AOMigrator/WorldV07/Textures/tex_5095.png",".png",1,1,1,1,1,"CLASSIFIER_STALE_15_PERCENT","Sprite vacío o casi vacío."
"WARNING",7739,"GRH 7739 (tex_5095.png)",1,1,26,"Unclassified","Unclassified",0.150,1,"Assets/AOMigrator/MapVisualV063/Generated/Sprites/GRH_7739.asset","Assets/Resources/AOMigrator/WorldV07/Textures/tex_5095.png",".png",1,1,1,1,1,"CLASSIFIER_STALE_15_PERCENT","Sprite vacío o casi vacío."
"WARNING",7743,"GRH 7743 (tex_5095.png)",1,1,26,"Unclassified","Unclassified",0.150,1,"Assets/AOMigrator/MapVisualV063/Generated/Sprites/GRH_7743.asset","Assets/Resources/AOMigrator/WorldV07/Textures/tex_5095.png",".png",1,1,1,1,1,"CLASSIFIER_STALE_15_PERCENT","Sprite vacío o casi vacío."
"WARNING",7747,"GRH 7747 (tex_5095.png)",1,1,26,"Unclassified","Unclassified",0.150,1,"Assets/AOMigrator/MapVisualV063/Generated/Sprites/GRH_7747.asset","Assets/Resources/AOMigrator/WorldV07/Textures/tex_5095.png",".png",1,1,1,1,1,"CLASSIFIER_STALE_15_PERCENT","Sprite vacío o casi vacío."
"WARNING",7751,"GRH 7751 (tex_5095.png)",1,1,26,"Unclassified","Unclassified",0.150,1,"Assets/AOMigrator/MapVisualV063/Generated/Sprites/GRH_7751.asset","Assets/Resources/AOMigrator/WorldV07/Textures/tex_5095.png",".png",1,1,1,1,1,"CLASSIFIER_STALE_15_PERCENT","Sprite vacío o casi vacío."
"OK",1,"GRH 1 (tex_1.png)",33177,9,33402,"Road","Road",1.000,1,"Assets/AOMigrator/MapVisualV063/Generated/Sprites/GRH_1.asset","Assets/AOMigrator/WorldV06/Textures/tex_1.png",".png",1,1,1,1,1,"","Camino neutro; gris 1.00, sat 0.00"
"OK",6003,"GRH 6003 (tex_6000.png)",5729,13,6054,"Grass","Grass",1.000,1,"Assets/AOMigrator/MapVisualV063/Generated/Sprites/GRH_6003.asset","Assets/AOMigrator/MapVisualV063/Textures/tex_6000.png",".png",1,1,1,1,1,"","Predominio verde 0.93, sat 0.70"
"OK",6015,"GRH 6015 (tex_6000.png)",5679,13,6004,"Grass","Grass",1.000,1,"Assets/AOMigrator/MapVisualV063/Generated/Sprites/GRH_6015.asset","Assets/AOMigrator/MapVisualV063/Textures/tex_6000.png",".png",1,1,1,1,1,"","Predominio verde 0.92, sat 0.70"
"OK",6007,"GRH 6007 (tex_6000.png)",5671,13,5996,"Grass","Grass",1.000,1,"Assets/AOMigrator/MapVisualV063/Generated/Sprites/GRH_6007.asset","Assets/AOMigrator/MapVisualV063/Textures/tex_6000.png",".png",1,1,1,1,1,"","Predominio verde 0.92, sat 0.70"
"OK",6014,"GRH 6014 (tex_6000.png)",5667,13,5992,"Grass","Grass",1.000,1,"Assets/AOMigrator/MapVisualV063/Generated/Sprites/GRH_6014.asset","Assets/AOMigrator/MapVisualV063/Textures/tex_6000.png",".png",1,1,1,1,1,"","Predominio verde 0.90, sat 0.70"
"OK",6002,"GRH 6002 (tex_6000.png)",5663,13,5988,"Grass","Grass",1.000,1,"Assets/AOMigrator/MapVisualV063/Generated/Sprites/GRH_6002.asset","Assets/AOMigrator/MapVisualV063/Textures/tex_6000.png",".png",1,1,1,1,1,"","Predominio verde 0.86, sat 0.70"
"OK",6006,"GRH 6006 (tex_6000.png)",5595,13,5920,"Grass","Grass",1.000,1,"Assets/AOMigrator/MapVisualV063/Generated/Sprites/GRH_6006.asset","Assets/AOMigrator/MapVisualV063/Textures/tex_6000.png",".png",1,1,1,1,1,"","Predominio verde 0.91, sat 0.70"
"OK",6000,"GRH 6000 (tex_6000.png)",5586,13,5911,"Grass","Grass",1.000,1,"Assets/AOMigrator/MapVisualV063/Generated/Sprites/GRH_6000.asset","Assets/AOMigrator/MapVisualV063/Textures/tex_6000.png",".png",1,1,1,1,1,"","Predominio verde 0.93, sat 0.70"
"OK",6011,"GRH 6011 (tex_6000.png)",5572,13,5897,"Grass","Grass",1.000,1,"Assets/AOMigrator/MapVisualV063/Generated/Sprites/GRH_6011.asset","Assets/AOMigrator/MapVisualV063/Textures/tex_6000.png",".png",1,1,1,1,1,"","Predominio verde 0.85, sat 0.70"
"OK",6012,"GRH 6012 (tex_6000.png)",5547,13,5872,"Grass","Grass",1.000,1,"Assets/AOMigrator/MapVisualV063/Generated/Sprites/GRH_6012.asset","Assets/AOMigrator/MapVisualV063/Textures/tex_6000.png",".png",1,1,1,1,1,"","Predominio verde 0.86, sat 0.69"
"OK",6008,"GRH 6008 (tex_6000.png)",5515,13,5840,"Grass","Grass",1.000,1,"Assets/AOMigrator/MapVisualV063/Generated/Sprites/GRH_6008.asset","Assets/AOMigrator/MapVisualV063/Textures/tex_6000.png",".png",1,1,1,1,1,"","Predominio verde 0.88, sat 0.69"
"OK",6001,"GRH 6001 (tex_6000.png)",5498,13,5823,"Grass","Grass",1.000,1,"Assets/AOMigrator/MapVisualV063/Generated/Sprites/GRH_6001.asset","Assets/AOMigrator/MapVisualV063/Textures/tex_6000.png",".png",1,1,1,1,1,"","Predominio verde 0.91, sat 0.70"
"OK",6004,"GRH 6004 (tex_6000.png)",5497,13,5822,"Grass","Grass",1.000,1,"Assets/AOMigrator/MapVisualV063/Generated/Sprites/GRH_6004.asset","Assets/AOMigrator/MapVisualV063/Textures/tex_6000.png",".png",1,1,1,1,1,"","Predominio verde 0.93, sat 0.70"
"OK",6010,"GRH 6010 (tex_6000.png)",5445,13,5770,"Grass","Grass",1.000,1,"Assets/AOMigrator/MapVisualV063/Generated/Sprites/GRH_6010.asset","Assets/AOMigrator/MapVisualV063/Textures/tex_6000.png",".png",1,1,1,1,1,"","Predominio verde 0.84, sat 0.69"
"OK",6005,"GRH 6005 (tex_6000.png)",5428,13,5753,"Grass","Grass",1.000,1,"Assets/AOMigrator/MapVisualV063/Generated/Sprites/GRH_6005.asset","Assets/AOMigrator/MapVisualV063/Textures/tex_6000.png",".png",1,1,1,1,1,"","Predominio verde 0.82, sat 0.70"
"OK",6013,"GRH 6013 (tex_6000.png)",5414,13,5739,"Grass","Grass",1.000,1,"Assets/AOMigrator/MapVisualV063/Generated/Sprites/GRH_6013.asset","Assets/AOMigrator/MapVisualV063/Textures/tex_6000.png",".png",1,1,1,1,1,"","Predominio verde 0.92, sat 0.70"
"OK",6009,"GRH 6009 (tex_6000.png)",5287,13,5612,"Grass","Grass",1.000,1,"Assets/AOMigrator/MapVisualV063/Generated/Sprites/GRH_6009.asset","Assets/AOMigrator/MapVisualV063/Textures/tex_6000.png",".png",1,1,1,1,1,"","Predominio verde 0.86, sat 0.70"
"OK",14290,"GRH 14290 (tex_5082.png)",1150,5,1275,"Dirt","Dirt",1.000,1,"Assets/AOMigrator/MapVisualV063/Generated/Sprites/GRH_14290.asset","Assets/AOMigrator/MapVisualV063/Textures/tex_5082.png",".png",1,1,1,1,1,"","Predominio marrón 0.82, sat 0.35"
"OK",49556,"GRH 49556 (tex_5068_padded.asset)",982,8,1182,"Dirt","Dirt",1.000,1,"Assets/AOMigrator/MapVisualV063/Generated/Sprites/GRH_49556.asset","Assets/AOMigrator/MapVisualV063/Generated/PaddedTextures/tex_5068_padded.asset",".asset",1,1,1,1,1,"","Predominio marrón 1.00, sat 0.75"
"OK",14288,"GRH 14288 (tex_5082.png)",1050,5,1175,"Dirt","Dirt",1.000,1,"Assets/AOMigrator/MapVisualV063/Generated/Sprites/GRH_14288.asset","Assets/AOMigrator/MapVisualV063/Textures/tex_5082.png",".png",1,1,1,1,1,"","Predominio marrón 0.73, sat 0.31"
"OK",14289,"GRH 14289 (tex_5082.png)",1040,5,1165,"Dirt","Dirt",1.000,1,"Assets/AOMigrator/MapVisualV063/Generated/Sprites/GRH_14289.asset","Assets/AOMigrator/MapVisualV063/Textures/tex_5082.png",".png",1,1,1,1,1,"","Predominio marrón 0.79, sat 0.35"
"OK",49555,"GRH 49555 (tex_5068_padded.asset)",957,8,1157,"Dirt","Dirt",1.000,1,"Assets/AOMigrator/MapVisualV063/Generated/Sprites/GRH_49555.asset","Assets/AOMigrator/MapVisualV063/Generated/PaddedTextures/tex_5068_padded.asset",".asset",1,1,1,1,1,"","Predominio marrón 1.00, sat 0.75"
"OK",6333,"GRH 6333 (tex_6215.png)",816,13,1141,"Grass","Grass",1.000,1,"Assets/AOMigrator/MapVisualV063/Generated/Sprites/GRH_6333.asset","Assets/AOMigrator/MapVisualV063/Textures/tex_6215.png",".png",1,1,1,1,1,"","Predominio verde 0.96, sat 0.72"
"OK",49553,"GRH 49553 (tex_5068_padded.asset)",935,8,1135,"Dirt","Dirt",1.000,1,"Assets/AOMigrator/MapVisualV063/Generated/Sprites/GRH_49553.asset","Assets/AOMigrator/MapVisualV063/Generated/PaddedTextures/tex_5068_padded.asset",".asset",1,1,1,1,1,"","Predominio marrón 1.00, sat 0.76"
"OK",49552,"GRH 49552 (tex_5068_padded.asset)",920,8,1120,"Dirt","Dirt",1.000,1,"Assets/AOMigrator/MapVisualV063/Generated/Sprites/GRH_49552.asset","Assets/AOMigrator/MapVisualV063/Generated/PaddedTextures/tex_5068_padded.asset",".asset",1,1,1,1,1,"","Predominio marrón 1.00, sat 0.75"
"OK",14286,"GRH 14286 (tex_5082.png)",985,5,1110,"Dirt","Dirt",1.000,1,"Assets/AOMigrator/MapVisualV063/Generated/Sprites/GRH_14286.asset","Assets/AOMigrator/MapVisualV063/Textures/tex_5082.png",".png",1,1,1,1,1,"","Predominio marrón 0.78, sat 0.33"
"OK",14282,"GRH 14282 (tex_5082.png)",950,5,1075,"Dirt","Dirt",1.000,1,"Assets/AOMigrator/MapVisualV063/Generated/Sprites/GRH_14282.asset","Assets/AOMigrator/MapVisualV063/Textures/tex_5082.png",".png",1,1,1,1,1,"","Predominio marrón 0.76, sat 0.34"
"OK",14287,"GRH 14287 (tex_5082.png)",920,5,1045,"Dirt","Dirt",1.000,1,"Assets/AOMigrator/MapVisualV063/Generated/Sprites/GRH_14287.asset","Assets/AOMigrator/MapVisualV063/Textures/tex_5082.png",".png",1,1,1,1,1,"","Predominio marrón 0.77, sat 0.34"
"OK",14284,"GRH 14284 (tex_5082.png)",905,5,1030,"Dirt","Dirt",1.000,1,"Assets/AOMigrator/MapVisualV063/Generated/Sprites/GRH_14284.asset","Assets/AOMigrator/MapVisualV063/Textures/tex_5082.png",".png",1,1,1,1,1,"","Predominio marrón 0.70, sat 0.32"
"OK",14285,"GRH 14285 (tex_5082.png)",900,5,1025,"Dirt","Dirt",1.000,1,"Assets/AOMigrator/MapVisualV063/Generated/Sprites/GRH_14285.asset","Assets/AOMigrator/MapVisualV063/Textures/tex_5082.png",".png",1,1,1,1,1,"","Predominio marrón 0.59, sat 0.26"
"OK",14281,"GRH 14281 (tex_5082.png)",895,5,1020,"Dirt","Dirt",1.000,1,"Assets/AOMigrator/MapVisualV063/Generated/Sprites/GRH_14281.asset","Assets/AOMigrator/MapVisualV063/Textures/tex_5082.png",".png",1,1,1,1,1,"","Predominio marrón 0.76, sat 0.33"
"OK",14278,"GRH 14278 (tex_5082.png)",890,5,1015,"Dirt","Dirt",1.000,1,"Assets/AOMigrator/MapVisualV063/Generated/Sprites/GRH_14278.asset","Assets/AOMigrator/MapVisualV063/Textures/tex_5082.png",".png",1,1,1,1,1,"","Predominio marrón 0.73, sat 0.32"
"OK",14280,"GRH 14280 (tex_5082.png)",875,5,1000,"Dirt","Dirt",1.000,1,"Assets/AOMigrator/MapVisualV063/Generated/Sprites/GRH_14280.asset","Assets/AOMigrator/MapVisualV063/Textures/tex_5082.png",".png",1,1,1,1,1,"","Predominio marrón 0.63, sat 0.27"
"OK",6334,"GRH 6334 (tex_6215.png)",671,13,996,"Grass","Grass",1.000,1,"Assets/AOMigrator/MapVisualV063/Generated/Sprites/GRH_6334.asset","Assets/AOMigrator/MapVisualV063/Textures/tex_6215.png",".png",1,1,1,1,1,"","Predominio verde 0.94, sat 0.72"
"OK",14277,"GRH 14277 (tex_5082.png)",825,5,950,"Dirt","Dirt",1.000,1,"Assets/AOMigrator/MapVisualV063/Generated/Sprites/GRH_14277.asset","Assets/AOMigrator/MapVisualV063/Textures/tex_5082.png",".png",1,1,1,1,1,"","Predominio marrón 0.79, sat 0.34"
"OK",14276,"GRH 14276 (tex_5082.png)",795,5,920,"Dirt","Dirt",1.000,1,"Assets/AOMigrator/MapVisualV063/Generated/Sprites/GRH_14276.asset","Assets/AOMigrator/MapVisualV063/Textures/tex_5082.png",".png",1,1,1,1,1,"","Predominio marrón 0.76, sat 0.33"
"OK",14283,"GRH 14283 (tex_5082.png)",760,5,885,"Dirt","Dirt",1.000,1,"Assets/AOMigrator/MapVisualV063/Generated/Sprites/GRH_14283.asset","Assets/AOMigrator/MapVisualV063/Textures/tex_5082.png",".png",1,1,1,1,1,"","Predominio marrón 0.76, sat 0.32"
"OK",8683,"GRH 8683 (tex_2.png)",858,1,883,"Unclassified","Other",0.340,1,"Assets/AOMigrator/MapVisualV063/Generated/Sprites/GRH_8683.asset","Assets/Resources/AOMigrator/WorldV07/Textures/tex_2.png",".png",1,1,1,1,1,"","Sin patrón fuerte. verde 0.00, marrón 0.00, gris 0.00, azul 0.00"
"OK",49554,"GRH 49554 (tex_5068_padded.asset)",680,8,880,"Dirt","Dirt",1.000,1,"Assets/AOMigrator/MapVisualV063/Generated/Sprites/GRH_49554.asset","Assets/AOMigrator/MapVisualV063/Generated/PaddedTextures/tex_5068_padded.asset",".asset",1,1,1,1,1,"","Predominio marrón 1.00, sat 0.75"
"OK",14279,"GRH 14279 (tex_5082.png)",740,5,865,"Dirt","Dirt",1.000,1,"Assets/AOMigrator/MapVisualV063/Generated/Sprites/GRH_14279.asset","Assets/AOMigrator/MapVisualV063/Textures/tex_5082.png",".png",1,1,1,1,1,"","Predominio marrón 0.82, sat 0.35"
"OK",49551,"GRH 49551 (tex_5068_padded.asset)",643,8,843,"Dirt","Dirt",1.000,1,"Assets/AOMigrator/MapVisualV063/Generated/Sprites/GRH_49551.asset","Assets/AOMigrator/MapVisualV063/Generated/PaddedTextures/tex_5068_padded.asset",".asset",1,1,1,1,1,"","Predominio marrón 1.00, sat 0.75"
"OK",14275,"GRH 14275 (tex_5082.png)",680,5,805,"Dirt","Dirt",1.000,1,"Assets/AOMigrator/MapVisualV063/Generated/Sprites/GRH_14275.asset","Assets/AOMigrator/MapVisualV063/Textures/tex_5082.png",".png",1,1,1,1,1,"","Predominio marrón 0.73, sat 0.33"
"OK",6332,"GRH 6332 (tex_6215.png)",392,12,692,"Grass","Grass",1.000,1,"Assets/AOMigrator/MapVisualV063/Generated/Sprites/GRH_6332.asset","Assets/AOMigrator/MapVisualV063/Textures/tex_6215.png",".png",1,1,1,1,1,"","Predominio verde 0.91, sat 0.72"
"OK",6335,"GRH 6335 (tex_6215.png)",388,12,688,"Grass","Grass",1.000,1,"Assets/AOMigrator/MapVisualV063/Generated/Sprites/GRH_6335.asset","Assets/AOMigrator/MapVisualV063/Textures/tex_6215.png",".png",1,1,1,1,1,"","Predominio verde 0.87, sat 0.72"
"OK",6325,"GRH 6325 (tex_6215.png)",376,12,676,"Dirt","Dirt",1.000,1,"Assets/AOMigrator/MapVisualV063/Generated/Sprites/GRH_6325.asset","Assets/AOMigrator/MapVisualV063/Textures/tex_6215.png",".png",1,1,1,1,1,"","Predominio marrón 0.83, sat 0.50"
"OK",6324,"GRH 6324 (tex_6215.png)",372,12,672,"Dirt","Dirt",1.000,1,"Assets/AOMigrator/MapVisualV063/Generated/Sprites/GRH_6324.asset","Assets/AOMigrator/MapVisualV063/Textures/tex_6215.png",".png",1,1,1,1,1,"","Predominio marrón 0.82, sat 0.51"
"OK",6326,"GRH 6326 (tex_6215.png)",360,12,660,"Dirt","Dirt",1.000,1,"Assets/AOMigrator/MapVisualV063/Generated/Sprites/GRH_6326.asset","Assets/AOMigrator/MapVisualV063/Textures/tex_6215.png",".png",1,1,1,1,1,"","Predominio marrón 0.89, sat 0.48"
"OK",6329,"GRH 6329 (tex_6215.png)",358,12,658,"Dirt","Dirt",1.000,1,"Assets/AOMigrator/MapVisualV063/Generated/Sprites/GRH_6329.asset","Assets/AOMigrator/MapVisualV063/Textures/tex_6215.png",".png",1,1,1,1,1,"","Predominio marrón 0.91, sat 0.48"
"OK",6323,"GRH 6323 (tex_6215.png)",354,12,654,"Grass","Grass",1.000,1,"Assets/AOMigrator/MapVisualV063/Generated/Sprites/GRH_6323.asset","Assets/AOMigrator/MapVisualV063/Textures/tex_6215.png",".png",1,1,1,1,1,"","Predominio verde 0.94, sat 0.72"
"OK",6328,"GRH 6328 (tex_6215.png)",354,12,654,"Dirt","Dirt",1.000,1,"Assets/AOMigrator/MapVisualV063/Generated/Sprites/GRH_6328.asset","Assets/AOMigrator/MapVisualV063/Textures/tex_6215.png",".png",1,1,1,1,1,"","Predominio marrón 0.91, sat 0.50"
"OK",6321,"GRH 6321 (tex_6215.png)",378,11,653,"Grass","Grass",1.000,1,"Assets/AOMigrator/MapVisualV063/Generated/Sprites/GRH_6321.asset","Assets/AOMigrator/MapVisualV063/Textures/tex_6215.png",".png",1,1,1,1,1,"","Predominio verde 0.86, sat 0.72"
"OK",6330,"GRH 6330 (tex_6215.png)",349,12,649,"Dirt","Dirt",1.000,1,"Assets/AOMigrator/MapVisualV063/Generated/Sprites/GRH_6330.asset","Assets/AOMigrator/MapVisualV063/Textures/tex_6215.png",".png",1,1,1,1,1,"","Predominio marrón 0.86, sat 0.51"
"OK",6327,"GRH 6327 (tex_6215.png)",346,12,646,"Dirt","Dirt",1.000,1,"Assets/AOMigrator/MapVisualV063/Generated/Sprites/GRH_6327.asset","Assets/AOMigrator/MapVisualV063/Textures/tex_6215.png",".png",1,1,1,1,1,"","Predominio marrón 0.80, sat 0.51"
"OK",6320,"GRH 6320 (tex_6215.png)",365,11,640,"Grass","Grass",1.000,1,"Assets/AOMigrator/MapVisualV063/Generated/Sprites/GRH_6320.asset","Assets/AOMigrator/MapVisualV063/Textures/tex_6215.png",".png",1,1,1,1,1,"","Predominio verde 0.89, sat 0.72"
"OK",6331,"GRH 6331 (tex_6215.png)",337,12,637,"Dirt","Dirt",1.000,1,"Assets/AOMigrator/MapVisualV063/Generated/Sprites/GRH_6331.asset","Assets/AOMigrator/MapVisualV063/Textures/tex_6215.png",".png",1,1,1,1,1,"","Predominio marrón 0.85, sat 0.52"
"OK",61266,"GRH 61266 (tex_5087.png)",362,11,637,"Grass","Grass",1.000,1,"Assets/AOMigrator/MapVisualV063/Generated/Sprites/GRH_61266.asset","Assets/AOMigrator/MapVisualV063/Textures/tex_5087.png",".png",1,1,1,1,1,"","Predominio verde 0.90, sat 0.70"
"OK",6322,"GRH 6322 (tex_6215.png)",358,11,633,"Grass","Grass",1.000,1,"Assets/AOMigrator/MapVisualV063/Generated/Sprites/GRH_6322.asset","Assets/AOMigrator/MapVisualV063/Textures/tex_6215.png",".png",1,1,1,1,1,"","Predominio verde 0.90, sat 0.73"
"OK",61262,"GRH 61262 (tex_5087.png)",358,11,633,"Grass","Grass",1.000,1,"Assets/AOMigrator/MapVisualV063/Generated/Sprites/GRH_61262.asset","Assets/AOMigrator/MapVisualV063/Textures/tex_5087.png",".png",1,1,1,1,1,"","Predominio verde 0.87, sat 0.69"
"OK",61270,"GRH 61270 (tex_5087.png)",348,11,623,"Grass","Grass",1.000,1,"Assets/AOMigrator/MapVisualV063/Generated/Sprites/GRH_61270.asset","Assets/AOMigrator/MapVisualV063/Textures/tex_5087.png",".png",1,1,1,1,1,"","Predominio verde 0.86, sat 0.69"
"OK",61274,"GRH 61274 (tex_5087.png)",345,11,620,"Grass","Grass",1.000,1,"Assets/AOMigrator/MapVisualV063/Generated/Sprites/GRH_61274.asset","Assets/AOMigrator/MapVisualV063/Textures/tex_5087.png",".png",1,1,1,1,1,"","Predominio verde 0.90, sat 0.70"
"OK",1236,"GRH 1236 (tex_5133.png)",563,2,613,"Floor","Floor",1.000,1,"Assets/AOMigrator/MapVisualV063/Generated/Sprites/GRH_1236.asset","Assets/Resources/AOMigrator/WorldV07/Textures/tex_5133.png",".png",1,1,1,1,1,"","Piso marrón sólido; marrón 1.00, cobertura 1.00"
"OK",1239,"GRH 1239 (tex_5133.png)",553,2,603,"Floor","Floor",1.000,1,"Assets/AOMigrator/MapVisualV063/Generated/Sprites/GRH_1239.asset","Assets/Resources/AOMigrator/WorldV07/Textures/tex_5133.png",".png",1,1,1,1,1,"","Piso marrón sólido; marrón 1.00, cobertura 1.00"
"OK",61265,"GRH 61265 (tex_5087.png)",322,11,597,"Grass","Grass",1.000,1,"Assets/AOMigrator/MapVisualV063/Generated/Sprites/GRH_61265.asset","Assets/AOMigrator/MapVisualV063/Textures/tex_5087.png",".png",1,1,1,1,1,"","Predominio verde 0.84, sat 0.69"
"OK",61261,"GRH 61261 (tex_5087.png)",319,11,594,"Grass","Grass",1.000,1,"Assets/AOMigrator/MapVisualV063/Generated/Sprites/GRH_61261.asset","Assets/AOMigrator/MapVisualV063/Textures/tex_5087.png",".png",1,1,1,1,1,"","Predominio verde 0.92, sat 0.69"
"OK",61269,"GRH 61269 (tex_5087.png)",310,11,585,"Grass","Grass",1.000,1,"Assets/AOMigrator/MapVisualV063/Generated/Sprites/GRH_61269.asset","Assets/AOMigrator/MapVisualV063/Textures/tex_5087.png",".png",1,1,1,1,1,"","Predominio verde 0.87, sat 0.69"
"OK",1244,"GRH 1244 (tex_5133.png)",533,2,583,"Floor","Floor",1.000,1,"Assets/AOMigrator/MapVisualV063/Generated/Sprites/GRH_1244.asset","Assets/Resources/AOMigrator/WorldV07/Textures/tex_5133.png",".png",1,1,1,1,1,"","Piso marrón sólido; marrón 1.00, cobertura 1.00"
"OK",61273,"GRH 61273 (tex_5087.png)",308,11,583,"Grass","Grass",1.000,1,"Assets/AOMigrator/MapVisualV063/Generated/Sprites/GRH_61273.asset","Assets/AOMigrator/MapVisualV063/Textures/tex_5087.png",".png",1,1,1,1,1,"","Predominio verde 0.91, sat 0.69"
"OK",61267,"GRH 61267 (tex_5087.png)",305,11,580,"Grass","Grass",1.000,1,"Assets/AOMigrator/MapVisualV063/Generated/Sprites/GRH_61267.asset","Assets/AOMigrator/MapVisualV063/Textures/tex_5087.png",".png",1,1,1,1,1,"","Predominio verde 0.92, sat 0.70"
"OK",1248,"GRH 1248 (tex_5133.png)",528,2,578,"Floor","Floor",1.000,1,"Assets/AOMigrator/MapVisualV063/Generated/Sprites/GRH_1248.asset","Assets/Resources/AOMigrator/WorldV07/Textures/tex_5133.png",".png",1,1,1,1,1,"","Piso marrón sólido; marrón 1.00, cobertura 1.00"
"OK",1237,"GRH 1237 (tex_5133.png)",525,2,575,"Floor","Floor",1.000,1,"Assets/AOMigrator/MapVisualV063/Generated/Sprites/GRH_1237.asset","Assets/Resources/AOMigrator/WorldV07/Textures/tex_5133.png",".png",1,1,1,1,1,"","Piso marrón sólido; marrón 1.00, cobertura 1.00"
"OK",61263,"GRH 61263 (tex_5087.png)",298,11,573,"Grass","Grass",1.000,1,"Assets/AOMigrator/MapVisualV063/Generated/Sprites/GRH_61263.asset","Assets/AOMigrator/MapVisualV063/Textures/tex_5087.png",".png",1,1,1,1,1,"","Predominio verde 0.94, sat 0.69"
"OK",1247,"GRH 1247 (tex_5133.png)",519,2,569,"Floor","Floor",1.000,1,"Assets/AOMigrator/MapVisualV063/Generated/Sprites/GRH_1247.asset","Assets/Resources/AOMigrator/WorldV07/Textures/tex_5133.png",".png",1,1,1,1,1,"","Piso marrón sólido; marrón 1.00, cobertura 1.00"
"OK",61271,"GRH 61271 (tex_5087.png)",293,11,568,"Grass","Grass",1.000,1,"Assets/AOMigrator/MapVisualV063/Generated/Sprites/GRH_61271.asset","Assets/AOMigrator/MapVisualV063/Textures/tex_5087.png",".png",1,1,1,1,1,"","Predominio verde 0.84, sat 0.69"
"OK",1251,"GRH 1251 (tex_5133.png)",515,2,565,"Floor","Floor",1.000,1,"Assets/AOMigrator/MapVisualV063/Generated/Sprites/GRH_1251.asset","Assets/Resources/AOMigrator/WorldV07/Textures/tex_5133.png",".png",1,1,1,1,1,"","Piso marrón sólido; marrón 1.00, cobertura 1.00"
"OK",61275,"GRH 61275 (tex_5087.png)",288,11,563,"Grass","Grass",1.000,1,"Assets/AOMigrator/MapVisualV063/Generated/Sprites/GRH_61275.asset","Assets/AOMigrator/MapVisualV063/Textures/tex_5087.png",".png",1,1,1,1,1,"","Predominio verde 0.92, sat 0.70"
"OK",61264,"GRH 61264 (tex_5087.png)",286,11,561,"Grass","Grass",1.000,1,"Assets/AOMigrator/MapVisualV063/Generated/Sprites/GRH_61264.asset","Assets/AOMigrator/MapVisualV063/Textures/tex_5087.png",".png",1,1,1,1,1,"","Predominio verde 0.94, sat 0.70"
"OK",61260,"GRH 61260 (tex_5087.png)",285,11,560,"Grass","Grass",1.000,1,"Assets/AOMigrator/MapVisualV063/Generated/Sprites/GRH_61260.asset","Assets/AOMigrator/MapVisualV063/Textures/tex_5087.png",".png",1,1,1,1,1,"","Predominio verde 0.93, sat 0.70"
"OK",1238,"GRH 1238 (tex_5133.png)",509,2,559,"Floor","Floor",1.000,1,"Assets/AOMigrator/MapVisualV063/Generated/Sprites/GRH_1238.asset","Assets/Resources/AOMigrator/WorldV07/Textures/tex_5133.png",".png",1,1,1,1,1,"","Piso marrón sólido; marrón 1.00, cobertura 1.00"
"OK",61268,"GRH 61268 (tex_5087.png)",275,11,550,"Grass","Grass",1.000,1,"Assets/AOMigrator/MapVisualV063/Generated/Sprites/GRH_61268.asset","Assets/AOMigrator/MapVisualV063/Textures/tex_5087.png",".png",1,1,1,1,1,"","Predominio verde 0.89, sat 0.69"
"OK",6378,"GRH 6378 (tex_6215.png)",249,12,549,"Dirt","Dirt",1.000,1,"Assets/AOMigrator/MapVisualV063/Generated/Sprites/GRH_6378.asset","Assets/AOMigrator/MapVisualV063/Textures/tex_6215.png",".png",1,1,1,1,1,"","Predominio marrón 0.92, sat 0.50"
"OK",1245,"GRH 1245 (tex_5133.png)",498,2,548,"Floor","Floor",1.000,1,"Assets/AOMigrator/MapVisualV063/Generated/Sprites/GRH_1245.asset","Assets/Resources/AOMigrator/WorldV07/Textures/tex_5133.png",".png",1,1,1,1,1,"","Piso marrón sólido; marrón 1.00, cobertura 1.00"
"OK",61272,"GRH 61272 (tex_5087.png)",273,11,548,"Grass","Grass",1.000,1,"Assets/AOMigrator/MapVisualV063/Generated/Sprites/GRH_61272.asset","Assets/AOMigrator/MapVisualV063/Textures/tex_5087.png",".png",1,1,1,1,1,"","Predominio verde 0.88, sat 0.69"
"OK",6377,"GRH 6377 (tex_6215.png)",247,12,547,"Dirt","Dirt",1.000,1,"Assets/AOMigrator/MapVisualV063/Generated/Sprites/GRH_6377.asset","Assets/AOMigrator/MapVisualV063/Textures/tex_6215.png",".png",1,1,1,1,1,"","Predominio marrón 0.95, sat 0.47"
"OK",1240,"GRH 1240 (tex_5133.png)",495,2,545,"Floor","Floor",1.000,1,"Assets/AOMigrator/MapVisualV063/Generated/Sprites/GRH_1240.asset","Assets/Resources/AOMigrator/WorldV07/Textures/tex_5133.png",".png",1,1,1,1,1,"","Piso marrón sólido; marrón 1.00, cobertura 1.00"
"OK",6381,"GRH 6381 (tex_6215.png)",244,12,544,"Dirt","Dirt",1.000,1,"Assets/AOMigrator/MapVisualV063/Generated/Sprites/GRH_6381.asset","Assets/AOMigrator/MapVisualV063/Textures/tex_6215.png",".png",1,1,1,1,1,"","Predominio marrón 0.93, sat 0.48"
"OK",6382,"GRH 6382 (tex_6215.png)",244,12,544,"Dirt","Dirt",1.000,1,"Assets/AOMigrator/MapVisualV063/Generated/Sprites/GRH_6382.asset","Assets/AOMigrator/MapVisualV063/Textures/tex_6215.png",".png",1,1,1,1,1,"","Predominio marrón 0.93, sat 0.49"
"OK",1249,"GRH 1249 (tex_5133.png)",493,2,543,"Floor","Floor",1.000,1,"Assets/AOMigrator/MapVisualV063/Generated/Sprites/GRH_1249.asset","Assets/Resources/AOMigrator/WorldV07/Textures/tex_5133.png",".png",1,1,1,1,1,"","Piso marrón sólido; marrón 1.00, cobertura 1.00"
"OK",6373,"GRH 6373 (tex_6215.png)",242,12,542,"Dirt","Dirt",1.000,1,"Assets/AOMigrator/MapVisualV063/Generated/Sprites/GRH_6373.asset","Assets/AOMigrator/MapVisualV063/Textures/tex_6215.png",".png",1,1,1,1,1,"","Predominio marrón 0.83, sat 0.51"
"OK",6374,"GRH 6374 (tex_6215.png)",240,12,540,"Dirt","Dirt",1.000,1,"Assets/AOMigrator/MapVisualV063/Generated/Sprites/GRH_6374.asset","Assets/AOMigrator/MapVisualV063/Textures/tex_6215.png",".png",1,1,1,1,1,"","Predominio marrón 0.93, sat 0.49"
"OK",7721,"GRH 7721 (tex_5095.png)",511,1,536,"Water","Water",1.000,1,"Assets/AOMigrator/MapVisualV063/Generated/Sprites/GRH_7721.asset","Assets/Resources/AOMigrator/WorldV07/Textures/tex_5095.png",".png",1,1,1,1,1,"","Predominio azul 1.00, sat 0.32"
"OK",7733,"GRH 7733 (tex_5095.png)",508,1,533,"Water","Water",1.000,1,"Assets/AOMigrator/MapVisualV063/Generated/Sprites/GRH_7733.asset","Assets/Resources/AOMigrator/WorldV07/Textures/tex_5095.png",".png",1,1,1,1,1,"","Predominio azul 1.00, sat 0.32"
"OK",6372,"GRH 6372 (tex_6215.png)",232,12,532,"Grass","Grass",1.000,1,"Assets/AOMigrator/MapVisualV063/Generated/Sprites/GRH_6372.asset","Assets/AOMigrator/MapVisualV063/Textures/tex_6215.png",".png",1,1,1,1,1,"","Predominio verde 0.95, sat 0.73"
"OK",1243,"GRH 1243 (tex_5133.png)",481,2,531,"Floor","Floor",1.000,1,"Assets/AOMigrator/MapVisualV063/Generated/Sprites/GRH_1243.asset","Assets/Resources/AOMigrator/WorldV07/Textures/tex_5133.png",".png",1,1,1,1,1,"","Piso marrón sólido; marrón 1.00, cobertura 1.00"
"OK",6376,"GRH 6376 (tex_6215.png)",230,12,530,"Grass","Grass",1.000,1,"Assets/AOMigrator/MapVisualV063/Generated/Sprites/GRH_6376.asset","Assets/AOMigrator/MapVisualV063/Textures/tex_6215.png",".png",1,1,1,1,1,"","Predominio verde 0.90, sat 0.73"
"OK",1246,"GRH 1246 (tex_5133.png)",479,2,529,"Floor","Floor",1.000,1,"Assets/AOMigrator/MapVisualV063/Generated/Sprites/GRH_1246.asset","Assets/Resources/AOMigrator/WorldV07/Textures/tex_5133.png",".png",1,1,1,1,1,"","Piso marrón sólido; marrón 1.00, cobertura 1.00"
"OK",6375,"GRH 6375 (tex_6215.png)",226,12,526,"Grass","Grass",1.000,1,"Assets/AOMigrator/MapVisualV063/Generated/Sprites/GRH_6375.asset","Assets/AOMigrator/MapVisualV063/Textures/tex_6215.png",".png",1,1,1,1,1,"","Predominio verde 0.92, sat 0.72"
"OK",6369,"GRH 6369 (tex_6215.png)",225,12,525,"Dirt","Dirt",1.000,1,"Assets/AOMigrator/MapVisualV063/Generated/Sprites/GRH_6369.asset","Assets/AOMigrator/MapVisualV063/Textures/tex_6215.png",".png",1,1,1,1,1,"","Predominio marrón 0.92, sat 0.49"
"OK",6370,"GRH 6370 (tex_6215.png)",222,12,522,"Dirt","Dirt",1.000,1,"Assets/AOMigrator/MapVisualV063/Generated/Sprites/GRH_6370.asset","Assets/AOMigrator/MapVisualV063/Textures/tex_6215.png",".png",1,1,1,1,1,"","Predominio marrón 0.91, sat 0.49"
"OK",6383,"GRH 6383 (tex_6215.png)",220,12,520,"Grass","Grass",1.000,1,"Assets/AOMigrator/MapVisualV063/Generated/Sprites/GRH_6383.asset","Assets/AOMigrator/MapVisualV063/Textures/tex_6215.png",".png",1,1,1,1,1,"","Predominio verde 0.96, sat 0.72"
"OK",1250,"GRH 1250 (tex_5133.png)",469,2,519,"Floor","Floor",1.000,1,"Assets/AOMigrator/MapVisualV063/Generated/Sprites/GRH_1250.asset","Assets/Resources/AOMigrator/WorldV07/Textures/tex_5133.png",".png",1,1,1,1,1,"","Piso marrón sólido; marrón 1.00, cobertura 1.00"
"OK",6379,"GRH 6379 (tex_6215.png)",217,12,517,"Grass","Grass",1.000,1,"Assets/AOMigrator/MapVisualV063/Generated/Sprites/GRH_6379.asset","Assets/AOMigrator/MapVisualV063/Textures/tex_6215.png",".png",1,1,1,1,1,"","Predominio verde 0.95, sat 0.72"
"OK",6380,"GRH 6380 (tex_6215.png)",213,12,513,"Grass","Grass",1.000,1,"Assets/AOMigrator/MapVisualV063/Generated/Sprites/GRH_6380.asset","Assets/AOMigrator/MapVisualV063/Textures/tex_6215.png",".png",1,1,1,1,1,"","Predominio verde 0.91, sat 0.73"
"OK",1241,"GRH 1241 (tex_5133.png)",462,2,512,"Floor","Floor",1.000,1,"Assets/AOMigrator/MapVisualV063/Generated/Sprites/GRH_1241.asset","Assets/Resources/AOMigrator/WorldV07/Textures/tex_5133.png",".png",1,1,1,1,1,"","Piso marrón sólido; marrón 1.00, cobertura 1.00"
"OK",6368,"GRH 6368 (tex_6215.png)",210,12,510,"Grass","Grass",1.000,1,"Assets/AOMigrator/MapVisualV063/Generated/Sprites/GRH_6368.asset","Assets/AOMigrator/MapVisualV063/Textures/tex_6215.png",".png",1,1,1,1,1,"","Predominio verde 0.93, sat 0.73"
"OK",6371,"GRH 6371 (tex_6215.png)",208,12,508,"Grass","Grass",1.000,1,"Assets/AOMigrator/MapVisualV063/Generated/Sprites/GRH_6371.asset","Assets/AOMigrator/MapVisualV063/Textures/tex_6215.png",".png",1,1,1,1,1,"","Predominio verde 0.92, sat 0.72"
"OK",7729,"GRH 7729 (tex_5095.png)",479,1,504,"Water","Water",1.000,1,"Assets/AOMigrator/MapVisualV063/Generated/Sprites/GRH_7729.asset","Assets/Resources/AOMigrator/WorldV07/Textures/tex_5095.png",".png",1,1,1,1,1,"","Predominio azul 1.00, sat 0.32"
"OK",1242,"GRH 1242 (tex_5133.png)",442,2,492,"Floor","Floor",1.000,1,"Assets/AOMigrator/MapVisualV063/Generated/Sprites/GRH_1242.asset","Assets/Resources/AOMigrator/WorldV07/Textures/tex_5133.png",".png",1,1,1,1,1,"","Piso marrón sólido; marrón 1.00, cobertura 1.00"
"OK",17066,"GRH 17066 (tex_5041.png)",163,13,488,"Transition","Transition",0.863,1,"Assets/AOMigrator/MapVisualV063/Generated/Sprites/GRH_17066.asset","Assets/AOMigrator/MapVisualV063/Textures/tex_5041.png",".png",1,1,1,1,1,"","Transición: Layer2 100%, cobertura 65%, edge 0.54"
"OK",7734,"GRH 7734 (tex_5095.png)",459,1,484,"Water","Water",1.000,1,"Assets/AOMigrator/MapVisualV063/Generated/Sprites/GRH_7734.asset","Assets/Resources/AOMigrator/WorldV07/Textures/tex_5095.png",".png",1,1,1,1,1,"","Predominio azul 1.00, sat 0.31"
"OK",7722,"GRH 7722 (tex_5095.png)",451,1,476,"Water","Water",1.000,1,"Assets/AOMigrator/MapVisualV063/Generated/Sprites/GRH_7722.asset","Assets/Resources/AOMigrator/WorldV07/Textures/tex_5095.png",".png",1,1,1,1,1,"","Predominio azul 1.00, sat 0.31"
"OK",7732,"GRH 7732 (tex_5095.png)",445,1,470,"Water","Water",1.000,1,"Assets/AOMigrator/MapVisualV063/Generated/Sprites/GRH_7732.asset","Assets/Resources/AOMigrator/WorldV07/Textures/tex_5095.png",".png",1,1,1,1,1,"","Predominio azul 1.00, sat 0.32"
"OK",7720,"GRH 7720 (tex_5095.png)",440,1,465,"Water","Water",1.000,1,"Assets/AOMigrator/MapVisualV063/Generated/Sprites/GRH_7720.asset","Assets/Resources/AOMigrator/WorldV07/Textures/tex_5095.png",".png",1,1,1,1,1,"","Predominio azul 1.00, sat 0.31"
"OK",7735,"GRH 7735 (tex_5095.png)",438,1,463,"Water","Water",1.000,1,"Assets/AOMigrator/MapVisualV063/Generated/Sprites/GRH_7735.asset","Assets/Resources/AOMigrator/WorldV07/Textures/tex_5095.png",".png",1,1,1,1,1,"","Predominio azul 1.00, sat 0.32"
"OK",7723,"GRH 7723 (tex_5095.png)",433,1,458,"Water","Water",1.000,1,"Assets/AOMigrator/MapVisualV063/Generated/Sprites/GRH_7723.asset","Assets/Resources/AOMigrator/WorldV07/Textures/tex_5095.png",".png",1,1,1,1,1,"","Predominio azul 1.00, sat 0.32"
"OK",7725,"GRH 7725 (tex_5095.png)",424,1,449,"Water","Water",1.000,1,"Assets/AOMigrator/MapVisualV063/Generated/Sprites/GRH_7725.asset","Assets/Resources/AOMigrator/WorldV07/Textures/tex_5095.png",".png",1,1,1,1,1,"","Predominio azul 1.00, sat 0.32"
"OK",7730,"GRH 7730 (tex_5095.png)",413,1,438,"Water","Water",1.000,1,"Assets/AOMigrator/MapVisualV063/Generated/Sprites/GRH_7730.asset","Assets/Resources/AOMigrator/WorldV07/Textures/tex_5095.png",".png",1,1,1,1,1,"","Predominio azul 1.00, sat 0.31"
"OK",7728,"GRH 7728 (tex_5095.png)",397,1,422,"Water","Water",1.000,1,"Assets/AOMigrator/MapVisualV063/Generated/Sprites/GRH_7728.asset","Assets/Resources/AOMigrator/WorldV07/Textures/tex_5095.png",".png",1,1,1,1,1,"","Predominio azul 1.00, sat 0.31"
"OK",7731,"GRH 7731 (tex_5095.png)",393,1,418,"Water","Water",1.000,1,"Assets/AOMigrator/MapVisualV063/Generated/Sprites/GRH_7731.asset","Assets/Resources/AOMigrator/WorldV07/Textures/tex_5095.png",".png",1,1,1,1,1,"","Predominio azul 1.00, sat 0.32"
"OK",60936,"GRH 60936 (tex_5087.png)",139,10,389,"Dirt","Dirt",1.000,1,"Assets/AOMigrator/MapVisualV063/Generated/Sprites/GRH_60936.asset","Assets/AOMigrator/MapVisualV063/Textures/tex_5087.png",".png",1,1,1,1,1,"","Predominio marrón 1.00, sat 0.55"
"OK",1515,"GRH 1515 (tex_20.png)",236,6,386,"Water","Water",1.000,1,"Assets/AOMigrator/MapVisualV063/Generated/Sprites/GRH_1515.asset","Assets/AOMigrator/MapVisualV063/Textures/tex_20.png",".png",1,1,1,1,1,"","Predominio azul 1.00, sat 0.80"
"OK",7726,"GRH 7726 (tex_5095.png)",359,1,384,"Water","Water",1.000,1,"Assets/AOMigrator/MapVisualV063/Generated/Sprites/GRH_7726.asset","Assets/Resources/AOMigrator/WorldV07/Textures/tex_5095.png",".png",1,1,1,1,1,"","Predominio azul 1.00, sat 0.32"
"OK",60933,"GRH 60933 (tex_5087.png)",134,10,384,"Dirt","Dirt",1.000,1,"Assets/AOMigrator/MapVisualV063/Generated/Sprites/GRH_60933.asset","Assets/AOMigrator/MapVisualV063/Textures/tex_5087.png",".png",1,1,1,1,1,"","Predominio marrón 1.00, sat 0.54"
"OK",60937,"GRH 60937 (tex_5087.png)",134,10,384,"Dirt","Dirt",1.000,1,"Assets/AOMigrator/MapVisualV063/Generated/Sprites/GRH_60937.asset","Assets/AOMigrator/MapVisualV063/Textures/tex_5087.png",".png",1,1,1,1,1,"","Predominio marrón 1.00, sat 0.54"
"OK",17047,"GRH 17047 (tex_5041.png)",108,11,383,"Transition","Transition",0.939,1,"Assets/AOMigrator/MapVisualV063/Generated/Sprites/GRH_17047.asset","Assets/AOMigrator/MapVisualV063/Textures/tex_5041.png",".png",1,1,1,1,1,"","Transición: Layer2 100%, cobertura 23%, edge 0.57"
"OK",60924,"GRH 60924 (tex_5087.png)",132,10,382,"Dirt","Dirt",1.000,1,"Assets/AOMigrator/MapVisualV063/Generated/Sprites/GRH_60924.asset","Assets/AOMigrator/MapVisualV063/Textures/tex_5087.png",".png",1,1,1,1,1,"","Predominio marrón 1.00, sat 0.56"
"OK",60925,"GRH 60925 (tex_5087.png)",132,10,382,"Dirt","Dirt",1.000,1,"Assets/AOMigrator/MapVisualV063/Generated/Sprites/GRH_60925.asset","Assets/AOMigrator/MapVisualV063/Textures/tex_5087.png",".png",1,1,1,1,1,"","Predominio marrón 1.00, sat 0.56"
"OK",1516,"GRH 1516 (tex_20.png)",230,6,380,"Water","Water",1.000,1,"Assets/AOMigrator/MapVisualV063/Generated/Sprites/GRH_1516.asset","Assets/AOMigrator/MapVisualV063/Textures/tex_20.png",".png",1,1,1,1,1,"","Predominio azul 1.00, sat 0.80"
"OK",1514,"GRH 1514 (tex_20.png)",225,6,375,"Water","Water",1.000,1,"Assets/AOMigrator/MapVisualV063/Generated/Sprites/GRH_1514.asset","Assets/AOMigrator/MapVisualV063/Textures/tex_20.png",".png",1,1,1,1,1,"","Predominio azul 1.00, sat 0.81"
"OK",17051,"GRH 17051 (tex_5041.png)",49,13,374,"Transition","Transition",0.948,1,"Assets/AOMigrator/MapVisualV063/Generated/Sprites/GRH_17051.asset","Assets/AOMigrator/MapVisualV063/Textures/tex_5041.png",".png",1,1,1,1,1,"","Transición: Layer2 100%, cobertura 18%, edge 0.29"
"OK",7724,"GRH 7724 (tex_5095.png)",348,1,373,"Water","Water",1.000,1,"Assets/AOMigrator/MapVisualV063/Generated/Sprites/GRH_7724.asset","Assets/Resources/AOMigrator/WorldV07/Textures/tex_5095.png",".png",1,1,1,1,1,"","Predominio azul 1.00, sat 0.32"
"OK",1507,"GRH 1507 (tex_20.png)",222,6,372,"Water","Water",1.000,1,"Assets/AOMigrator/MapVisualV063/Generated/Sprites/GRH_1507.asset","Assets/AOMigrator/MapVisualV063/Textures/tex_20.png",".png",1,1,1,1,1,"","Predominio azul 1.00, sat 0.80"
"OK",1519,"GRH 1519 (tex_20.png)",220,6,370,"Water","Water",1.000,1,"Assets/AOMigrator/MapVisualV063/Generated/Sprites/GRH_1519.asset","Assets/AOMigrator/MapVisualV063/Textures/tex_20.png",".png",1,1,1,1,1,"","Predominio azul 1.00, sat 0.80"
"OK",7727,"GRH 7727 (tex_5095.png)",344,1,369,"Water","Water",1.000,1,"Assets/AOMigrator/MapVisualV063/Generated/Sprites/GRH_7727.asset","Assets/Resources/AOMigrator/WorldV07/Textures/tex_5095.png",".png",1,1,1,1,1,"","Predominio azul 1.00, sat 0.32"
"OK",1520,"GRH 1520 (tex_20.png)",217,6,367,"Water","Water",1.000,1,"Assets/AOMigrator/MapVisualV063/Generated/Sprites/GRH_1520.asset","Assets/AOMigrator/MapVisualV063/Textures/tex_20.png",".png",1,1,1,1,1,"","Predominio azul 1.00, sat 0.79"
"OK",7704,"GRH 7704 (tex_6021.png)",240,5,365,"Dirt","Dirt",1.000,1,"Assets/AOMigrator/MapVisualV063/Generated/Sprites/GRH_7704.asset","Assets/Resources/AOMigrator/WorldV07/Textures/tex_6021.png",".png",1,1,1,1,1,"","Predominio marrón 0.62, sat 0.41"
"OK",7705,"GRH 7705 (tex_6021.png)",240,5,365,"Dirt","Dirt",1.000,1,"Assets/AOMigrator/MapVisualV063/Generated/Sprites/GRH_7705.asset","Assets/Resources/AOMigrator/WorldV07/Textures/tex_6021.png",".png",1,1,1,1,1,"","Predominio marrón 0.54, sat 0.41"
"OK",7708,"GRH 7708 (tex_6021.png)",240,5,365,"Dirt","Dirt",0.830,1,"Assets/AOMigrator/MapVisualV063/Generated/Sprites/GRH_7708.asset","Assets/Resources/AOMigrator/WorldV07/Textures/tex_6021.png",".png",1,1,1,1,1,"","Predominio marrón 0.33, sat 0.41"
"OK",7709,"GRH 7709 (tex_6021.png)",240,5,365,"Dirt","Dirt",0.811,1,"Assets/AOMigrator/MapVisualV063/Generated/Sprites/GRH_7709.asset","Assets/Resources/AOMigrator/WorldV07/Textures/tex_6021.png",".png",1,1,1,1,1,"","Predominio marrón 0.31, sat 0.40"
"OK",7712,"GRH 7712 (tex_6021.png)",240,5,365,"Dirt","Dirt",0.826,1,"Assets/AOMigrator/MapVisualV063/Generated/Sprites/GRH_7712.asset","Assets/Resources/AOMigrator/WorldV07/Textures/tex_6021.png",".png",1,1,1,1,1,"","Predominio marrón 0.33, sat 0.41"
"OK",7713,"GRH 7713 (tex_6021.png)",240,5,365,"Dirt","Dirt",0.940,1,"Assets/AOMigrator/MapVisualV063/Generated/Sprites/GRH_7713.asset","Assets/Resources/AOMigrator/WorldV07/Textures/tex_6021.png",".png",1,1,1,1,1,"","Predominio marrón 0.46, sat 0.42"
"OK",60928,"GRH 60928 (tex_5087.png)",139,9,364,"Dirt","Dirt",1.000,1,"Assets/AOMigrator/MapVisualV063/Generated/Sprites/GRH_60928.asset","Assets/AOMigrator/MapVisualV063/Textures/tex_5087.png",".png",1,1,1,1,1,"","Predominio marrón 0.99, sat 0.55"
"OK",1518,"GRH 1518 (tex_20.png)",211,6,361,"Water","Water",1.000,1,"Assets/AOMigrator/MapVisualV063/Generated/Sprites/GRH_1518.asset","Assets/AOMigrator/MapVisualV063/Textures/tex_20.png",".png",1,1,1,1,1,"","Predominio azul 1.00, sat 0.79"
"OK",1508,"GRH 1508 (tex_20.png)",210,6,360,"Water","Water",1.000,1,"Assets/AOMigrator/MapVisualV063/Generated/Sprites/GRH_1508.asset","Assets/AOMigrator/MapVisualV063/Textures/tex_20.png",".png",1,1,1,1,1,"","Predominio azul 1.00, sat 0.79"
"OK",60932,"GRH 60932 (tex_5087.png)",135,9,360,"Dirt","Dirt",1.000,1,"Assets/AOMigrator/MapVisualV063/Generated/Sprites/GRH_60932.asset","Assets/AOMigrator/MapVisualV063/Textures/tex_5087.png",".png",1,1,1,1,1,"","Predominio marrón 1.00, sat 0.54"
"OK",1513,"GRH 1513 (tex_20.png)",203,6,353,"Water","Water",1.000,1,"Assets/AOMigrator/MapVisualV063/Generated/Sprites/GRH_1513.asset","Assets/AOMigrator/MapVisualV063/Textures/tex_20.png",".png",1,1,1,1,1,"","Predominio azul 1.00, sat 0.79"
"OK",16137,"GRH 16137 (tex_5065.png)",100,10,350,"Transition","Transition",0.925,1,"Assets/AOMigrator/MapVisualV063/Generated/Sprites/GRH_16137.asset","Assets/AOMigrator/MapVisualV063/Textures/tex_5065.png",".png",1,1,1,1,1,"","Transición: Layer2 100%, cobertura 31%, edge 0.58"
"OK",6411,"GRH 6411 (tex_6215.png)",46,12,346,"Dirt","Dirt",1.000,1,"Assets/AOMigrator/MapVisualV063/Generated/Sprites/GRH_6411.asset","Assets/AOMigrator/MapVisualV063/Textures/tex_6215.png",".png",1,1,1,1,1,"","Predominio marrón 0.91, sat 0.47"
"OK",6406,"GRH 6406 (tex_6215.png)",45,12,345,"Grass","Grass",1.000,1,"Assets/AOMigrator/MapVisualV063/Generated/Sprites/GRH_6406.asset","Assets/AOMigrator/MapVisualV063/Textures/tex_6215.png",".png",1,1,1,1,1,"","Predominio verde 0.47, sat 0.61"
"OK",6407,"GRH 6407 (tex_6215.png)",45,12,345,"Dirt","Dirt",1.000,1,"Assets/AOMigrator/MapVisualV063/Generated/Sprites/GRH_6407.asset","Assets/AOMigrator/MapVisualV063/Textures/tex_6215.png",".png",1,1,1,1,1,"","Predominio marrón 0.85, sat 0.52"
"OK",6409,"GRH 6409 (tex_6215.png)",43,12,343,"Grass","Grass",1.000,1,"Assets/AOMigrator/MapVisualV063/Generated/Sprites/GRH_6409.asset","Assets/AOMigrator/MapVisualV063/Textures/tex_6215.png",".png",1,1,1,1,1,"","Predominio verde 0.49, sat 0.61"
"OK",6410,"GRH 6410 (tex_6215.png)",43,12,343,"Dirt","Dirt",1.000,1,"Assets/AOMigrator/MapVisualV063/Generated/Sprites/GRH_6410.asset","Assets/AOMigrator/MapVisualV063/Textures/tex_6215.png",".png",1,1,1,1,1,"","Predominio marrón 0.99, sat 0.45"
"OK",6413,"GRH 6413 (tex_6215.png)",43,12,343,"Dirt","Dirt",1.000,1,"Assets/AOMigrator/MapVisualV063/Generated/Sprites/GRH_6413.asset","Assets/AOMigrator/MapVisualV063/Textures/tex_6215.png",".png",1,1,1,1,1,"","Predominio marrón 0.83, sat 0.51"
"OK",6414,"GRH 6414 (tex_6215.png)",43,12,343,"Dirt","Dirt",1.000,1,"Assets/AOMigrator/MapVisualV063/Generated/Sprites/GRH_6414.asset","Assets/AOMigrator/MapVisualV063/Textures/tex_6215.png",".png",1,1,1,1,1,"","Predominio marrón 0.97, sat 0.45"
"OK",6415,"GRH 6415 (tex_6215.png)",43,12,343,"Grass","Grass",1.000,1,"Assets/AOMigrator/MapVisualV063/Generated/Sprites/GRH_6415.asset","Assets/AOMigrator/MapVisualV063/Textures/tex_6215.png",".png",1,1,1,1,1,"","Predominio verde 0.70, sat 0.68"
"OK",60930,"GRH 60930 (tex_5087.png)",142,8,342,"Dirt","Dirt",1.000,1,"Assets/AOMigrator/MapVisualV063/Generated/Sprites/GRH_60930.asset","Assets/AOMigrator/MapVisualV063/Textures/tex_5087.png",".png",1,1,1,1,1,"","Predominio marrón 0.99, sat 0.55"
"OK",1505,"GRH 1505 (tex_20.png)",191,6,341,"Water","Water",1.000,1,"Assets/AOMigrator/MapVisualV063/Generated/Sprites/GRH_1505.asset","Assets/AOMigrator/MapVisualV063/Textures/tex_20.png",".png",1,1,1,1,1,"","Predominio azul 1.00, sat 0.81"
"OK",60926,"GRH 60926 (tex_5087.png)",140,8,340,"Dirt","Dirt",1.000,1,"Assets/AOMigrator/MapVisualV063/Generated/Sprites/GRH_60926.asset","Assets/AOMigrator/MapVisualV063/Textures/tex_5087.png",".png",1,1,1,1,1,"","Predominio marrón 0.99, sat 0.55"
"OK",60934,"GRH 60934 (tex_5087.png)",140,8,340,"Dirt","Dirt",1.000,1,"Assets/AOMigrator/MapVisualV063/Generated/Sprites/GRH_60934.asset","Assets/AOMigrator/MapVisualV063/Textures/tex_5087.png",".png",1,1,1,1,1,"","Predominio marrón 1.00, sat 0.56"
"OK",60938,"GRH 60938 (tex_5087.png)",140,8,340,"Dirt","Dirt",1.000,1,"Assets/AOMigrator/MapVisualV063/Generated/Sprites/GRH_60938.asset","Assets/AOMigrator/MapVisualV063/Textures/tex_5087.png",".png",1,1,1,1,1,"","Predominio marrón 0.99, sat 0.54"
"OK",6043,"GRH 6043 (tex_6000.png)",39,12,339,"Grass","Grass",1.000,1,"Assets/AOMigrator/MapVisualV063/Generated/Sprites/GRH_6043.asset","Assets/AOMigrator/MapVisualV063/Textures/tex_6000.png",".png",1,1,1,1,1,"","Predominio verde 0.57, sat 0.69"
"OK",60927,"GRH 60927 (tex_5087.png)",138,8,338,"Dirt","Dirt",1.000,1,"Assets/AOMigrator/MapVisualV063/Generated/Sprites/GRH_60927.asset","Assets/AOMigrator/MapVisualV063/Textures/tex_5087.png",".png",1,1,1,1,1,"","Predominio marrón 0.99, sat 0.55"
"OK",1517,"GRH 1517 (tex_20.png)",187,6,337,"Water","Water",1.000,1,"Assets/AOMigrator/MapVisualV063/Generated/Sprites/GRH_1517.asset","Assets/AOMigrator/MapVisualV063/Textures/tex_20.png",".png",1,1,1,1,1,"","Predominio azul 1.00, sat 0.79"
"OK",1512,"GRH 1512 (tex_20.png)",235,4,335,"Water","Water",1.000,1,"Assets/AOMigrator/MapVisualV063/Generated/Sprites/GRH_1512.asset","Assets/AOMigrator/MapVisualV063/Textures/tex_20.png",".png",1,1,1,1,1,"","Predominio azul 1.00, sat 0.80"
"OK",1511,"GRH 1511 (tex_20.png)",233,4,333,"Water","Water",1.000,1,"Assets/AOMigrator/MapVisualV063/Generated/Sprites/GRH_1511.asset","Assets/AOMigrator/MapVisualV063/Textures/tex_20.png",".png",1,1,1,1,1,"","Predominio azul 1.00, sat 0.81"
"OK",60929,"GRH 60929 (tex_5087.png)",133,8,333,"Dirt","Dirt",1.000,1,"Assets/AOMigrator/MapVisualV063/Generated/Sprites/GRH_60929.asset","Assets/AOMigrator/MapVisualV063/Textures/tex_5087.png",".png",1,1,1,1,1,"","Predominio marrón 1.00, sat 0.53"
"OK",6059,"GRH 6059 (tex_6000.png)",54,11,329,"Grass","Grass",1.000,1,"Assets/AOMigrator/MapVisualV063/Generated/Sprites/GRH_6059.asset","Assets/AOMigrator/MapVisualV063/Textures/tex_6000.png",".png",1,1,1,1,1,"","Predominio verde 0.79, sat 0.70"
"OK",1510,"GRH 1510 (tex_20.png)",227,4,327,"Water","Water",1.000,1,"Assets/AOMigrator/MapVisualV063/Generated/Sprites/GRH_1510.asset","Assets/AOMigrator/MapVisualV063/Textures/tex_20.png",".png",1,1,1,1,1,"","Predominio azul 1.00, sat 0.81"
"OK",6403,"GRH 6403 (tex_6215.png)",49,11,324,"Grass","Grass",1.000,1,"Assets/AOMigrator/MapVisualV063/Generated/Sprites/GRH_6403.asset","Assets/AOMigrator/MapVisualV063/Textures/tex_6215.png",".png",1,1,1,1,1,"","Predominio verde 0.93, sat 0.73"
"OK",6058,"GRH 6058 (tex_6000.png)",47,11,322,"Grass","Grass",0.991,1,"Assets/AOMigrator/MapVisualV063/Generated/Sprites/GRH_6058.asset","Assets/AOMigrator/MapVisualV063/Textures/tex_6000.png",".png",1,1,1,1,1,"","Predominio verde 0.41, sat 0.68"
"OK",6448,"GRH 6448 (tex_6215.png)",47,11,322,"Grass","Grass",1.000,1,"Assets/AOMigrator/MapVisualV063/Generated/Sprites/GRH_6448.asset","Assets/AOMigrator/MapVisualV063/Textures/tex_6215.png",".png",1,1,1,1,1,"","Predominio verde 0.68, sat 0.68"
"OK",6449,"GRH 6449 (tex_6215.png)",47,11,322,"Dirt","Dirt",1.000,1,"Assets/AOMigrator/MapVisualV063/Generated/Sprites/GRH_6449.asset","Assets/AOMigrator/MapVisualV063/Textures/tex_6215.png",".png",1,1,1,1,1,"","Predominio marrón 0.90, sat 0.50"
"OK",6450,"GRH 6450 (tex_6215.png)",47,11,322,"Dirt","Dirt",1.000,1,"Assets/AOMigrator/MapVisualV063/Generated/Sprites/GRH_6450.asset","Assets/AOMigrator/MapVisualV063/Textures/tex_6215.png",".png",1,1,1,1,1,"","Predominio marrón 0.93, sat 0.48"
"OK",6451,"GRH 6451 (tex_6215.png)",47,11,322,"Grass","Grass",1.000,1,"Assets/AOMigrator/MapVisualV063/Generated/Sprites/GRH_6451.asset","Assets/AOMigrator/MapVisualV063/Textures/tex_6215.png",".png",1,1,1,1,1,"","Predominio verde 0.93, sat 0.73"
"OK",2933,"GRH 2933 (tex_5065.png)",70,10,320,"Transition","Transition",0.916,1,"Assets/AOMigrator/MapVisualV063/Generated/Sprites/GRH_2933.asset","Assets/AOMigrator/MapVisualV063/Textures/tex_5065.png",".png",1,1,1,1,1,"","Transición: Layer2 100%, cobertura 36%, edge 0.40"
"OK",6063,"GRH 6063 (tex_6000.png)",45,11,320,"Grass","Grass",1.000,1,"Assets/AOMigrator/MapVisualV063/Generated/Sprites/GRH_6063.asset","Assets/AOMigrator/MapVisualV063/Textures/tex_6000.png",".png",1,1,1,1,1,"","Predominio verde 0.92, sat 0.70"
"OK",6401,"GRH 6401 (tex_6215.png)",45,11,320,"Grass","Grass",1.000,1,"Assets/AOMigrator/MapVisualV063/Generated/Sprites/GRH_6401.asset","Assets/AOMigrator/MapVisualV063/Textures/tex_6215.png",".png",1,1,1,1,1,"","Predominio verde 0.78, sat 0.70"
"OK",6402,"GRH 6402 (tex_6215.png)",45,11,320,"Grass","Grass",1.000,1,"Assets/AOMigrator/MapVisualV063/Generated/Sprites/GRH_6402.asset","Assets/AOMigrator/MapVisualV063/Textures/tex_6215.png",".png",1,1,1,1,1,"","Predominio verde 0.88, sat 0.72"
"OK",6405,"GRH 6405 (tex_6215.png)",44,11,319,"Grass","Grass",1.000,1,"Assets/AOMigrator/MapVisualV063/Generated/Sprites/GRH_6405.asset","Assets/AOMigrator/MapVisualV063/Textures/tex_6215.png",".png",1,1,1,1,1,"","Predominio verde 0.73, sat 0.69"
"OK",6404,"GRH 6404 (tex_6215.png)",43,11,318,"Grass","Grass",1.000,1,"Assets/AOMigrator/MapVisualV063/Generated/Sprites/GRH_6404.asset","Assets/AOMigrator/MapVisualV063/Textures/tex_6215.png",".png",1,1,1,1,1,"","Predominio verde 0.80, sat 0.69"
"OK",6452,"GRH 6452 (tex_6215.png)",43,11,318,"Dirt","Dirt",1.000,1,"Assets/AOMigrator/MapVisualV063/Generated/Sprites/GRH_6452.asset","Assets/AOMigrator/MapVisualV063/Textures/tex_6215.png",".png",1,1,1,1,1,"","Predominio marrón 0.90, sat 0.49"
"OK",6453,"GRH 6453 (tex_6215.png)",43,11,318,"Dirt","Dirt",1.000,1,"Assets/AOMigrator/MapVisualV063/Generated/Sprites/GRH_6453.asset","Assets/AOMigrator/MapVisualV063/Textures/tex_6215.png",".png",1,1,1,1,1,"","Predominio marrón 1.00, sat 0.44"
"OK",6454,"GRH 6454 (tex_6215.png)",43,11,318,"Grass","Grass",0.884,1,"Assets/AOMigrator/MapVisualV063/Generated/Sprites/GRH_6454.asset","Assets/AOMigrator/MapVisualV063/Textures/tex_6215.png",".png",1,1,1,1,1,"","Predominio verde 0.29, sat 0.55"
"OK",6456,"GRH 6456 (tex_6215.png)",43,11,318,"Dirt","Dirt",1.000,1,"Assets/AOMigrator/MapVisualV063/Generated/Sprites/GRH_6456.asset","Assets/AOMigrator/MapVisualV063/Textures/tex_6215.png",".png",1,1,1,1,1,"","Predominio marrón 0.89, sat 0.49"
"OK",6457,"GRH 6457 (tex_6215.png)",43,11,318,"Grass","Grass",1.000,1,"Assets/AOMigrator/MapVisualV063/Generated/Sprites/GRH_6457.asset","Assets/AOMigrator/MapVisualV063/Textures/tex_6215.png",".png",1,1,1,1,1,"","Predominio verde 0.43, sat 0.58"
"OK",6458,"GRH 6458 (tex_6215.png)",43,11,318,"Grass","Grass",1.000,1,"Assets/AOMigrator/MapVisualV063/Generated/Sprites/GRH_6458.asset","Assets/AOMigrator/MapVisualV063/Textures/tex_6215.png",".png",1,1,1,1,1,"","Predominio verde 0.88, sat 0.72"
"OK",6042,"GRH 6042 (tex_6000.png)",41,11,316,"Dirt","Dirt",1.000,1,"Assets/AOMigrator/MapVisualV063/Generated/Sprites/GRH_6042.asset","Assets/AOMigrator/MapVisualV063/Textures/tex_6000.png",".png",1,1,1,1,1,"","Predominio marrón 0.88, sat 0.67"
"OK",6408,"GRH 6408 (tex_6215.png)",41,11,316,"Grass","Grass",1.000,1,"Assets/AOMigrator/MapVisualV063/Generated/Sprites/GRH_6408.asset","Assets/AOMigrator/MapVisualV063/Textures/tex_6215.png",".png",1,1,1,1,1,"","Predominio verde 0.91, sat 0.73"
"OK",6040,"GRH 6040 (tex_6000.png)",40,11,315,"Grass","Grass",1.000,1,"Assets/AOMigrator/MapVisualV063/Generated/Sprites/GRH_6040.asset","Assets/AOMigrator/MapVisualV063/Textures/tex_6000.png",".png",1,1,1,1,1,"","Predominio verde 0.88, sat 0.69"
"OK",6455,"GRH 6455 (tex_6215.png)",40,11,315,"Grass","Grass",1.000,1,"Assets/AOMigrator/MapVisualV063/Generated/Sprites/GRH_6455.asset","Assets/AOMigrator/MapVisualV063/Textures/tex_6215.png",".png",1,1,1,1,1,"","Predominio verde 0.92, sat 0.73"
"OK",6041,"GRH 6041 (tex_6000.png)",39,11,314,"Grass","Grass",1.000,1,"Assets/AOMigrator/MapVisualV063/Generated/Sprites/GRH_6041.asset","Assets/AOMigrator/MapVisualV063/Textures/tex_6000.png",".png",1,1,1,1,1,"","Predominio verde 0.44, sat 0.68"
"OK",6062,"GRH 6062 (tex_6000.png)",39,11,314,"Grass","Grass",1.000,1,"Assets/AOMigrator/MapVisualV063/Generated/Sprites/GRH_6062.asset","Assets/AOMigrator/MapVisualV063/Textures/tex_6000.png",".png",1,1,1,1,1,"","Predominio verde 0.90, sat 0.70"
"OK",6459,"GRH 6459 (tex_6215.png)",39,11,314,"Grass","Grass",1.000,1,"Assets/AOMigrator/MapVisualV063/Generated/Sprites/GRH_6459.asset","Assets/AOMigrator/MapVisualV063/Textures/tex_6215.png",".png",1,1,1,1,1,"","Predominio verde 0.85, sat 0.73"
"OK",61131,"GRH 61131 (tex_5087.png)",37,11,312,"Grass","Grass",1.000,1,"Assets/AOMigrator/MapVisualV063/Generated/Sprites/GRH_61131.asset","Assets/AOMigrator/MapVisualV063/Textures/tex_5087.png",".png",1,1,1,1,1,"","Predominio verde 0.90, sat 0.69"
"OK",61587,"GRH 61587 (tex_5087.png)",37,11,312,"Grass","Grass",1.000,1,"Assets/AOMigrator/MapVisualV063/Generated/Sprites/GRH_61587.asset","Assets/AOMigrator/MapVisualV063/Textures/tex_5087.png",".png",1,1,1,1,1,"","Predominio verde 0.92, sat 0.69"
"OK",61591,"GRH 61591 (tex_5087.png)",37,11,312,"Grass","Grass",0.960,1,"Assets/AOMigrator/MapVisualV063/Generated/Sprites/GRH_61591.asset","Assets/AOMigrator/MapVisualV063/Textures/tex_5087.png",".png",1,1,1,1,1,"","Predominio verde 0.38, sat 0.60"
"OK",61595,"GRH 61595 (tex_5087.png)",37,11,312,"Grass","Grass",1.000,1,"Assets/AOMigrator/MapVisualV063/Generated/Sprites/GRH_61595.asset","Assets/AOMigrator/MapVisualV063/Textures/tex_5087.png",".png",1,1,1,1,1,"","Predominio verde 0.45, sat 0.60"
"OK",6035,"GRH 6035 (tex_6000.png)",36,11,311,"Grass","Grass",1.000,1,"Assets/AOMigrator/MapVisualV063/Generated/Sprites/GRH_6035.asset","Assets/AOMigrator/MapVisualV063/Textures/tex_6000.png",".png",1,1,1,1,1,"","Predominio verde 0.84, sat 0.69"
"OK",6047,"GRH 6047 (tex_6000.png)",36,11,311,"Grass","Grass",1.000,1,"Assets/AOMigrator/MapVisualV063/Generated/Sprites/GRH_6047.asset","Assets/AOMigrator/MapVisualV063/Textures/tex_6000.png",".png",1,1,1,1,1,"","Predominio verde 0.69, sat 0.69"
"OK",61119,"GRH 61119 (tex_5087.png)",36,11,311,"Grass","Grass",1.000,1,"Assets/AOMigrator/MapVisualV063/Generated/Sprites/GRH_61119.asset","Assets/AOMigrator/MapVisualV063/Textures/tex_5087.png",".png",1,1,1,1,1,"","Predominio verde 0.52, sat 0.62"
"OK",61123,"GRH 61123 (tex_5087.png)",36,11,311,"Grass","Grass",1.000,1,"Assets/AOMigrator/MapVisualV063/Generated/Sprites/GRH_61123.asset","Assets/AOMigrator/MapVisualV063/Textures/tex_5087.png",".png",1,1,1,1,1,"","Predominio verde 0.81, sat 0.65"
"OK",61127,"GRH 61127 (tex_5087.png)",36,11,311,"Grass","Grass",1.000,1,"Assets/AOMigrator/MapVisualV063/Generated/Sprites/GRH_61127.asset","Assets/AOMigrator/MapVisualV063/Textures/tex_5087.png",".png",1,1,1,1,1,"","Predominio verde 0.80, sat 0.69"
"OK",61130,"GRH 61130 (tex_5087.png)",36,11,311,"Grass","Grass",1.000,1,"Assets/AOMigrator/MapVisualV063/Generated/Sprites/GRH_61130.asset","Assets/AOMigrator/MapVisualV063/Textures/tex_5087.png",".png",1,1,1,1,1,"","Predominio verde 0.87, sat 0.69"
"OK",61585,"GRH 61585 (tex_5087.png)",36,11,311,"Grass","Grass",1.000,1,"Assets/AOMigrator/MapVisualV063/Generated/Sprites/GRH_61585.asset","Assets/AOMigrator/MapVisualV063/Textures/tex_5087.png",".png",1,1,1,1,1,"","Predominio verde 0.84, sat 0.68"
"OK",61586,"GRH 61586 (tex_5087.png)",36,11,311,"Grass","Grass",1.000,1,"Assets/AOMigrator/MapVisualV063/Generated/Sprites/GRH_61586.asset","Assets/AOMigrator/MapVisualV063/Textures/tex_5087.png",".png",1,1,1,1,1,"","Predominio verde 0.88, sat 0.68"
"OK",61589,"GRH 61589 (tex_5087.png)",36,11,311,"Grass","Grass",1.000,1,"Assets/AOMigrator/MapVisualV063/Generated/Sprites/GRH_61589.asset","Assets/AOMigrator/MapVisualV063/Textures/tex_5087.png",".png",1,1,1,1,1,"","Predominio verde 0.86, sat 0.68"
"OK",61590,"GRH 61590 (tex_5087.png)",36,11,311,"Grass","Grass",1.000,1,"Assets/AOMigrator/MapVisualV063/Generated/Sprites/GRH_61590.asset","Assets/AOMigrator/MapVisualV063/Textures/tex_5087.png",".png",1,1,1,1,1,"","Predominio verde 0.74, sat 0.66"
"OK",61594,"GRH 61594 (tex_5087.png)",36,11,311,"Grass","Grass",1.000,1,"Assets/AOMigrator/MapVisualV063/Generated/Sprites/GRH_61594.asset","Assets/AOMigrator/MapVisualV063/Textures/tex_5087.png",".png",1,1,1,1,1,"","Predominio verde 0.44, sat 0.60"
"OK",1509,"GRH 1509 (tex_20.png)",210,4,310,"Water","Water",1.000,1,"Assets/AOMigrator/MapVisualV063/Generated/Sprites/GRH_1509.asset","Assets/AOMigrator/MapVisualV063/Textures/tex_20.png",".png",1,1,1,1,1,"","Predominio azul 1.00, sat 0.80"
"OK",6039,"GRH 6039 (tex_6000.png)",35,11,310,"Grass","Grass",1.000,1,"Assets/AOMigrator/MapVisualV063/Generated/Sprites/GRH_6039.asset","Assets/AOMigrator/MapVisualV063/Textures/tex_6000.png",".png",1,1,1,1,1,"","Predominio verde 0.68, sat 0.69"
"OK",61118,"GRH 61118 (tex_5087.png)",35,11,310,"Grass","Grass",1.000,1,"Assets/AOMigrator/MapVisualV063/Generated/Sprites/GRH_61118.asset","Assets/AOMigrator/MapVisualV063/Textures/tex_5087.png",".png",1,1,1,1,1,"","Predominio verde 0.49, sat 0.62"
"OK",61122,"GRH 61122 (tex_5087.png)",35,11,310,"Grass","Grass",1.000,1,"Assets/AOMigrator/MapVisualV063/Generated/Sprites/GRH_61122.asset","Assets/AOMigrator/MapVisualV063/Textures/tex_5087.png",".png",1,1,1,1,1,"","Predominio verde 0.81, sat 0.66"
"OK",61126,"GRH 61126 (tex_5087.png)",35,11,310,"Grass","Grass",1.000,1,"Assets/AOMigrator/MapVisualV063/Generated/Sprites/GRH_61126.asset","Assets/AOMigrator/MapVisualV063/Textures/tex_5087.png",".png",1,1,1,1,1,"","Predominio verde 0.83, sat 0.69"
"OK",61593,"GRH 61593 (tex_5087.png)",35,11,310,"Grass","Grass",1.000,1,"Assets/AOMigrator/MapVisualV063/Generated/Sprites/GRH_61593.asset","Assets/AOMigrator/MapVisualV063/Textures/tex_5087.png",".png",1,1,1,1,1,"","Predominio verde 0.88, sat 0.68"
"OK",61581,"GRH 61581 (tex_5087.png)",34,11,309,"Grass","Grass",1.000,1,"Assets/AOMigrator/MapVisualV063/Generated/Sprites/GRH_61581.asset","Assets/AOMigrator/MapVisualV063/Textures/tex_5087.png",".png",1,1,1,1,1,"","Predominio verde 0.92, sat 0.69"
"OK",61582,"GRH 61582 (tex_5087.png)",34,11,309,"Grass","Grass",1.000,1,"Assets/AOMigrator/MapVisualV063/Generated/Sprites/GRH_61582.asset","Assets/AOMigrator/MapVisualV063/Textures/tex_5087.png",".png",1,1,1,1,1,"","Predominio verde 0.86, sat 0.69"
"OK",61583,"GRH 61583 (tex_5087.png)",34,11,309,"Grass","Grass",1.000,1,"Assets/AOMigrator/MapVisualV063/Generated/Sprites/GRH_61583.asset","Assets/AOMigrator/MapVisualV063/Textures/tex_5087.png",".png",1,1,1,1,1,"","Predominio verde 0.94, sat 0.69"
"OK",61584,"GRH 61584 (tex_5087.png)",34,11,309,"Grass","Grass",1.000,1,"Assets/AOMigrator/MapVisualV063/Generated/Sprites/GRH_61584.asset","Assets/AOMigrator/MapVisualV063/Textures/tex_5087.png",".png",1,1,1,1,1,"","Predominio verde 0.76, sat 0.66"
"OK",61588,"GRH 61588 (tex_5087.png)",34,11,309,"Grass","Grass",1.000,1,"Assets/AOMigrator/MapVisualV063/Generated/Sprites/GRH_61588.asset","Assets/AOMigrator/MapVisualV063/Textures/tex_5087.png",".png",1,1,1,1,1,"","Predominio verde 0.90, sat 0.68"
"OK",61592,"GRH 61592 (tex_5087.png)",33,11,308,"Grass","Grass",1.000,1,"Assets/AOMigrator/MapVisualV063/Generated/Sprites/GRH_61592.asset","Assets/AOMigrator/MapVisualV063/Textures/tex_5087.png",".png",1,1,1,1,1,"","Predominio verde 0.86, sat 0.68"
"OK",1506,"GRH 1506 (tex_20.png)",207,4,307,"Water","Water",1.000,1,"Assets/AOMigrator/MapVisualV063/Generated/Sprites/GRH_1506.asset","Assets/AOMigrator/MapVisualV063/Textures/tex_20.png",".png",1,1,1,1,1,"","Predominio azul 1.00, sat 0.80"
"OK",6055,"GRH 6055 (tex_6000.png)",56,10,306,"Grass","Grass",1.000,1,"Assets/AOMigrator/MapVisualV063/Generated/Sprites/GRH_6055.asset","Assets/AOMigrator/MapVisualV063/Textures/tex_6000.png",".png",1,1,1,1,1,"","Predominio verde 0.48, sat 0.69"
"OK",7706,"GRH 7706 (tex_6021.png)",180,5,305,"Dirt","Dirt",0.748,1,"Assets/AOMigrator/MapVisualV063/Generated/Sprites/GRH_7706.asset","Assets/Resources/AOMigrator/WorldV07/Textures/tex_6021.png",".png",1,1,1,1,1,"","Predominio marrón 0.23, sat 0.39"
"OK",7707,"GRH 7707 (tex_6021.png)",180,5,305,"Dirt","Dirt",0.880,1,"Assets/AOMigrator/MapVisualV063/Generated/Sprites/GRH_7707.asset","Assets/Resources/AOMigrator/WorldV07/Textures/tex_6021.png",".png",1,1,1,1,1,"","Predominio marrón 0.39, sat 0.40"
"OK",7710,"GRH 7710 (tex_6021.png)",180,5,305,"Dirt","Dirt",0.728,1,"Assets/AOMigrator/MapVisualV063/Generated/Sprites/GRH_7710.asset","Assets/Resources/AOMigrator/WorldV07/Textures/tex_6021.png",".png",1,1,1,1,1,"","Predominio marrón 0.21, sat 0.40"
"OK",7711,"GRH 7711 (tex_6021.png)",180,5,305,"Dirt","Dirt",0.813,1,"Assets/AOMigrator/MapVisualV063/Generated/Sprites/GRH_7711.asset","Assets/Resources/AOMigrator/WorldV07/Textures/tex_6021.png",".png",1,1,1,1,1,"","Predominio marrón 0.31, sat 0.41"
"OK",7714,"GRH 7714 (tex_6021.png)",180,5,305,"Dirt","Dirt",0.802,1,"Assets/AOMigrator/MapVisualV063/Generated/Sprites/GRH_7714.asset","Assets/Resources/AOMigrator/WorldV07/Textures/tex_6021.png",".png",1,1,1,1,1,"","Predominio marrón 0.30, sat 0.42"
"OK",7715,"GRH 7715 (tex_6021.png)",180,5,305,"Dirt","Dirt",0.850,1,"Assets/AOMigrator/MapVisualV063/Generated/Sprites/GRH_7715.asset","Assets/Resources/AOMigrator/WorldV07/Textures/tex_6021.png",".png",1,1,1,1,1,"","Predominio marrón 0.35, sat 0.41"
"OK",6054,"GRH 6054 (tex_6000.png)",54,10,304,"Dirt","Dirt",1.000,1,"Assets/AOMigrator/MapVisualV063/Generated/Sprites/GRH_6054.asset","Assets/AOMigrator/MapVisualV063/Textures/tex_6000.png",".png",1,1,1,1,1,"","Predominio marrón 0.99, sat 0.67"
"OK",6050,"GRH 6050 (tex_6000.png)",50,10,300,"Grass","Grass",0.918,1,"Assets/AOMigrator/MapVisualV063/Generated/Sprites/GRH_6050.asset","Assets/AOMigrator/MapVisualV063/Textures/tex_6000.png",".png",1,1,1,1,1,"","Predominio verde 0.33, sat 0.68"
"OK",6051,"GRH 6051 (tex_6000.png)",50,10,300,"Grass","Grass",1.000,1,"Assets/AOMigrator/MapVisualV063/Generated/Sprites/GRH_6051.asset","Assets/AOMigrator/MapVisualV063/Textures/tex_6000.png",".png",1,1,1,1,1,"","Predominio verde 0.71, sat 0.69"
"OK",6057,"GRH 6057 (tex_6000.png)",48,10,298,"Dirt","Dirt",1.000,1,"Assets/AOMigrator/MapVisualV063/Generated/Sprites/GRH_6057.asset","Assets/AOMigrator/MapVisualV063/Textures/tex_6000.png",".png",1,1,1,1,1,"","Predominio marrón 0.91, sat 0.67"
"OK",6419,"GRH 6419 (tex_6215.png)",23,11,298,"Grass","Grass",1.000,1,"Assets/AOMigrator/MapVisualV063/Generated/Sprites/GRH_6419.asset","Assets/AOMigrator/MapVisualV063/Textures/tex_6215.png",".png",1,1,1,1,1,"","Predominio verde 0.95, sat 0.73"
"OK",6400,"GRH 6400 (tex_6215.png)",45,10,295,"Grass","Grass",1.000,1,"Assets/AOMigrator/MapVisualV063/Generated/Sprites/GRH_6400.asset","Assets/AOMigrator/MapVisualV063/Textures/tex_6215.png",".png",1,1,1,1,1,"","Predominio verde 0.78, sat 0.70"
"OK",6056,"GRH 6056 (tex_6000.png)",44,10,294,"Grass","Grass",0.953,1,"Assets/AOMigrator/MapVisualV063/Generated/Sprites/GRH_6056.asset","Assets/AOMigrator/MapVisualV063/Textures/tex_6000.png",".png",1,1,1,1,1,"","Predominio verde 0.37, sat 0.68"
"OK",6423,"GRH 6423 (tex_6215.png)",19,11,294,"Grass","Grass",1.000,1,"Assets/AOMigrator/MapVisualV063/Generated/Sprites/GRH_6423.asset","Assets/AOMigrator/MapVisualV063/Textures/tex_6215.png",".png",1,1,1,1,1,"","Predominio verde 0.93, sat 0.72"
"OK",61113,"GRH 61113 (tex_5087.png)",19,11,294,"Grass","Grass",1.000,1,"Assets/AOMigrator/MapVisualV063/Generated/Sprites/GRH_61113.asset","Assets/AOMigrator/MapVisualV063/Textures/tex_5087.png",".png",1,1,1,1,1,"","Predominio verde 0.89, sat 0.69"
"OK",6046,"GRH 6046 (tex_6000.png)",40,10,290,"Grass","Grass",1.000,1,"Assets/AOMigrator/MapVisualV063/Generated/Sprites/GRH_6046.asset","Assets/AOMigrator/MapVisualV063/Textures/tex_6000.png",".png",1,1,1,1,1,"","Predominio verde 0.66, sat 0.69"
"OK",60931,"GRH 60931 (tex_5087.png)",140,6,290,"Dirt","Dirt",1.000,1,"Assets/AOMigrator/MapVisualV063/Generated/Sprites/GRH_60931.asset","Assets/AOMigrator/MapVisualV063/Textures/tex_5087.png",".png",1,1,1,1,1,"","Predominio marrón 1.00, sat 0.53"
"OK",6044,"GRH 6044 (tex_6000.png)",39,10,289,"Grass","Grass",1.000,1,"Assets/AOMigrator/MapVisualV063/Generated/Sprites/GRH_6044.asset","Assets/AOMigrator/MapVisualV063/Textures/tex_6000.png",".png",1,1,1,1,1,"","Predominio verde 0.86, sat 0.69"
"OK",60939,"GRH 60939 (tex_5087.png)",139,6,289,"Dirt","Dirt",1.000,1,"Assets/AOMigrator/MapVisualV063/Generated/Sprites/GRH_60939.asset","Assets/AOMigrator/MapVisualV063/Textures/tex_5087.png",".png",1,1,1,1,1,"","Predominio marrón 0.99, sat 0.54"
"OK",6032,"GRH 6032 (tex_6000.png)",38,10,288,"Grass","Grass",1.000,1,"Assets/AOMigrator/MapVisualV063/Generated/Sprites/GRH_6032.asset","Assets/AOMigrator/MapVisualV063/Textures/tex_6000.png",".png",1,1,1,1,1,"","Predominio verde 0.63, sat 0.69"
"OK",6034,"GRH 6034 (tex_6000.png)",38,10,288,"Grass","Grass",1.000,1,"Assets/AOMigrator/MapVisualV063/Generated/Sprites/GRH_6034.asset","Assets/AOMigrator/MapVisualV063/Textures/tex_6000.png",".png",1,1,1,1,1,"","Predominio verde 0.69, sat 0.69"
"OK",6045,"GRH 6045 (tex_6000.png)",38,10,288,"Grass","Grass",1.000,1,"Assets/AOMigrator/MapVisualV063/Generated/Sprites/GRH_6045.asset","Assets/AOMigrator/MapVisualV063/Textures/tex_6000.png",".png",1,1,1,1,1,"","Predominio verde 0.92, sat 0.70"
"OK",6061,"GRH 6061 (tex_6000.png)",38,10,288,"Grass","Grass",1.000,1,"Assets/AOMigrator/MapVisualV063/Generated/Sprites/GRH_6061.asset","Assets/AOMigrator/MapVisualV063/Textures/tex_6000.png",".png",1,1,1,1,1,"","Predominio verde 0.60, sat 0.69"
"OK",6080,"GRH 6080 (tex_6001.png)",63,9,288,"Grass","Grass",1.000,1,"Assets/AOMigrator/MapVisualV063/Generated/Sprites/GRH_6080.asset","Assets/AOMigrator/MapVisualV063/Textures/tex_6001.png",".png",1,1,1,1,1,"","Predominio verde 0.91, sat 0.71"
"OK",6081,"GRH 6081 (tex_6001.png)",63,9,288,"Grass","Grass",1.000,1,"Assets/AOMigrator/MapVisualV063/Generated/Sprites/GRH_6081.asset","Assets/AOMigrator/MapVisualV063/Textures/tex_6001.png",".png",1,1,1,1,1,"","Predominio verde 0.87, sat 0.71"
"OK",6082,"GRH 6082 (tex_6001.png)",63,9,288,"Grass","Grass",1.000,1,"Assets/AOMigrator/MapVisualV063/Generated/Sprites/GRH_6082.asset","Assets/AOMigrator/MapVisualV063/Textures/tex_6001.png",".png",1,1,1,1,1,"","Predominio verde 0.83, sat 0.71"
"OK",60935,"GRH 60935 (tex_5087.png)",138,6,288,"Dirt","Dirt",1.000,1,"Assets/AOMigrator/MapVisualV063/Generated/Sprites/GRH_60935.asset","Assets/AOMigrator/MapVisualV063/Textures/tex_5087.png",".png",1,1,1,1,1,"","Predominio marrón 0.98, sat 0.54"
"OK",6033,"GRH 6033 (tex_6000.png)",37,10,287,"Grass","Grass",1.000,1,"Assets/AOMigrator/MapVisualV063/Generated/Sprites/GRH_6033.asset","Assets/AOMigrator/MapVisualV063/Textures/tex_6000.png",".png",1,1,1,1,1,"","Predominio verde 0.50, sat 0.68"
"OK",6038,"GRH 6038 (tex_6000.png)",37,10,287,"Dirt","Dirt",1.000,1,"Assets/AOMigrator/MapVisualV063/Generated/Sprites/GRH_6038.asset","Assets/AOMigrator/MapVisualV063/Textures/tex_6000.png",".png",1,1,1,1,1,"","Predominio marrón 0.92, sat 0.67"
"OK",6060,"GRH 6060 (tex_6000.png)",37,10,287,"Grass","Grass",1.000,1,"Assets/AOMigrator/MapVisualV063/Generated/Sprites/GRH_6060.asset","Assets/AOMigrator/MapVisualV063/Textures/tex_6000.png",".png",1,1,1,1,1,"","Predominio verde 0.53, sat 0.68"
"OK",6036,"GRH 6036 (tex_6000.png)",36,10,286,"Grass","Grass",1.000,1,"Assets/AOMigrator/MapVisualV063/Generated/Sprites/GRH_6036.asset","Assets/AOMigrator/MapVisualV063/Textures/tex_6000.png",".png",1,1,1,1,1,"","Predominio verde 0.64, sat 0.69"
"OK",6462,"GRH 6462 (tex_6215.png)",36,10,286,"Grass","Grass",1.000,1,"Assets/AOMigrator/MapVisualV063/Generated/Sprites/GRH_6462.asset","Assets/AOMigrator/MapVisualV063/Textures/tex_6215.png",".png",1,1,1,1,1,"","Predominio verde 0.93, sat 0.72"
"OK",6463,"GRH 6463 (tex_6215.png)",36,10,286,"Grass","Grass",1.000,1,"Assets/AOMigrator/MapVisualV063/Generated/Sprites/GRH_6463.asset","Assets/AOMigrator/MapVisualV063/Textures/tex_6215.png",".png",1,1,1,1,1,"","Predominio verde 0.92, sat 0.73"
"OK",6037,"GRH 6037 (tex_6000.png)",35,10,285,"Dirt","Dirt",1.000,1,"Assets/AOMigrator/MapVisualV063/Generated/Sprites/GRH_6037.asset","Assets/AOMigrator/MapVisualV063/Textures/tex_6000.png",".png",1,1,1,1,1,"","Predominio marrón 0.96, sat 0.66"
"OK",6412,"GRH 6412 (tex_6215.png)",35,10,285,"Grass","Grass",1.000,1,"Assets/AOMigrator/MapVisualV063/Generated/Sprites/GRH_6412.asset","Assets/AOMigrator/MapVisualV063/Textures/tex_6215.png",".png",1,1,1,1,1,"","Predominio verde 0.90, sat 0.72"
"OK",7716,"GRH 7716 (tex_6021.png)",160,5,285,"Dirt","Dirt",0.800,1,"Assets/AOMigrator/MapVisualV063/Generated/Sprites/GRH_7716.asset","Assets/Resources/AOMigrator/WorldV07/Textures/tex_6021.png",".png",1,1,1,1,1,"","Predominio marrón 0.29, sat 0.42"
"OK",7717,"GRH 7717 (tex_6021.png)",160,5,285,"Dirt","Dirt",0.843,1,"Assets/AOMigrator/MapVisualV063/Generated/Sprites/GRH_7717.asset","Assets/Resources/AOMigrator/WorldV07/Textures/tex_6021.png",".png",1,1,1,1,1,"","Predominio marrón 0.34, sat 0.41"
"OK",49558,"GRH 49558 (tex_5068_padded.asset)",110,7,285,"Transition","Transition",0.887,1,"Assets/AOMigrator/MapVisualV063/Generated/Sprites/GRH_49558.asset","Assets/AOMigrator/MapVisualV063/Generated/PaddedTextures/tex_5068_padded.asset",".asset",1,1,1,1,1,"","Transición: Layer2 100%, cobertura 51%, edge 0.08"
"OK",6083,"GRH 6083 (tex_6001.png)",59,9,284,"Grass","Grass",1.000,1,"Assets/AOMigrator/MapVisualV063/Generated/Sprites/GRH_6083.asset","Assets/AOMigrator/MapVisualV063/Textures/tex_6001.png",".png",1,1,1,1,1,"","Predominio verde 0.92, sat 0.71"
"OK",6460,"GRH 6460 (tex_6215.png)",33,10,283,"Grass","Grass",1.000,1,"Assets/AOMigrator/MapVisualV063/Generated/Sprites/GRH_6460.asset","Assets/AOMigrator/MapVisualV063/Textures/tex_6215.png",".png",1,1,1,1,1,"","Predominio verde 0.89, sat 0.72"
"OK",6461,"GRH 6461 (tex_6215.png)",33,10,283,"Grass","Grass",1.000,1,"Assets/AOMigrator/MapVisualV063/Generated/Sprites/GRH_6461.asset","Assets/AOMigrator/MapVisualV063/Textures/tex_6215.png",".png",1,1,1,1,1,"","Predominio verde 0.95, sat 0.73"
"OK",61580,"GRH 61580 (tex_5087.png)",32,10,282,"Grass","Grass",1.000,1,"Assets/AOMigrator/MapVisualV063/Generated/Sprites/GRH_61580.asset","Assets/AOMigrator/MapVisualV063/Textures/tex_5087.png",".png",1,1,1,1,1,"","Predominio verde 0.93, sat 0.70"
"OK",6053,"GRH 6053 (tex_6000.png)",55,9,280,"Dirt","Dirt",1.000,1,"Assets/AOMigrator/MapVisualV063/Generated/Sprites/GRH_6053.asset","Assets/AOMigrator/MapVisualV063/Textures/tex_6000.png",".png",1,1,1,1,1,"","Predominio marrón 0.97, sat 0.66"
"OK",6052,"GRH 6052 (tex_6000.png)",52,9,277,"Grass","Grass",0.987,1,"Assets/AOMigrator/MapVisualV063/Generated/Sprites/GRH_6052.asset","Assets/AOMigrator/MapVisualV063/Textures/tex_6000.png",".png",1,1,1,1,1,"","Predominio verde 0.41, sat 0.69"
"OK",6049,"GRH 6049 (tex_6000.png)",49,9,274,"Grass","Grass",1.000,1,"Assets/AOMigrator/MapVisualV063/Generated/Sprites/GRH_6049.asset","Assets/AOMigrator/MapVisualV063/Textures/tex_6000.png",".png",1,1,1,1,1,"","Predominio verde 0.50, sat 0.69"
"OK",61895,"GRH 61895 (tex_5087.png)",23,10,273,"Grass","Grass",0.994,1,"Assets/AOMigrator/MapVisualV063/Generated/Sprites/GRH_61895.asset","Assets/AOMigrator/MapVisualV063/Textures/tex_5087.png",".png",1,1,1,1,1,"","Predominio verde 0.42, sat 0.61"
"OK",6048,"GRH 6048 (tex_6000.png)",47,9,272,"Grass","Grass",1.000,1,"Assets/AOMigrator/MapVisualV063/Generated/Sprites/GRH_6048.asset","Assets/AOMigrator/MapVisualV063/Textures/tex_6000.png",".png",1,1,1,1,1,"","Predominio verde 0.78, sat 0.70"
"OK",17031,"GRH 17031 (tex_5041.png)",21,10,271,"Transition","Transition",0.881,1,"Assets/AOMigrator/MapVisualV063/Generated/Sprites/GRH_17031.asset","Assets/AOMigrator/MapVisualV063/Textures/tex_5041.png",".png",1,1,1,1,1,"","Transición: Layer2 100%, cobertura 55%, edge 0.50"
"OK",61886,"GRH 61886 (tex_5087.png)",21,10,271,"Grass","Grass",1.000,1,"Assets/AOMigrator/MapVisualV063/Generated/Sprites/GRH_61886.asset","Assets/AOMigrator/MapVisualV063/Textures/tex_5087.png",".png",1,1,1,1,1,"","Predominio verde 0.79, sat 0.67"
"OK",61887,"GRH 61887 (tex_5087.png)",21,10,271,"Grass","Grass",0.892,1,"Assets/AOMigrator/MapVisualV063/Generated/Sprites/GRH_61887.asset","Assets/AOMigrator/MapVisualV063/Textures/tex_5087.png",".png",1,1,1,1,1,"","Predominio verde 0.30, sat 0.59"
"OK",61890,"GRH 61890 (tex_5087.png)",21,10,271,"Grass","Grass",1.000,1,"Assets/AOMigrator/MapVisualV063/Generated/Sprites/GRH_61890.asset","Assets/AOMigrator/MapVisualV063/Textures/tex_5087.png",".png",1,1,1,1,1,"","Predominio verde 0.79, sat 0.67"
"OK",61891,"GRH 61891 (tex_5087.png)",21,10,271,"Grass","Grass",1.000,1,"Assets/AOMigrator/MapVisualV063/Generated/Sprites/GRH_61891.asset","Assets/AOMigrator/MapVisualV063/Textures/tex_5087.png",".png",1,1,1,1,1,"","Predominio verde 0.56, sat 0.63"
"OK",61894,"GRH 61894 (tex_5087.png)",21,10,271,"Grass","Grass",1.000,1,"Assets/AOMigrator/MapVisualV063/Generated/Sprites/GRH_61894.asset","Assets/AOMigrator/MapVisualV063/Textures/tex_5087.png",".png",1,1,1,1,1,"","Predominio verde 0.75, sat 0.65"
"OK",61898,"GRH 61898 (tex_5087.png)",21,10,271,"Grass","Grass",1.000,1,"Assets/AOMigrator/MapVisualV063/Generated/Sprites/GRH_61898.asset","Assets/AOMigrator/MapVisualV063/Textures/tex_5087.png",".png",1,1,1,1,1,"","Predominio verde 0.82, sat 0.68"
"OK",61100,"GRH 61100 (tex_5087.png)",20,10,270,"Dirt","Dirt",1.000,1,"Assets/AOMigrator/MapVisualV063/Generated/Sprites/GRH_61100.asset","Assets/AOMigrator/MapVisualV063/Textures/tex_5087.png",".png",1,1,1,1,1,"","Predominio marrón 0.91, sat 0.57"
"OK",61101,"GRH 61101 (tex_5087.png)",20,10,270,"Dirt","Dirt",1.000,1,"Assets/AOMigrator/MapVisualV063/Generated/Sprites/GRH_61101.asset","Assets/AOMigrator/MapVisualV063/Textures/tex_5087.png",".png",1,1,1,1,1,"","Predominio marrón 0.86, sat 0.58"
"OK",61104,"GRH 61104 (tex_5087.png)",20,10,270,"Grass","Grass",1.000,1,"Assets/AOMigrator/MapVisualV063/Generated/Sprites/GRH_61104.asset","Assets/AOMigrator/MapVisualV063/Textures/tex_5087.png",".png",1,1,1,1,1,"","Predominio verde 0.68, sat 0.65"
"OK",61386,"GRH 61386 (tex_5087.png)",20,10,270,"Grass","Grass",1.000,1,"Assets/AOMigrator/MapVisualV063/Generated/Sprites/GRH_61386.asset","Assets/AOMigrator/MapVisualV063/Textures/tex_5087.png",".png",1,1,1,1,1,"","Predominio verde 0.71, sat 0.65"
"OK",61387,"GRH 61387 (tex_5087.png)",19,10,269,"Dirt","Dirt",1.000,1,"Assets/AOMigrator/MapVisualV063/Generated/Sprites/GRH_61387.asset","Assets/AOMigrator/MapVisualV063/Textures/tex_5087.png",".png",1,1,1,1,1,"","Predominio marrón 0.79, sat 0.57"
"OK",6427,"GRH 6427 (tex_6215.png)",18,10,268,"Grass","Grass",1.000,1,"Assets/AOMigrator/MapVisualV063/Generated/Sprites/GRH_6427.asset","Assets/AOMigrator/MapVisualV063/Textures/tex_6215.png",".png",1,1,1,1,1,"","Predominio verde 0.93, sat 0.72"
"OK",6429,"GRH 6429 (tex_6215.png)",18,10,268,"Dirt","Dirt",1.000,1,"Assets/AOMigrator/MapVisualV063/Generated/Sprites/GRH_6429.asset","Assets/AOMigrator/MapVisualV063/Textures/tex_6215.png",".png",1,1,1,1,1,"","Predominio marrón 0.93, sat 0.48"
"OK",61105,"GRH 61105 (tex_5087.png)",18,10,268,"Grass","Grass",1.000,1,"Assets/AOMigrator/MapVisualV063/Generated/Sprites/GRH_61105.asset","Assets/AOMigrator/MapVisualV063/Textures/tex_5087.png",".png",1,1,1,1,1,"","Predominio verde 0.59, sat 0.63"
"OK",61108,"GRH 61108 (tex_5087.png)",18,10,268,"Grass","Grass",1.000,1,"Assets/AOMigrator/MapVisualV063/Generated/Sprites/GRH_61108.asset","Assets/AOMigrator/MapVisualV063/Textures/tex_5087.png",".png",1,1,1,1,1,"","Predominio verde 0.81, sat 0.65"
"OK",61109,"GRH 61109 (tex_5087.png)",18,10,268,"Grass","Grass",1.000,1,"Assets/AOMigrator/MapVisualV063/Generated/Sprites/GRH_61109.asset","Assets/AOMigrator/MapVisualV063/Textures/tex_5087.png",".png",1,1,1,1,1,"","Predominio verde 0.84, sat 0.67"
"OK",61112,"GRH 61112 (tex_5087.png)",18,10,268,"Grass","Grass",1.000,1,"Assets/AOMigrator/MapVisualV063/Generated/Sprites/GRH_61112.asset","Assets/AOMigrator/MapVisualV063/Textures/tex_5087.png",".png",1,1,1,1,1,"","Predominio verde 0.87, sat 0.68"
"OK",61115,"GRH 61115 (tex_5087.png)",18,10,268,"Grass","Grass",1.000,1,"Assets/AOMigrator/MapVisualV063/Generated/Sprites/GRH_61115.asset","Assets/AOMigrator/MapVisualV063/Textures/tex_5087.png",".png",1,1,1,1,1,"","Predominio verde 0.92, sat 0.70"
"OK",61375,"GRH 61375 (tex_5087.png)",18,10,268,"Dirt","Dirt",1.000,1,"Assets/AOMigrator/MapVisualV063/Generated/Sprites/GRH_61375.asset","Assets/AOMigrator/MapVisualV063/Textures/tex_5087.png",".png",1,1,1,1,1,"","Predominio marrón 0.94, sat 0.56"
"OK",61379,"GRH 61379 (tex_5087.png)",18,10,268,"Dirt","Dirt",1.000,1,"Assets/AOMigrator/MapVisualV063/Generated/Sprites/GRH_61379.asset","Assets/AOMigrator/MapVisualV063/Textures/tex_5087.png",".png",1,1,1,1,1,"","Predominio marrón 0.93, sat 0.53"
"OK",61383,"GRH 61383 (tex_5087.png)",18,10,268,"Dirt","Dirt",1.000,1,"Assets/AOMigrator/MapVisualV063/Generated/Sprites/GRH_61383.asset","Assets/AOMigrator/MapVisualV063/Textures/tex_5087.png",".png",1,1,1,1,1,"","Predominio marrón 0.92, sat 0.55"
"OK",61114,"GRH 61114 (tex_5087.png)",17,10,267,"Grass","Grass",1.000,1,"Assets/AOMigrator/MapVisualV063/Generated/Sprites/GRH_61114.asset","Assets/AOMigrator/MapVisualV063/Textures/tex_5087.png",".png",1,1,1,1,1,"","Predominio verde 0.91, sat 0.70"
"OK",61374,"GRH 61374 (tex_5087.png)",17,10,267,"Dirt","Dirt",1.000,1,"Assets/AOMigrator/MapVisualV063/Generated/Sprites/GRH_61374.asset","Assets/AOMigrator/MapVisualV063/Textures/tex_5087.png",".png",1,1,1,1,1,"","Predominio marrón 0.96, sat 0.57"
"OK",61378,"GRH 61378 (tex_5087.png)",17,10,267,"Grass","Grass",0.821,1,"Assets/AOMigrator/MapVisualV063/Generated/Sprites/GRH_61378.asset","Assets/AOMigrator/MapVisualV063/Textures/tex_5087.png",".png",1,1,1,1,1,"","Predominio verde 0.22, sat 0.58"
"OK",61382,"GRH 61382 (tex_5087.png)",17,10,267,"Grass","Grass",0.863,1,"Assets/AOMigrator/MapVisualV063/Generated/Sprites/GRH_61382.asset","Assets/AOMigrator/MapVisualV063/Textures/tex_5087.png",".png",1,1,1,1,1,"","Predominio verde 0.27, sat 0.52"
"OK",6431,"GRH 6431 (tex_6215.png)",16,10,266,"Grass","Grass",1.000,1,"Assets/AOMigrator/MapVisualV063/Generated/Sprites/GRH_6431.asset","Assets/AOMigrator/MapVisualV063/Textures/tex_6215.png",".png",1,1,1,1,1,"","Predominio verde 0.93, sat 0.73"
"OK",6417,"GRH 6417 (tex_6215.png)",15,10,265,"Grass","Grass",1.000,1,"Assets/AOMigrator/MapVisualV063/Generated/Sprites/GRH_6417.asset","Assets/AOMigrator/MapVisualV063/Textures/tex_6215.png",".png",1,1,1,1,1,"","Predominio verde 0.73, sat 0.69"
"OK",6421,"GRH 6421 (tex_6215.png)",15,10,265,"Grass","Grass",1.000,1,"Assets/AOMigrator/MapVisualV063/Generated/Sprites/GRH_6421.asset","Assets/AOMigrator/MapVisualV063/Textures/tex_6215.png",".png",1,1,1,1,1,"","Predominio verde 0.43, sat 0.61"
"OK",6422,"GRH 6422 (tex_6215.png)",15,10,265,"Grass","Grass",1.000,1,"Assets/AOMigrator/MapVisualV063/Generated/Sprites/GRH_6422.asset","Assets/AOMigrator/MapVisualV063/Textures/tex_6215.png",".png",1,1,1,1,1,"","Predominio verde 0.87, sat 0.71"
"OK",6425,"GRH 6425 (tex_6215.png)",15,10,265,"Dirt","Dirt",1.000,1,"Assets/AOMigrator/MapVisualV063/Generated/Sprites/GRH_6425.asset","Assets/AOMigrator/MapVisualV063/Textures/tex_6215.png",".png",1,1,1,1,1,"","Predominio marrón 0.99, sat 0.45"
"OK",6426,"GRH 6426 (tex_6215.png)",15,10,265,"Grass","Grass",1.000,1,"Assets/AOMigrator/MapVisualV063/Generated/Sprites/GRH_6426.asset","Assets/AOMigrator/MapVisualV063/Textures/tex_6215.png",".png",1,1,1,1,1,"","Predominio verde 0.44, sat 0.60"
"OK",6430,"GRH 6430 (tex_6215.png)",15,10,265,"Dirt","Dirt",1.000,1,"Assets/AOMigrator/MapVisualV063/Generated/Sprites/GRH_6430.asset","Assets/AOMigrator/MapVisualV063/Textures/tex_6215.png",".png",1,1,1,1,1,"","Predominio marrón 0.95, sat 0.47"
"OK",6418,"GRH 6418 (tex_6215.png)",14,10,264,"Grass","Grass",1.000,1,"Assets/AOMigrator/MapVisualV063/Generated/Sprites/GRH_6418.asset","Assets/AOMigrator/MapVisualV063/Textures/tex_6215.png",".png",1,1,1,1,1,"","Predominio verde 0.70, sat 0.68"
"OK",61456,"GRH 61456 (tex_5087.png)",37,9,262,"Grass","Grass",1.000,1,"Assets/AOMigrator/MapVisualV063/Generated/Sprites/GRH_61456.asset","Assets/AOMigrator/MapVisualV063/Textures/tex_5087.png",".png",1,1,1,1,1,"","Predominio verde 0.70, sat 0.65"
"OK",61457,"GRH 61457 (tex_5087.png)",37,9,262,"Grass","Grass",1.000,1,"Assets/AOMigrator/MapVisualV063/Generated/Sprites/GRH_61457.asset","Assets/AOMigrator/MapVisualV063/Textures/tex_5087.png",".png",1,1,1,1,1,"","Predominio verde 0.63, sat 0.64"
"OK",61460,"GRH 61460 (tex_5087.png)",37,9,262,"Dirt","Dirt",1.000,1,"Assets/AOMigrator/MapVisualV063/Generated/Sprites/GRH_61460.asset","Assets/AOMigrator/MapVisualV063/Textures/tex_5087.png",".png",1,1,1,1,1,"","Predominio marrón 0.89, sat 0.60"
"OK",61461,"GRH 61461 (tex_5087.png)",37,9,262,"Grass","Grass",0.906,1,"Assets/AOMigrator/MapVisualV063/Generated/Sprites/GRH_61461.asset","Assets/AOMigrator/MapVisualV063/Textures/tex_5087.png",".png",1,1,1,1,1,"","Predominio verde 0.32, sat 0.61"
"OK",61464,"GRH 61464 (tex_5087.png)",37,9,262,"Grass","Grass",0.824,1,"Assets/AOMigrator/MapVisualV063/Generated/Sprites/GRH_61464.asset","Assets/AOMigrator/MapVisualV063/Textures/tex_5087.png",".png",1,1,1,1,1,"","Predominio verde 0.23, sat 0.59"
"OK",61465,"GRH 61465 (tex_5087.png)",37,9,262,"Grass","Grass",1.000,1,"Assets/AOMigrator/MapVisualV063/Generated/Sprites/GRH_61465.asset","Assets/AOMigrator/MapVisualV063/Textures/tex_5087.png",".png",1,1,1,1,1,"","Predominio verde 0.54, sat 0.63"
"OK",61452,"GRH 61452 (tex_5087.png)",36,9,261,"Grass","Grass",1.000,1,"Assets/AOMigrator/MapVisualV063/Generated/Sprites/GRH_61452.asset","Assets/AOMigrator/MapVisualV063/Textures/tex_5087.png",".png",1,1,1,1,1,"","Predominio verde 0.93, sat 0.70"
"OK",61129,"GRH 61129 (tex_5087.png)",35,9,260,"Grass","Grass",1.000,1,"Assets/AOMigrator/MapVisualV063/Generated/Sprites/GRH_61129.asset","Assets/AOMigrator/MapVisualV063/Textures/tex_5087.png",".png",1,1,1,1,1,"","Predominio verde 0.92, sat 0.69"
"OK",61453,"GRH 61453 (tex_5087.png)",35,9,260,"Grass","Grass",1.000,1,"Assets/AOMigrator/MapVisualV063/Generated/Sprites/GRH_61453.asset","Assets/AOMigrator/MapVisualV063/Textures/tex_5087.png",".png",1,1,1,1,1,"","Predominio verde 0.92, sat 0.69"
"OK",61117,"GRH 61117 (tex_5087.png)",34,9,259,"Grass","Grass",1.000,1,"Assets/AOMigrator/MapVisualV063/Generated/Sprites/GRH_61117.asset","Assets/AOMigrator/MapVisualV063/Textures/tex_5087.png",".png",1,1,1,1,1,"","Predominio verde 0.86, sat 0.67"
"OK",61121,"GRH 61121 (tex_5087.png)",34,9,259,"Grass","Grass",1.000,1,"Assets/AOMigrator/MapVisualV063/Generated/Sprites/GRH_61121.asset","Assets/AOMigrator/MapVisualV063/Textures/tex_5087.png",".png",1,1,1,1,1,"","Predominio verde 0.83, sat 0.68"
"OK",61125,"GRH 61125 (tex_5087.png)",34,9,259,"Grass","Grass",1.000,1,"Assets/AOMigrator/MapVisualV063/Generated/Sprites/GRH_61125.asset","Assets/AOMigrator/MapVisualV063/Textures/tex_5087.png",".png",1,1,1,1,1,"","Predominio verde 0.85, sat 0.67"
"OK",61124,"GRH 61124 (tex_5087.png)",33,9,258,"Grass","Grass",1.000,1,"Assets/AOMigrator/MapVisualV063/Generated/Sprites/GRH_61124.asset","Assets/AOMigrator/MapVisualV063/Textures/tex_5087.png",".png",1,1,1,1,1,"","Predominio verde 0.89, sat 0.69"
"OK",61128,"GRH 61128 (tex_5087.png)",33,9,258,"Grass","Grass",1.000,1,"Assets/AOMigrator/MapVisualV063/Generated/Sprites/GRH_61128.asset","Assets/AOMigrator/MapVisualV063/Textures/tex_5087.png",".png",1,1,1,1,1,"","Predominio verde 0.88, sat 0.69"
"OK",61116,"GRH 61116 (tex_5087.png)",32,9,257,"Grass","Grass",1.000,1,"Assets/AOMigrator/MapVisualV063/Generated/Sprites/GRH_61116.asset","Assets/AOMigrator/MapVisualV063/Textures/tex_5087.png",".png",1,1,1,1,1,"","Predominio verde 0.93, sat 0.70"
"OK",61120,"GRH 61120 (tex_5087.png)",32,9,257,"Grass","Grass",1.000,1,"Assets/AOMigrator/MapVisualV063/Generated/Sprites/GRH_61120.asset","Assets/AOMigrator/MapVisualV063/Textures/tex_5087.png",".png",1,1,1,1,1,"","Predominio verde 0.94, sat 0.70"
"OK",61758,"GRH 61758 (tex_5087.png)",31,9,256,"Grass","Grass",1.000,1,"Assets/AOMigrator/MapVisualV063/Generated/Sprites/GRH_61758.asset","Assets/AOMigrator/MapVisualV063/Textures/tex_5087.png",".png",1,1,1,1,1,"","Predominio verde 0.85, sat 0.69"
"OK",61762,"GRH 61762 (tex_5087.png)",31,9,256,"Grass","Grass",1.000,1,"Assets/AOMigrator/MapVisualV063/Generated/Sprites/GRH_61762.asset","Assets/AOMigrator/MapVisualV063/Textures/tex_5087.png",".png",1,1,1,1,1,"","Predominio verde 0.81, sat 0.68"
"OK",61766,"GRH 61766 (tex_5087.png)",31,9,256,"Grass","Grass",0.928,1,"Assets/AOMigrator/MapVisualV063/Generated/Sprites/GRH_61766.asset","Assets/AOMigrator/MapVisualV063/Textures/tex_5087.png",".png",1,1,1,1,1,"","Predominio verde 0.34, sat 0.58"
"OK",61770,"GRH 61770 (tex_5087.png)",31,9,256,"Grass","Grass",1.000,1,"Assets/AOMigrator/MapVisualV063/Generated/Sprites/GRH_61770.asset","Assets/AOMigrator/MapVisualV063/Textures/tex_5087.png",".png",1,1,1,1,1,"","Predominio verde 0.87, sat 0.69"
"OK",6084,"GRH 6084 (tex_6001.png)",55,8,255,"Grass","Grass",1.000,1,"Assets/AOMigrator/MapVisualV063/Generated/Sprites/GRH_6084.asset","Assets/AOMigrator/MapVisualV063/Textures/tex_6001.png",".png",1,1,1,1,1,"","Predominio verde 0.88, sat 0.71"
"OK",6085,"GRH 6085 (tex_6001.png)",55,8,255,"Grass","Grass",1.000,1,"Assets/AOMigrator/MapVisualV063/Generated/Sprites/GRH_6085.asset","Assets/AOMigrator/MapVisualV063/Textures/tex_6001.png",".png",1,1,1,1,1,"","Predominio verde 0.78, sat 0.71"
"OK",6086,"GRH 6086 (tex_6001.png)",55,8,255,"Grass","Grass",1.000,1,"Assets/AOMigrator/MapVisualV063/Generated/Sprites/GRH_6086.asset","Assets/AOMigrator/MapVisualV063/Textures/tex_6001.png",".png",1,1,1,1,1,"","Predominio verde 0.86, sat 0.71"
"OK",6087,"GRH 6087 (tex_6001.png)",55,8,255,"Grass","Grass",1.000,1,"Assets/AOMigrator/MapVisualV063/Generated/Sprites/GRH_6087.asset","Assets/AOMigrator/MapVisualV063/Textures/tex_6001.png",".png",1,1,1,1,1,"","Predominio verde 0.88, sat 0.71"
"OK",6088,"GRH 6088 (tex_6001.png)",55,8,255,"Grass","Grass",1.000,1,"Assets/AOMigrator/MapVisualV063/Generated/Sprites/GRH_6088.asset","Assets/AOMigrator/MapVisualV063/Textures/tex_6001.png",".png",1,1,1,1,1,"","Predominio verde 0.66, sat 0.67"
"OK",6089,"GRH 6089 (tex_6001.png)",55,8,255,"Grass","Grass",1.000,1,"Assets/AOMigrator/MapVisualV063/Generated/Sprites/GRH_6089.asset","Assets/AOMigrator/MapVisualV063/Textures/tex_6001.png",".png",1,1,1,1,1,"","Predominio verde 0.74, sat 0.69"
"OK",6090,"GRH 6090 (tex_6001.png)",55,8,255,"Grass","Grass",1.000,1,"Assets/AOMigrator/MapVisualV063/Generated/Sprites/GRH_6090.asset","Assets/AOMigrator/MapVisualV063/Textures/tex_6001.png",".png",1,1,1,1,1,"","Predominio verde 0.67, sat 0.68"
"OK",6091,"GRH 6091 (tex_6001.png)",55,8,255,"Grass","Grass",1.000,1,"Assets/AOMigrator/MapVisualV063/Generated/Sprites/GRH_6091.asset","Assets/AOMigrator/MapVisualV063/Textures/tex_6001.png",".png",1,1,1,1,1,"","Predominio verde 0.63, sat 0.68"
"OK",6092,"GRH 6092 (tex_6001.png)",55,8,255,"Grass","Grass",1.000,1,"Assets/AOMigrator/MapVisualV063/Generated/Sprites/GRH_6092.asset","Assets/AOMigrator/MapVisualV063/Textures/tex_6001.png",".png",1,1,1,1,1,"","Predominio verde 0.81, sat 0.71"
"OK",6093,"GRH 6093 (tex_6001.png)",55,8,255,"Grass","Grass",1.000,1,"Assets/AOMigrator/MapVisualV063/Generated/Sprites/GRH_6093.asset","Assets/AOMigrator/MapVisualV063/Textures/tex_6001.png",".png",1,1,1,1,1,"","Predominio verde 0.87, sat 0.71"
"OK",6094,"GRH 6094 (tex_6001.png)",55,8,255,"Grass","Grass",1.000,1,"Assets/AOMigrator/MapVisualV063/Generated/Sprites/GRH_6094.asset","Assets/AOMigrator/MapVisualV063/Textures/tex_6001.png",".png",1,1,1,1,1,"","Predominio verde 0.83, sat 0.70"
"OK",6095,"GRH 6095 (tex_6001.png)",55,8,255,"Grass","Grass",1.000,1,"Assets/AOMigrator/MapVisualV063/Generated/Sprites/GRH_6095.asset","Assets/AOMigrator/MapVisualV063/Textures/tex_6001.png",".png",1,1,1,1,1,"","Predominio verde 0.85, sat 0.71"
"OK",61756,"GRH 61756 (tex_5087.png)",29,9,254,"Grass","Grass",0.827,1,"Assets/AOMigrator/MapVisualV063/Generated/Sprites/GRH_61756.asset","Assets/AOMigrator/MapVisualV063/Textures/tex_5087.png",".png",1,1,1,1,1,"","Predominio verde 0.23, sat 0.59"
"OK",61757,"GRH 61757 (tex_5087.png)",29,9,254,"Grass","Grass",1.000,1,"Assets/AOMigrator/MapVisualV063/Generated/Sprites/GRH_61757.asset","Assets/AOMigrator/MapVisualV063/Textures/tex_5087.png",".png",1,1,1,1,1,"","Predominio verde 0.75, sat 0.66"
"OK",61760,"GRH 61760 (tex_5087.png)",29,9,254,"Grass","Grass",1.000,1,"Assets/AOMigrator/MapVisualV063/Generated/Sprites/GRH_61760.asset","Assets/AOMigrator/MapVisualV063/Textures/tex_5087.png",".png",1,1,1,1,1,"","Predominio verde 0.45, sat 0.62"
"OK",61761,"GRH 61761 (tex_5087.png)",29,9,254,"Grass","Grass",1.000,1,"Assets/AOMigrator/MapVisualV063/Generated/Sprites/GRH_61761.asset","Assets/AOMigrator/MapVisualV063/Textures/tex_5087.png",".png",1,1,1,1,1,"","Predominio verde 0.60, sat 0.64"
"OK",61764,"GRH 61764 (tex_5087.png)",29,9,254,"Grass","Grass",0.959,1,"Assets/AOMigrator/MapVisualV063/Generated/Sprites/GRH_61764.asset","Assets/AOMigrator/MapVisualV063/Textures/tex_5087.png",".png",1,1,1,1,1,"","Predominio verde 0.38, sat 0.61"
"OK",61765,"GRH 61765 (tex_5087.png)",29,9,254,"Grass","Grass",1.000,1,"Assets/AOMigrator/MapVisualV063/Generated/Sprites/GRH_61765.asset","Assets/AOMigrator/MapVisualV063/Textures/tex_5087.png",".png",1,1,1,1,1,"","Predominio verde 0.60, sat 0.63"
"OK",61768,"GRH 61768 (tex_5087.png)",29,9,254,"Grass","Grass",0.885,1,"Assets/AOMigrator/MapVisualV063/Generated/Sprites/GRH_61768.asset","Assets/AOMigrator/MapVisualV063/Textures/tex_5087.png",".png",1,1,1,1,1,"","Predominio verde 0.29, sat 0.59"
"OK",61769,"GRH 61769 (tex_5087.png)",29,9,254,"Grass","Grass",1.000,1,"Assets/AOMigrator/MapVisualV063/Generated/Sprites/GRH_61769.asset","Assets/AOMigrator/MapVisualV063/Textures/tex_5087.png",".png",1,1,1,1,1,"","Predominio verde 0.80, sat 0.67"
"OK",49557,"GRH 49557 (tex_5068_padded.asset)",103,6,253,"Transition","Transition",0.860,1,"Assets/AOMigrator/MapVisualV063/Generated/Sprites/GRH_49557.asset","Assets/AOMigrator/MapVisualV063/Generated/PaddedTextures/tex_5068_padded.asset",".asset",1,1,1,1,1,"","Transición: Layer2 100%, cobertura 67%, edge 0.10"
"OK",49582,"GRH 49582 (tex_5068_padded.asset)",103,6,253,"Transition","Transition",0.964,1,"Assets/AOMigrator/MapVisualV063/Generated/Sprites/GRH_49582.asset","Assets/AOMigrator/MapVisualV063/Generated/PaddedTextures/tex_5068_padded.asset",".asset",1,1,1,1,1,"","Transición: Layer2 100%, cobertura 9%, edge 0.09"
"OK",6437,"GRH 6437 (tex_6215.png)",24,9,249,"Grass","Grass",1.000,1,"Assets/AOMigrator/MapVisualV063/Generated/Sprites/GRH_6437.asset","Assets/AOMigrator/MapVisualV063/Textures/tex_6215.png",".png",1,1,1,1,1,"","Predominio verde 0.42, sat 0.59"
"OK",6438,"GRH 6438 (tex_6215.png)",24,9,249,"Dirt","Dirt",1.000,1,"Assets/AOMigrator/MapVisualV063/Generated/Sprites/GRH_6438.asset","Assets/AOMigrator/MapVisualV063/Textures/tex_6215.png",".png",1,1,1,1,1,"","Predominio marrón 0.98, sat 0.46"
"OK",6439,"GRH 6439 (tex_6215.png)",24,9,249,"Dirt","Dirt",1.000,1,"Assets/AOMigrator/MapVisualV063/Generated/Sprites/GRH_6439.asset","Assets/AOMigrator/MapVisualV063/Textures/tex_6215.png",".png",1,1,1,1,1,"","Predominio marrón 0.90, sat 0.49"
"OK",6441,"GRH 6441 (tex_6215.png)",24,9,249,"Grass","Grass",1.000,1,"Assets/AOMigrator/MapVisualV063/Generated/Sprites/GRH_6441.asset","Assets/AOMigrator/MapVisualV063/Textures/tex_6215.png",".png",1,1,1,1,1,"","Predominio verde 0.82, sat 0.69"
"OK",6442,"GRH 6442 (tex_6215.png)",24,9,249,"Grass","Grass",1.000,1,"Assets/AOMigrator/MapVisualV063/Generated/Sprites/GRH_6442.asset","Assets/AOMigrator/MapVisualV063/Textures/tex_6215.png",".png",1,1,1,1,1,"","Predominio verde 0.52, sat 0.63"
"OK",6443,"GRH 6443 (tex_6215.png)",24,9,249,"Dirt","Dirt",1.000,1,"Assets/AOMigrator/MapVisualV063/Generated/Sprites/GRH_6443.asset","Assets/AOMigrator/MapVisualV063/Textures/tex_6215.png",".png",1,1,1,1,1,"","Predominio marrón 0.85, sat 0.53"
"OK",6435,"GRH 6435 (tex_6215.png)",23,9,248,"Grass","Grass",1.000,1,"Assets/AOMigrator/MapVisualV063/Generated/Sprites/GRH_6435.asset","Assets/AOMigrator/MapVisualV063/Textures/tex_6215.png",".png",1,1,1,1,1,"","Predominio verde 0.73, sat 0.67"
"OK",61754,"GRH 61754 (tex_5087.png)",23,9,248,"Grass","Grass",1.000,1,"Assets/AOMigrator/MapVisualV063/Generated/Sprites/GRH_61754.asset","Assets/AOMigrator/MapVisualV063/Textures/tex_5087.png",".png",1,1,1,1,1,"","Predominio verde 0.78, sat 0.67"
"OK",61742,"GRH 61742 (tex_5087.png)",22,9,247,"Dirt","Dirt",1.000,1,"Assets/AOMigrator/MapVisualV063/Generated/Sprites/GRH_61742.asset","Assets/AOMigrator/MapVisualV063/Textures/tex_5087.png",".png",1,1,1,1,1,"","Predominio marrón 0.96, sat 0.57"
"OK",61746,"GRH 61746 (tex_5087.png)",22,9,247,"Dirt","Dirt",1.000,1,"Assets/AOMigrator/MapVisualV063/Generated/Sprites/GRH_61746.asset","Assets/AOMigrator/MapVisualV063/Textures/tex_5087.png",".png",1,1,1,1,1,"","Predominio marrón 0.82, sat 0.57"
"OK",61750,"GRH 61750 (tex_5087.png)",22,9,247,"Grass","Grass",1.000,1,"Assets/AOMigrator/MapVisualV063/Generated/Sprites/GRH_61750.asset","Assets/AOMigrator/MapVisualV063/Textures/tex_5087.png",".png",1,1,1,1,1,"","Predominio verde 0.68, sat 0.65"
"OK",6433,"GRH 6433 (tex_6215.png)",21,9,246,"Dirt","Dirt",1.000,1,"Assets/AOMigrator/MapVisualV063/Generated/Sprites/GRH_6433.asset","Assets/AOMigrator/MapVisualV063/Textures/tex_6215.png",".png",1,1,1,1,1,"","Predominio marrón 0.92, sat 0.50"
"OK",6434,"GRH 6434 (tex_6215.png)",21,9,246,"Dirt","Dirt",1.000,1,"Assets/AOMigrator/MapVisualV063/Generated/Sprites/GRH_6434.asset","Assets/AOMigrator/MapVisualV063/Textures/tex_6215.png",".png",1,1,1,1,1,"","Predominio marrón 0.91, sat 0.48"
"OK",61107,"GRH 61107 (tex_5087.png)",21,9,246,"Grass","Grass",1.000,1,"Assets/AOMigrator/MapVisualV063/Generated/Sprites/GRH_61107.asset","Assets/AOMigrator/MapVisualV063/Textures/tex_5087.png",".png",1,1,1,1,1,"","Predominio verde 0.74, sat 0.66"
"OK",61608,"GRH 61608 (tex_5087.png)",21,9,246,"Dirt","Dirt",1.000,1,"Assets/AOMigrator/MapVisualV063/Generated/Sprites/GRH_61608.asset","Assets/AOMigrator/MapVisualV063/Textures/tex_5087.png",".png",1,1,1,1,1,"","Predominio marrón 0.93, sat 0.55"
"OK",61609,"GRH 61609 (tex_5087.png)",21,9,246,"Dirt","Dirt",1.000,1,"Assets/AOMigrator/MapVisualV063/Generated/Sprites/GRH_61609.asset","Assets/AOMigrator/MapVisualV063/Textures/tex_5087.png",".png",1,1,1,1,1,"","Predominio marrón 0.91, sat 0.55"
"OK",61752,"GRH 61752 (tex_5087.png)",21,9,246,"Dirt","Dirt",1.000,1,"Assets/AOMigrator/MapVisualV063/Generated/Sprites/GRH_61752.asset","Assets/AOMigrator/MapVisualV063/Textures/tex_5087.png",".png",1,1,1,1,1,"","Predominio marrón 0.85, sat 0.56"
"OK",61753,"GRH 61753 (tex_5087.png)",21,9,246,"Grass","Grass",1.000,1,"Assets/AOMigrator/MapVisualV063/Generated/Sprites/GRH_61753.asset","Assets/AOMigrator/MapVisualV063/Textures/tex_5087.png",".png",1,1,1,1,1,"","Predominio verde 0.52, sat 0.62"
"OK",7718,"GRH 7718 (tex_6021.png)",120,5,245,"Dirt","Dirt",0.840,1,"Assets/AOMigrator/MapVisualV063/Generated/Sprites/GRH_7718.asset","Assets/Resources/AOMigrator/WorldV07/Textures/tex_6021.png",".png",1,1,1,1,1,"","Predominio marrón 0.34, sat 0.42"
"OK",7719,"GRH 7719 (tex_6021.png)",120,5,245,"Dirt","Dirt",0.839,1,"Assets/AOMigrator/MapVisualV063/Generated/Sprites/GRH_7719.asset","Assets/Resources/AOMigrator/WorldV07/Textures/tex_6021.png",".png",1,1,1,1,1,"","Predominio marrón 0.34, sat 0.42"
"OK",61000,"GRH 61000 (tex_5087.png)",45,8,245,"Grass","Grass",1.000,1,"Assets/AOMigrator/MapVisualV063/Generated/Sprites/GRH_61000.asset","Assets/AOMigrator/MapVisualV063/Textures/tex_5087.png",".png",1,1,1,1,1,"","Predominio verde 0.88, sat 0.69"
"OK",61002,"GRH 61002 (tex_5087.png)",45,8,245,"Grass","Grass",1.000,1,"Assets/AOMigrator/MapVisualV063/Generated/Sprites/GRH_61002.asset","Assets/AOMigrator/MapVisualV063/Textures/tex_5087.png",".png",1,1,1,1,1,"","Predominio verde 0.91, sat 0.70"
"OK",61596,"GRH 61596 (tex_5087.png)",20,9,245,"Grass","Grass",1.000,1,"Assets/AOMigrator/MapVisualV063/Generated/Sprites/GRH_61596.asset","Assets/AOMigrator/MapVisualV063/Textures/tex_5087.png",".png",1,1,1,1,1,"","Predominio verde 0.92, sat 0.69"
"OK",61597,"GRH 61597 (tex_5087.png)",20,9,245,"Grass","Grass",1.000,1,"Assets/AOMigrator/MapVisualV063/Generated/Sprites/GRH_61597.asset","Assets/AOMigrator/MapVisualV063/Textures/tex_5087.png",".png",1,1,1,1,1,"","Predominio verde 0.90, sat 0.69"
"OK",61600,"GRH 61600 (tex_5087.png)",20,9,245,"Grass","Grass",1.000,1,"Assets/AOMigrator/MapVisualV063/Generated/Sprites/GRH_61600.asset","Assets/AOMigrator/MapVisualV063/Textures/tex_5087.png",".png",1,1,1,1,1,"","Predominio verde 0.80, sat 0.66"
"OK",61601,"GRH 61601 (tex_5087.png)",20,9,245,"Grass","Grass",1.000,1,"Assets/AOMigrator/MapVisualV063/Generated/Sprites/GRH_61601.asset","Assets/AOMigrator/MapVisualV063/Textures/tex_5087.png",".png",1,1,1,1,1,"","Predominio verde 0.64, sat 0.64"
"OK",61604,"GRH 61604 (tex_5087.png)",20,9,245,"Grass","Grass",0.979,1,"Assets/AOMigrator/MapVisualV063/Generated/Sprites/GRH_61604.asset","Assets/AOMigrator/MapVisualV063/Textures/tex_5087.png",".png",1,1,1,1,1,"","Predominio verde 0.40, sat 0.61"
"OK",61605,"GRH 61605 (tex_5087.png)",20,9,245,"Grass","Grass",0.914,1,"Assets/AOMigrator/MapVisualV063/Generated/Sprites/GRH_61605.asset","Assets/AOMigrator/MapVisualV063/Textures/tex_5087.png",".png",1,1,1,1,1,"","Predominio verde 0.33, sat 0.59"
"OK",61744,"GRH 61744 (tex_5087.png)",20,9,245,"Dirt","Dirt",1.000,1,"Assets/AOMigrator/MapVisualV063/Generated/Sprites/GRH_61744.asset","Assets/AOMigrator/MapVisualV063/Textures/tex_5087.png",".png",1,1,1,1,1,"","Predominio marrón 0.87, sat 0.57"
"OK",61745,"GRH 61745 (tex_5087.png)",20,9,245,"Dirt","Dirt",1.000,1,"Assets/AOMigrator/MapVisualV063/Generated/Sprites/GRH_61745.asset","Assets/AOMigrator/MapVisualV063/Textures/tex_5087.png",".png",1,1,1,1,1,"","Predominio marrón 0.96, sat 0.54"
"OK",61748,"GRH 61748 (tex_5087.png)",20,9,245,"Grass","Grass",0.920,1,"Assets/AOMigrator/MapVisualV063/Generated/Sprites/GRH_61748.asset","Assets/AOMigrator/MapVisualV063/Textures/tex_5087.png",".png",1,1,1,1,1,"","Predominio verde 0.33, sat 0.61"
"OK",61749,"GRH 61749 (tex_5087.png)",20,9,245,"Grass","Grass",0.866,1,"Assets/AOMigrator/MapVisualV063/Generated/Sprites/GRH_61749.asset","Assets/AOMigrator/MapVisualV063/Textures/tex_5087.png",".png",1,1,1,1,1,"","Predominio verde 0.27, sat 0.58"
"OK",61001,"GRH 61001 (tex_5087.png)",44,8,244,"Grass","Grass",1.000,1,"Assets/AOMigrator/MapVisualV063/Generated/Sprites/GRH_61001.asset","Assets/AOMigrator/MapVisualV063/Textures/tex_5087.png",".png",1,1,1,1,1,"","Predominio verde 0.89, sat 0.68"
"OK",61103,"GRH 61103 (tex_5087.png)",19,9,244,"Dirt","Dirt",1.000,1,"Assets/AOMigrator/MapVisualV063/Generated/Sprites/GRH_61103.asset","Assets/AOMigrator/MapVisualV063/Textures/tex_5087.png",".png",1,1,1,1,1,"","Predominio marrón 0.96, sat 0.56"
"OK",60989,"GRH 60989 (tex_5087.png)",43,8,243,"Grass","Grass",1.000,1,"Assets/AOMigrator/MapVisualV063/Generated/Sprites/GRH_60989.asset","Assets/AOMigrator/MapVisualV063/Textures/tex_5087.png",".png",1,1,1,1,1,"","Predominio verde 0.72, sat 0.63"
"OK",61102,"GRH 61102 (tex_5087.png)",18,9,243,"Dirt","Dirt",1.000,1,"Assets/AOMigrator/MapVisualV063/Generated/Sprites/GRH_61102.asset","Assets/AOMigrator/MapVisualV063/Textures/tex_5087.png",".png",1,1,1,1,1,"","Predominio marrón 0.88, sat 0.58"
"OK",61111,"GRH 61111 (tex_5087.png)",17,9,242,"Grass","Grass",1.000,1,"Assets/AOMigrator/MapVisualV063/Generated/Sprites/GRH_61111.asset","Assets/AOMigrator/MapVisualV063/Textures/tex_5087.png",".png",1,1,1,1,1,"","Predominio verde 0.80, sat 0.68"
"OK",61385,"GRH 61385 (tex_5087.png)",17,9,242,"Grass","Grass",1.000,1,"Assets/AOMigrator/MapVisualV063/Generated/Sprites/GRH_61385.asset","Assets/AOMigrator/MapVisualV063/Textures/tex_5087.png",".png",1,1,1,1,1,"","Predominio verde 0.92, sat 0.69"
"OK",6065,"GRH 6065 (tex_6001.png)",41,8,241,"Grass","Grass",1.000,1,"Assets/AOMigrator/MapVisualV063/Generated/Sprites/GRH_6065.asset","Assets/AOMigrator/MapVisualV063/Textures/tex_6001.png",".png",1,1,1,1,1,"","Predominio verde 0.87, sat 0.71"
"OK",60988,"GRH 60988 (tex_5087.png)",41,8,241,"Grass","Grass",1.000,1,"Assets/AOMigrator/MapVisualV063/Generated/Sprites/GRH_60988.asset","Assets/AOMigrator/MapVisualV063/Textures/tex_5087.png",".png",1,1,1,1,1,"","Predominio verde 0.53, sat 0.62"
"OK",60990,"GRH 60990 (tex_5087.png)",41,8,241,"Grass","Grass",1.000,1,"Assets/AOMigrator/MapVisualV063/Generated/Sprites/GRH_60990.asset","Assets/AOMigrator/MapVisualV063/Textures/tex_5087.png",".png",1,1,1,1,1,"","Predominio verde 0.84, sat 0.69"
"OK",60992,"GRH 60992 (tex_5087.png)",41,8,241,"Grass","Grass",1.000,1,"Assets/AOMigrator/MapVisualV063/Generated/Sprites/GRH_60992.asset","Assets/AOMigrator/MapVisualV063/Textures/tex_5087.png",".png",1,1,1,1,1,"","Predominio verde 0.79, sat 0.65"
"OK",60993,"GRH 60993 (tex_5087.png)",41,8,241,"Grass","Grass",1.000,1,"Assets/AOMigrator/MapVisualV063/Generated/Sprites/GRH_60993.asset","Assets/AOMigrator/MapVisualV063/Textures/tex_5087.png",".png",1,1,1,1,1,"","Predominio verde 0.74, sat 0.64"
"OK",60994,"GRH 60994 (tex_5087.png)",41,8,241,"Grass","Grass",1.000,1,"Assets/AOMigrator/MapVisualV063/Generated/Sprites/GRH_60994.asset","Assets/AOMigrator/MapVisualV063/Textures/tex_5087.png",".png",1,1,1,1,1,"","Predominio verde 0.88, sat 0.67"
"OK",60996,"GRH 60996 (tex_5087.png)",41,8,241,"Grass","Grass",1.000,1,"Assets/AOMigrator/MapVisualV063/Generated/Sprites/GRH_60996.asset","Assets/AOMigrator/MapVisualV063/Textures/tex_5087.png",".png",1,1,1,1,1,"","Predominio verde 0.87, sat 0.68"
"OK",60997,"GRH 60997 (tex_5087.png)",41,8,241,"Grass","Grass",1.000,1,"Assets/AOMigrator/MapVisualV063/Generated/Sprites/GRH_60997.asset","Assets/AOMigrator/MapVisualV063/Textures/tex_5087.png",".png",1,1,1,1,1,"","Predominio verde 0.87, sat 0.69"
"OK",60998,"GRH 60998 (tex_5087.png)",41,8,241,"Grass","Grass",1.000,1,"Assets/AOMigrator/MapVisualV063/Generated/Sprites/GRH_60998.asset","Assets/AOMigrator/MapVisualV063/Textures/tex_5087.png",".png",1,1,1,1,1,"","Predominio verde 0.84, sat 0.68"
"OK",61106,"GRH 61106 (tex_5087.png)",16,9,241,"Grass","Grass",1.000,1,"Assets/AOMigrator/MapVisualV063/Generated/Sprites/GRH_61106.asset","Assets/AOMigrator/MapVisualV063/Textures/tex_5087.png",".png",1,1,1,1,1,"","Predominio verde 0.69, sat 0.62"
"OK",61110,"GRH 61110 (tex_5087.png)",16,9,241,"Grass","Grass",1.000,1,"Assets/AOMigrator/MapVisualV063/Generated/Sprites/GRH_61110.asset","Assets/AOMigrator/MapVisualV063/Textures/tex_5087.png",".png",1,1,1,1,1,"","Predominio verde 0.77, sat 0.64"
"OK",61372,"GRH 61372 (tex_5087.png)",16,9,241,"Dirt","Dirt",1.000,1,"Assets/AOMigrator/MapVisualV063/Generated/Sprites/GRH_61372.asset","Assets/AOMigrator/MapVisualV063/Textures/tex_5087.png",".png",1,1,1,1,1,"","Predominio marrón 0.92, sat 0.56"
"OK",61373,"GRH 61373 (tex_5087.png)",16,9,241,"Dirt","Dirt",1.000,1,"Assets/AOMigrator/MapVisualV063/Generated/Sprites/GRH_61373.asset","Assets/AOMigrator/MapVisualV063/Textures/tex_5087.png",".png",1,1,1,1,1,"","Predominio marrón 0.86, sat 0.57"
"OK",61376,"GRH 61376 (tex_5087.png)",16,9,241,"Grass","Grass",1.000,1,"Assets/AOMigrator/MapVisualV063/Generated/Sprites/GRH_61376.asset","Assets/AOMigrator/MapVisualV063/Textures/tex_5087.png",".png",1,1,1,1,1,"","Predominio verde 0.67, sat 0.65"
"OK",61377,"GRH 61377 (tex_5087.png)",16,9,241,"Grass","Grass",0.863,1,"Assets/AOMigrator/MapVisualV063/Generated/Sprites/GRH_61377.asset","Assets/AOMigrator/MapVisualV063/Textures/tex_5087.png",".png",1,1,1,1,1,"","Predominio verde 0.27, sat 0.58"
"OK",61380,"GRH 61380 (tex_5087.png)",16,9,241,"Grass","Grass",1.000,1,"Assets/AOMigrator/MapVisualV063/Generated/Sprites/GRH_61380.asset","Assets/AOMigrator/MapVisualV063/Textures/tex_5087.png",".png",1,1,1,1,1,"","Predominio verde 0.85, sat 0.68"
"OK",61381,"GRH 61381 (tex_5087.png)",16,9,241,"Grass","Grass",1.000,1,"Assets/AOMigrator/MapVisualV063/Generated/Sprites/GRH_61381.asset","Assets/AOMigrator/MapVisualV063/Textures/tex_5087.png",".png",1,1,1,1,1,"","Predominio verde 0.79, sat 0.66"
"OK",6229,"GRH 6229 (tex_6003.png)",15,9,240,"Grass","Grass",1.000,1,"Assets/AOMigrator/MapVisualV063/Generated/Sprites/GRH_6229.asset","Assets/AOMigrator/MapVisualV063/Textures/tex_6003.png",".png",1,1,1,1,1,"","Predominio verde 0.78, sat 0.71"
"OK",61614,"GRH 61614 (tex_5087.png)",14,9,239,"Dirt","Dirt",1.000,1,"Assets/AOMigrator/MapVisualV063/Generated/Sprites/GRH_61614.asset","Assets/AOMigrator/MapVisualV063/Textures/tex_5087.png",".png",1,1,1,1,1,"","Predominio marrón 0.99, sat 0.55"
"OK",61615,"GRH 61615 (tex_5087.png)",14,9,239,"Dirt","Dirt",1.000,1,"Assets/AOMigrator/MapVisualV063/Generated/Sprites/GRH_61615.asset","Assets/AOMigrator/MapVisualV063/Textures/tex_5087.png",".png",1,1,1,1,1,"","Predominio marrón 0.99, sat 0.55"
"OK",61618,"GRH 61618 (tex_5087.png)",14,9,239,"Dirt","Dirt",1.000,1,"Assets/AOMigrator/MapVisualV063/Generated/Sprites/GRH_61618.asset","Assets/AOMigrator/MapVisualV063/Textures/tex_5087.png",".png",1,1,1,1,1,"","Predominio marrón 0.93, sat 0.57"
"OK",61619,"GRH 61619 (tex_5087.png)",14,9,239,"Dirt","Dirt",1.000,1,"Assets/AOMigrator/MapVisualV063/Generated/Sprites/GRH_61619.asset","Assets/AOMigrator/MapVisualV063/Textures/tex_5087.png",".png",1,1,1,1,1,"","Predominio marrón 0.92, sat 0.54"
"OK",61622,"GRH 61622 (tex_5087.png)",14,9,239,"Dirt","Dirt",1.000,1,"Assets/AOMigrator/MapVisualV063/Generated/Sprites/GRH_61622.asset","Assets/AOMigrator/MapVisualV063/Textures/tex_5087.png",".png",1,1,1,1,1,"","Predominio marrón 0.84, sat 0.58"
"OK",61623,"GRH 61623 (tex_5087.png)",14,9,239,"Grass","Grass",0.930,1,"Assets/AOMigrator/MapVisualV063/Generated/Sprites/GRH_61623.asset","Assets/AOMigrator/MapVisualV063/Textures/tex_5087.png",".png",1,1,1,1,1,"","Predominio verde 0.34, sat 0.57"
"OK",61626,"GRH 61626 (tex_5087.png)",14,9,239,"Dirt","Dirt",1.000,1,"Assets/AOMigrator/MapVisualV063/Generated/Sprites/GRH_61626.asset","Assets/AOMigrator/MapVisualV063/Textures/tex_5087.png",".png",1,1,1,1,1,"","Predominio marrón 0.88, sat 0.56"
"OK",61627,"GRH 61627 (tex_5087.png)",14,9,239,"Dirt","Dirt",1.000,1,"Assets/AOMigrator/MapVisualV063/Generated/Sprites/GRH_61627.asset","Assets/AOMigrator/MapVisualV063/Textures/tex_5087.png",".png",1,1,1,1,1,"","Predominio marrón 0.95, sat 0.53"
"OK",6424,"GRH 6424 (tex_6215.png)",13,9,238,"Dirt","Dirt",1.000,1,"Assets/AOMigrator/MapVisualV063/Generated/Sprites/GRH_6424.asset","Assets/AOMigrator/MapVisualV063/Textures/tex_6215.png",".png",1,1,1,1,1,"","Predominio marrón 0.88, sat 0.49"
"OK",61003,"GRH 61003 (tex_5087.png)",38,8,238,"Grass","Grass",1.000,1,"Assets/AOMigrator/MapVisualV063/Generated/Sprites/GRH_61003.asset","Assets/AOMigrator/MapVisualV063/Textures/tex_5087.png",".png",1,1,1,1,1,"","Predominio verde 0.92, sat 0.70"
"OK",60991,"GRH 60991 (tex_5087.png)",37,8,237,"Grass","Grass",1.000,1,"Assets/AOMigrator/MapVisualV063/Generated/Sprites/GRH_60991.asset","Assets/AOMigrator/MapVisualV063/Textures/tex_5087.png",".png",1,1,1,1,1,"","Predominio verde 0.93, sat 0.69"
"OK",61458,"GRH 61458 (tex_5087.png)",36,8,236,"Grass","Grass",1.000,1,"Assets/AOMigrator/MapVisualV063/Generated/Sprites/GRH_61458.asset","Assets/AOMigrator/MapVisualV063/Textures/tex_5087.png",".png",1,1,1,1,1,"","Predominio verde 0.86, sat 0.69"
"OK",61462,"GRH 61462 (tex_5087.png)",36,8,236,"Grass","Grass",1.000,1,"Assets/AOMigrator/MapVisualV063/Generated/Sprites/GRH_61462.asset","Assets/AOMigrator/MapVisualV063/Textures/tex_5087.png",".png",1,1,1,1,1,"","Predominio verde 0.66, sat 0.65"
"OK",61466,"GRH 61466 (tex_5087.png)",36,8,236,"Grass","Grass",1.000,1,"Assets/AOMigrator/MapVisualV063/Generated/Sprites/GRH_61466.asset","Assets/AOMigrator/MapVisualV063/Textures/tex_5087.png",".png",1,1,1,1,1,"","Predominio verde 0.71, sat 0.65"
"OK",60995,"GRH 60995 (tex_5087.png)",35,8,235,"Grass","Grass",1.000,1,"Assets/AOMigrator/MapVisualV063/Generated/Sprites/GRH_60995.asset","Assets/AOMigrator/MapVisualV063/Textures/tex_5087.png",".png",1,1,1,1,1,"","Predominio verde 0.92, sat 0.69"
"OK",60999,"GRH 60999 (tex_5087.png)",35,8,235,"Grass","Grass",1.000,1,"Assets/AOMigrator/MapVisualV063/Generated/Sprites/GRH_60999.asset","Assets/AOMigrator/MapVisualV063/Textures/tex_5087.png",".png",1,1,1,1,1,"","Predominio verde 0.90, sat 0.69"
"OK",61454,"GRH 61454 (tex_5087.png)",34,8,234,"Grass","Grass",1.000,1,"Assets/AOMigrator/MapVisualV063/Generated/Sprites/GRH_61454.asset","Assets/AOMigrator/MapVisualV063/Textures/tex_5087.png",".png",1,1,1,1,1,"","Predominio verde 0.87, sat 0.69"
"OK",6440,"GRH 6440 (tex_6215.png)",32,8,232,"Grass","Grass",1.000,1,"Assets/AOMigrator/MapVisualV063/Generated/Sprites/GRH_6440.asset","Assets/AOMigrator/MapVisualV063/Textures/tex_6215.png",".png",1,1,1,1,1,"","Predominio verde 0.93, sat 0.72"
"OK",6123,"GRH 6123 (tex_6001.png)",31,8,231,"Grass","Grass",1.000,1,"Assets/AOMigrator/MapVisualV063/Generated/Sprites/GRH_6123.asset","Assets/AOMigrator/MapVisualV063/Textures/tex_6001.png",".png",1,1,1,1,1,"","Predominio verde 0.79, sat 0.71"
"OK",6436,"GRH 6436 (tex_6215.png)",31,8,231,"Grass","Grass",1.000,1,"Assets/AOMigrator/MapVisualV063/Generated/Sprites/GRH_6436.asset","Assets/AOMigrator/MapVisualV063/Textures/tex_6215.png",".png",1,1,1,1,1,"","Predominio verde 0.93, sat 0.72"
"OK",6115,"GRH 6115 (tex_6001.png)",30,8,230,"Grass","Grass",1.000,1,"Assets/AOMigrator/MapVisualV063/Generated/Sprites/GRH_6115.asset","Assets/AOMigrator/MapVisualV063/Textures/tex_6001.png",".png",1,1,1,1,1,"","Predominio verde 0.89, sat 0.71"
"OK",6119,"GRH 6119 (tex_6001.png)",30,8,230,"Grass","Grass",1.000,1,"Assets/AOMigrator/MapVisualV063/Generated/Sprites/GRH_6119.asset","Assets/AOMigrator/MapVisualV063/Textures/tex_6001.png",".png",1,1,1,1,1,"","Predominio verde 0.86, sat 0.71"
"OK",6340,"GRH 6340 (tex_6215.png)",30,8,230,"Dirt","Dirt",1.000,1,"Assets/AOMigrator/MapVisualV063/Generated/Sprites/GRH_6340.asset","Assets/AOMigrator/MapVisualV063/Textures/tex_6215.png",".png",1,1,1,1,1,"","Predominio marrón 0.84, sat 0.52"
"OK",6344,"GRH 6344 (tex_6215.png)",30,8,230,"Dirt","Dirt",1.000,1,"Assets/AOMigrator/MapVisualV063/Generated/Sprites/GRH_6344.asset","Assets/AOMigrator/MapVisualV063/Textures/tex_6215.png",".png",1,1,1,1,1,"","Predominio marrón 0.88, sat 0.51"
"OK",61459,"GRH 61459 (tex_5087.png)",30,8,230,"Grass","Grass",1.000,1,"Assets/AOMigrator/MapVisualV063/Generated/Sprites/GRH_61459.asset","Assets/AOMigrator/MapVisualV063/Textures/tex_5087.png",".png",1,1,1,1,1,"","Predominio verde 0.90, sat 0.69"
"OK",61463,"GRH 61463 (tex_5087.png)",30,8,230,"Grass","Grass",1.000,1,"Assets/AOMigrator/MapVisualV063/Generated/Sprites/GRH_61463.asset","Assets/AOMigrator/MapVisualV063/Textures/tex_5087.png",".png",1,1,1,1,1,"","Predominio verde 0.84, sat 0.69"
"OK",61467,"GRH 61467 (tex_5087.png)",30,8,230,"Grass","Grass",1.000,1,"Assets/AOMigrator/MapVisualV063/Generated/Sprites/GRH_61467.asset","Assets/AOMigrator/MapVisualV063/Textures/tex_5087.png",".png",1,1,1,1,1,"","Predominio verde 0.91, sat 0.69"
"OK",61759,"GRH 61759 (tex_5087.png)",30,8,230,"Grass","Grass",1.000,1,"Assets/AOMigrator/MapVisualV063/Generated/Sprites/GRH_61759.asset","Assets/AOMigrator/MapVisualV063/Textures/tex_5087.png",".png",1,1,1,1,1,"","Predominio verde 0.93, sat 0.70"
"OK",61763,"GRH 61763 (tex_5087.png)",30,8,230,"Grass","Grass",1.000,1,"Assets/AOMigrator/MapVisualV063/Generated/Sprites/GRH_61763.asset","Assets/AOMigrator/MapVisualV063/Textures/tex_5087.png",".png",1,1,1,1,1,"","Predominio verde 0.86, sat 0.68"
"OK",61767,"GRH 61767 (tex_5087.png)",30,8,230,"Grass","Grass",1.000,1,"Assets/AOMigrator/MapVisualV063/Generated/Sprites/GRH_61767.asset","Assets/AOMigrator/MapVisualV063/Textures/tex_5087.png",".png",1,1,1,1,1,"","Predominio verde 0.74, sat 0.67"
"OK",61771,"GRH 61771 (tex_5087.png)",30,8,230,"Grass","Grass",1.000,1,"Assets/AOMigrator/MapVisualV063/Generated/Sprites/GRH_61771.asset","Assets/AOMigrator/MapVisualV063/Textures/tex_5087.png",".png",1,1,1,1,1,"","Predominio verde 0.92, sat 0.69"
"OK",6336,"GRH 6336 (tex_6215.png)",29,8,229,"Grass","Grass",1.000,1,"Assets/AOMigrator/MapVisualV063/Generated/Sprites/GRH_6336.asset","Assets/AOMigrator/MapVisualV063/Textures/tex_6215.png",".png",1,1,1,1,1,"","Predominio verde 0.93, sat 0.73"
"OK",6339,"GRH 6339 (tex_6215.png)",29,8,229,"Grass","Grass",1.000,1,"Assets/AOMigrator/MapVisualV063/Generated/Sprites/GRH_6339.asset","Assets/AOMigrator/MapVisualV063/Textures/tex_6215.png",".png",1,1,1,1,1,"","Predominio verde 0.93, sat 0.73"
"OK",61455,"GRH 61455 (tex_5087.png)",29,8,229,"Grass","Grass",1.000,1,"Assets/AOMigrator/MapVisualV063/Generated/Sprites/GRH_61455.asset","Assets/AOMigrator/MapVisualV063/Textures/tex_5087.png",".png",1,1,1,1,1,"","Predominio verde 0.94, sat 0.70"
"OK",6337,"GRH 6337 (tex_6215.png)",27,8,227,"Grass","Grass",1.000,1,"Assets/AOMigrator/MapVisualV063/Generated/Sprites/GRH_6337.asset","Assets/AOMigrator/MapVisualV063/Textures/tex_6215.png",".png",1,1,1,1,1,"","Predominio verde 0.87, sat 0.72"
"OK",6338,"GRH 6338 (tex_6215.png)",27,8,227,"Grass","Grass",1.000,1,"Assets/AOMigrator/MapVisualV063/Generated/Sprites/GRH_6338.asset","Assets/AOMigrator/MapVisualV063/Textures/tex_6215.png",".png",1,1,1,1,1,"","Predominio verde 0.86, sat 0.73"
"OK",6341,"GRH 6341 (tex_6215.png)",27,8,227,"Dirt","Dirt",1.000,1,"Assets/AOMigrator/MapVisualV063/Generated/Sprites/GRH_6341.asset","Assets/AOMigrator/MapVisualV063/Textures/tex_6215.png",".png",1,1,1,1,1,"","Predominio marrón 0.85, sat 0.53"
"OK",6342,"GRH 6342 (tex_6215.png)",27,8,227,"Dirt","Dirt",1.000,1,"Assets/AOMigrator/MapVisualV063/Generated/Sprites/GRH_6342.asset","Assets/AOMigrator/MapVisualV063/Textures/tex_6215.png",".png",1,1,1,1,1,"","Predominio marrón 0.91, sat 0.56"
"OK",6345,"GRH 6345 (tex_6215.png)",27,8,227,"Dirt","Dirt",1.000,1,"Assets/AOMigrator/MapVisualV063/Generated/Sprites/GRH_6345.asset","Assets/AOMigrator/MapVisualV063/Textures/tex_6215.png",".png",1,1,1,1,1,"","Predominio marrón 0.87, sat 0.52"
"OK",6346,"GRH 6346 (tex_6215.png)",27,8,227,"Grass","Grass",0.875,1,"Assets/AOMigrator/MapVisualV063/Generated/Sprites/GRH_6346.asset","Assets/AOMigrator/MapVisualV063/Textures/tex_6215.png",".png",1,1,1,1,1,"","Predominio verde 0.28, sat 0.57"
"OK",6348,"GRH 6348 (tex_6215.png)",27,8,227,"Grass","Grass",1.000,1,"Assets/AOMigrator/MapVisualV063/Generated/Sprites/GRH_6348.asset","Assets/AOMigrator/MapVisualV063/Textures/tex_6215.png",".png",1,1,1,1,1,"","Predominio verde 0.93, sat 0.72"
"OK",6349,"GRH 6349 (tex_6215.png)",27,8,227,"Grass","Grass",1.000,1,"Assets/AOMigrator/MapVisualV063/Generated/Sprites/GRH_6349.asset","Assets/AOMigrator/MapVisualV063/Textures/tex_6215.png",".png",1,1,1,1,1,"","Predominio verde 0.94, sat 0.72"
"OK",6350,"GRH 6350 (tex_6215.png)",27,8,227,"Grass","Grass",1.000,1,"Assets/AOMigrator/MapVisualV063/Generated/Sprites/GRH_6350.asset","Assets/AOMigrator/MapVisualV063/Textures/tex_6215.png",".png",1,1,1,1,1,"","Predominio verde 0.94, sat 0.72"
"OK",6343,"GRH 6343 (tex_6215.png)",25,8,225,"Grass","Grass",1.000,1,"Assets/AOMigrator/MapVisualV063/Generated/Sprites/GRH_6343.asset","Assets/AOMigrator/MapVisualV063/Textures/tex_6215.png",".png",1,1,1,1,1,"","Predominio verde 0.89, sat 0.72"
"OK",6347,"GRH 6347 (tex_6215.png)",25,8,225,"Grass","Grass",1.000,1,"Assets/AOMigrator/MapVisualV063/Generated/Sprites/GRH_6347.asset","Assets/AOMigrator/MapVisualV063/Textures/tex_6215.png",".png",1,1,1,1,1,"","Predominio verde 0.80, sat 0.72"
"OK",6351,"GRH 6351 (tex_6215.png)",25,8,225,"Grass","Grass",1.000,1,"Assets/AOMigrator/MapVisualV063/Generated/Sprites/GRH_6351.asset","Assets/AOMigrator/MapVisualV063/Textures/tex_6215.png",".png",1,1,1,1,1,"","Predominio verde 0.92, sat 0.73"
"OK",6444,"GRH 6444 (tex_6215.png)",25,8,225,"Grass","Grass",1.000,1,"Assets/AOMigrator/MapVisualV063/Generated/Sprites/GRH_6444.asset","Assets/AOMigrator/MapVisualV063/Textures/tex_6215.png",".png",1,1,1,1,1,"","Predominio verde 0.92, sat 0.73"
"OK",16136,"GRH 16136 (tex_5065.png)",24,8,224,"Transition","Transition",0.891,1,"Assets/AOMigrator/MapVisualV063/Generated/Sprites/GRH_16136.asset","Assets/AOMigrator/MapVisualV063/Textures/tex_5065.png",".png",1,1,1,1,1,"","Transición: Layer2 100%, cobertura 50%, edge 0.26"
"OK",6499,"GRH 6499 (tex_6215.png)",23,8,223,"Grass","Grass",1.000,1,"Assets/AOMigrator/MapVisualV063/Generated/Sprites/GRH_6499.asset","Assets/AOMigrator/MapVisualV063/Textures/tex_6215.png",".png",1,1,1,1,1,"","Predominio verde 0.89, sat 0.71"
"OK",6447,"GRH 6447 (tex_6215.png)",22,8,222,"Grass","Grass",1.000,1,"Assets/AOMigrator/MapVisualV063/Generated/Sprites/GRH_6447.asset","Assets/AOMigrator/MapVisualV063/Textures/tex_6215.png",".png",1,1,1,1,1,"","Predominio verde 0.94, sat 0.73"
"OK",61743,"GRH 61743 (tex_5087.png)",21,8,221,"Dirt","Dirt",1.000,1,"Assets/AOMigrator/MapVisualV063/Generated/Sprites/GRH_61743.asset","Assets/AOMigrator/MapVisualV063/Textures/tex_5087.png",".png",1,1,1,1,1,"","Predominio marrón 0.95, sat 0.56"
"OK",61747,"GRH 61747 (tex_5087.png)",21,8,221,"Grass","Grass",1.000,1,"Assets/AOMigrator/MapVisualV063/Generated/Sprites/GRH_61747.asset","Assets/AOMigrator/MapVisualV063/Textures/tex_5087.png",".png",1,1,1,1,1,"","Predominio verde 0.52, sat 0.61"
"OK",61751,"GRH 61751 (tex_5087.png)",21,8,221,"Grass","Grass",1.000,1,"Assets/AOMigrator/MapVisualV063/Generated/Sprites/GRH_61751.asset","Assets/AOMigrator/MapVisualV063/Textures/tex_5087.png",".png",1,1,1,1,1,"","Predominio verde 0.81, sat 0.68"
"OK",61755,"GRH 61755 (tex_5087.png)",21,8,221,"Grass","Grass",1.000,1,"Assets/AOMigrator/MapVisualV063/Generated/Sprites/GRH_61755.asset","Assets/AOMigrator/MapVisualV063/Textures/tex_5087.png",".png",1,1,1,1,1,"","Predominio verde 0.90, sat 0.69"
"OK",61884,"GRH 61884 (tex_5087.png)",21,8,221,"Grass","Grass",1.000,1,"Assets/AOMigrator/MapVisualV063/Generated/Sprites/GRH_61884.asset","Assets/AOMigrator/MapVisualV063/Textures/tex_5087.png",".png",1,1,1,1,1,"","Predominio verde 0.89, sat 0.69"
"OK",61885,"GRH 61885 (tex_5087.png)",21,8,221,"Grass","Grass",1.000,1,"Assets/AOMigrator/MapVisualV063/Generated/Sprites/GRH_61885.asset","Assets/AOMigrator/MapVisualV063/Textures/tex_5087.png",".png",1,1,1,1,1,"","Predominio verde 0.84, sat 0.68"
"OK",61888,"GRH 61888 (tex_5087.png)",21,8,221,"Grass","Grass",1.000,1,"Assets/AOMigrator/MapVisualV063/Generated/Sprites/GRH_61888.asset","Assets/AOMigrator/MapVisualV063/Textures/tex_5087.png",".png",1,1,1,1,1,"","Predominio verde 0.90, sat 0.69"
"OK",61889,"GRH 61889 (tex_5087.png)",21,8,221,"Grass","Grass",1.000,1,"Assets/AOMigrator/MapVisualV063/Generated/Sprites/GRH_61889.asset","Assets/AOMigrator/MapVisualV063/Textures/tex_5087.png",".png",1,1,1,1,1,"","Predominio verde 0.83, sat 0.69"
"OK",61892,"GRH 61892 (tex_5087.png)",21,8,221,"Grass","Grass",1.000,1,"Assets/AOMigrator/MapVisualV063/Generated/Sprites/GRH_61892.asset","Assets/AOMigrator/MapVisualV063/Textures/tex_5087.png",".png",1,1,1,1,1,"","Predominio verde 0.89, sat 0.69"
"OK",61893,"GRH 61893 (tex_5087.png)",21,8,221,"Grass","Grass",1.000,1,"Assets/AOMigrator/MapVisualV063/Generated/Sprites/GRH_61893.asset","Assets/AOMigrator/MapVisualV063/Textures/tex_5087.png",".png",1,1,1,1,1,"","Predominio verde 0.73, sat 0.63"
"OK",61896,"GRH 61896 (tex_5087.png)",21,8,221,"Grass","Grass",1.000,1,"Assets/AOMigrator/MapVisualV063/Generated/Sprites/GRH_61896.asset","Assets/AOMigrator/MapVisualV063/Textures/tex_5087.png",".png",1,1,1,1,1,"","Predominio verde 0.88, sat 0.69"
"OK",61897,"GRH 61897 (tex_5087.png)",21,8,221,"Grass","Grass",1.000,1,"Assets/AOMigrator/MapVisualV063/Generated/Sprites/GRH_61897.asset","Assets/AOMigrator/MapVisualV063/Textures/tex_5087.png",".png",1,1,1,1,1,"","Predominio verde 0.86, sat 0.66"
"OK",61610,"GRH 61610 (tex_5087.png)",20,8,220,"Dirt","Dirt",1.000,1,"Assets/AOMigrator/MapVisualV063/Generated/Sprites/GRH_61610.asset","Assets/AOMigrator/MapVisualV063/Textures/tex_5087.png",".png",1,1,1,1,1,"","Predominio marrón 0.96, sat 0.55"
"OK",61611,"GRH 61611 (tex_5087.png)",20,8,220,"Dirt","Dirt",1.000,1,"Assets/AOMigrator/MapVisualV063/Generated/Sprites/GRH_61611.asset","Assets/AOMigrator/MapVisualV063/Textures/tex_5087.png",".png",1,1,1,1,1,"","Predominio marrón 1.00, sat 0.54"
"OK",61598,"GRH 61598 (tex_5087.png)",19,8,219,"Grass","Grass",1.000,1,"Assets/AOMigrator/MapVisualV063/Generated/Sprites/GRH_61598.asset","Assets/AOMigrator/MapVisualV063/Textures/tex_5087.png",".png",1,1,1,1,1,"","Predominio verde 0.78, sat 0.67"
"OK",61602,"GRH 61602 (tex_5087.png)",19,8,219,"Grass","Grass",1.000,1,"Assets/AOMigrator/MapVisualV063/Generated/Sprites/GRH_61602.asset","Assets/AOMigrator/MapVisualV063/Textures/tex_5087.png",".png",1,1,1,1,1,"","Predominio verde 0.55, sat 0.62"
"OK",61606,"GRH 61606 (tex_5087.png)",19,8,219,"Dirt","Dirt",1.000,1,"Assets/AOMigrator/MapVisualV063/Generated/Sprites/GRH_61606.asset","Assets/AOMigrator/MapVisualV063/Textures/tex_5087.png",".png",1,1,1,1,1,"","Predominio marrón 0.97, sat 0.55"
"OK",61740,"GRH 61740 (tex_5087.png)",19,8,219,"Dirt","Dirt",1.000,1,"Assets/AOMigrator/MapVisualV063/Generated/Sprites/GRH_61740.asset","Assets/AOMigrator/MapVisualV063/Textures/tex_5087.png",".png",1,1,1,1,1,"","Predominio marrón 1.00, sat 0.55"
"OK",61741,"GRH 61741 (tex_5087.png)",19,8,219,"Dirt","Dirt",1.000,1,"Assets/AOMigrator/MapVisualV063/Generated/Sprites/GRH_61741.asset","Assets/AOMigrator/MapVisualV063/Textures/tex_5087.png",".png",1,1,1,1,1,"","Predominio marrón 0.97, sat 0.56"
"OK",61899,"GRH 61899 (tex_5087.png)",19,8,219,"Grass","Grass",1.000,1,"Assets/AOMigrator/MapVisualV063/Generated/Sprites/GRH_61899.asset","Assets/AOMigrator/MapVisualV063/Textures/tex_5087.png",".png",1,1,1,1,1,"","Predominio verde 0.43, sat 0.58"
"OK",6310,"GRH 6310 (tex_6215.png)",18,8,218,"Dirt","Dirt",1.000,1,"Assets/AOMigrator/MapVisualV063/Generated/Sprites/GRH_6310.asset","Assets/AOMigrator/MapVisualV063/Textures/tex_6215.png",".png",1,1,1,1,1,"","Predominio marrón 0.81, sat 0.52"
"OK",6314,"GRH 6314 (tex_6215.png)",18,8,218,"Dirt","Dirt",1.000,1,"Assets/AOMigrator/MapVisualV063/Generated/Sprites/GRH_6314.asset","Assets/AOMigrator/MapVisualV063/Textures/tex_6215.png",".png",1,1,1,1,1,"","Predominio marrón 0.81, sat 0.53"
"OK",6432,"GRH 6432 (tex_6215.png)",18,8,218,"Grass","Grass",1.000,1,"Assets/AOMigrator/MapVisualV063/Generated/Sprites/GRH_6432.asset","Assets/AOMigrator/MapVisualV063/Textures/tex_6215.png",".png",1,1,1,1,1,"","Predominio verde 0.95, sat 0.72"
"OK",6308,"GRH 6308 (tex_6215.png)",17,8,217,"Grass","Grass",1.000,1,"Assets/AOMigrator/MapVisualV063/Generated/Sprites/GRH_6308.asset","Assets/AOMigrator/MapVisualV063/Textures/tex_6215.png",".png",1,1,1,1,1,"","Predominio verde 0.89, sat 0.72"
"OK",6309,"GRH 6309 (tex_6215.png)",17,8,217,"Grass","Grass",0.905,1,"Assets/AOMigrator/MapVisualV063/Generated/Sprites/GRH_6309.asset","Assets/AOMigrator/MapVisualV063/Textures/tex_6215.png",".png",1,1,1,1,1,"","Predominio verde 0.32, sat 0.60"
"OK",6312,"GRH 6312 (tex_6215.png)",17,8,217,"Grass","Grass",1.000,1,"Assets/AOMigrator/MapVisualV063/Generated/Sprites/GRH_6312.asset","Assets/AOMigrator/MapVisualV063/Textures/tex_6215.png",".png",1,1,1,1,1,"","Predominio verde 0.87, sat 0.72"
"OK",6313,"GRH 6313 (tex_6215.png)",17,8,217,"Grass","Grass",1.000,1,"Assets/AOMigrator/MapVisualV063/Generated/Sprites/GRH_6313.asset","Assets/AOMigrator/MapVisualV063/Textures/tex_6215.png",".png",1,1,1,1,1,"","Predominio verde 0.48, sat 0.62"
"OK",6316,"GRH 6316 (tex_6215.png)",17,8,217,"Grass","Grass",1.000,1,"Assets/AOMigrator/MapVisualV063/Generated/Sprites/GRH_6316.asset","Assets/AOMigrator/MapVisualV063/Textures/tex_6215.png",".png",1,1,1,1,1,"","Predominio verde 0.91, sat 0.72"
"OK",6317,"GRH 6317 (tex_6215.png)",17,8,217,"Grass","Grass",1.000,1,"Assets/AOMigrator/MapVisualV063/Generated/Sprites/GRH_6317.asset","Assets/AOMigrator/MapVisualV063/Textures/tex_6215.png",".png",1,1,1,1,1,"","Predominio verde 0.94, sat 0.72"
"OK",61214,"GRH 61214 (tex_5087.png)",17,8,217,"Grass","Grass",1.000,1,"Assets/AOMigrator/MapVisualV063/Generated/Sprites/GRH_61214.asset","Assets/AOMigrator/MapVisualV063/Textures/tex_5087.png",".png",1,1,1,1,1,"","Predominio verde 0.59, sat 0.63"
"OK",61215,"GRH 61215 (tex_5087.png)",17,8,217,"Grass","Grass",1.000,1,"Assets/AOMigrator/MapVisualV063/Generated/Sprites/GRH_61215.asset","Assets/AOMigrator/MapVisualV063/Textures/tex_5087.png",".png",1,1,1,1,1,"","Predominio verde 0.85, sat 0.68"
"OK",61218,"GRH 61218 (tex_5087.png)",17,8,217,"Grass","Grass",0.953,1,"Assets/AOMigrator/MapVisualV063/Generated/Sprites/GRH_61218.asset","Assets/AOMigrator/MapVisualV063/Textures/tex_5087.png",".png",1,1,1,1,1,"","Predominio verde 0.37, sat 0.60"
"OK",61219,"GRH 61219 (tex_5087.png)",17,8,217,"Grass","Grass",0.945,1,"Assets/AOMigrator/MapVisualV063/Generated/Sprites/GRH_61219.asset","Assets/AOMigrator/MapVisualV063/Textures/tex_5087.png",".png",1,1,1,1,1,"","Predominio verde 0.36, sat 0.59"
"OK",61222,"GRH 61222 (tex_5087.png)",17,8,217,"Dirt","Dirt",1.000,1,"Assets/AOMigrator/MapVisualV063/Generated/Sprites/GRH_61222.asset","Assets/AOMigrator/MapVisualV063/Textures/tex_5087.png",".png",1,1,1,1,1,"","Predominio marrón 0.92, sat 0.56"
"OK",61223,"GRH 61223 (tex_5087.png)",17,8,217,"Grass","Grass",0.981,1,"Assets/AOMigrator/MapVisualV063/Generated/Sprites/GRH_61223.asset","Assets/AOMigrator/MapVisualV063/Textures/tex_5087.png",".png",1,1,1,1,1,"","Predominio verde 0.40, sat 0.61"
"OK",61226,"GRH 61226 (tex_5087.png)",17,8,217,"Grass","Grass",0.853,1,"Assets/AOMigrator/MapVisualV063/Generated/Sprites/GRH_61226.asset","Assets/AOMigrator/MapVisualV063/Textures/tex_5087.png",".png",1,1,1,1,1,"","Predominio verde 0.26, sat 0.60"
"OK",61227,"GRH 61227 (tex_5087.png)",17,8,217,"Grass","Grass",0.902,1,"Assets/AOMigrator/MapVisualV063/Generated/Sprites/GRH_61227.asset","Assets/AOMigrator/MapVisualV063/Textures/tex_5087.png",".png",1,1,1,1,1,"","Predominio verde 0.31, sat 0.58"
"OK",61240,"GRH 61240 (tex_5087.png)",17,8,217,"Grass","Grass",1.000,1,"Assets/AOMigrator/MapVisualV063/Generated/Sprites/GRH_61240.asset","Assets/AOMigrator/MapVisualV063/Textures/tex_5087.png",".png",1,1,1,1,1,"","Predominio verde 0.89, sat 0.69"
"OK",6244,"GRH 6244 (tex_6003.png)",16,8,216,"Grass","Grass",1.000,1,"Assets/AOMigrator/MapVisualV063/Generated/Sprites/GRH_6244.asset","Assets/AOMigrator/MapVisualV063/Textures/tex_6003.png",".png",1,1,1,1,1,"","Predominio verde 0.88, sat 0.71"
"OK",61228,"GRH 61228 (tex_5087.png)",16,8,216,"Dirt","Dirt",1.000,1,"Assets/AOMigrator/MapVisualV063/Generated/Sprites/GRH_61228.asset","Assets/AOMigrator/MapVisualV063/Textures/tex_5087.png",".png",1,1,1,1,1,"","Predominio marrón 0.86, sat 0.57"
"OK",61232,"GRH 61232 (tex_5087.png)",16,8,216,"Grass","Grass",1.000,1,"Assets/AOMigrator/MapVisualV063/Generated/Sprites/GRH_61232.asset","Assets/AOMigrator/MapVisualV063/Textures/tex_5087.png",".png",1,1,1,1,1,"","Predominio verde 0.75, sat 0.66"
"OK",61236,"GRH 61236 (tex_5087.png)",16,8,216,"Grass","Grass",1.000,1,"Assets/AOMigrator/MapVisualV063/Generated/Sprites/GRH_61236.asset","Assets/AOMigrator/MapVisualV063/Textures/tex_5087.png",".png",1,1,1,1,1,"","Predominio verde 0.88, sat 0.69"
"OK",61324,"GRH 61324 (tex_5087.png)",16,8,216,"Grass","Grass",1.000,1,"Assets/AOMigrator/MapVisualV063/Generated/Sprites/GRH_61324.asset","Assets/AOMigrator/MapVisualV063/Textures/tex_5087.png",".png",1,1,1,1,1,"","Predominio verde 0.93, sat 0.70"
"OK",61325,"GRH 61325 (tex_5087.png)",16,8,216,"Grass","Grass",1.000,1,"Assets/AOMigrator/MapVisualV063/Generated/Sprites/GRH_61325.asset","Assets/AOMigrator/MapVisualV063/Textures/tex_5087.png",".png",1,1,1,1,1,"","Predominio verde 0.92, sat 0.69"
"OK",61328,"GRH 61328 (tex_5087.png)",16,8,216,"Grass","Grass",1.000,1,"Assets/AOMigrator/MapVisualV063/Generated/Sprites/GRH_61328.asset","Assets/AOMigrator/MapVisualV063/Textures/tex_5087.png",".png",1,1,1,1,1,"","Predominio verde 0.92, sat 0.69"
"OK",61329,"GRH 61329 (tex_5087.png)",16,8,216,"Grass","Grass",1.000,1,"Assets/AOMigrator/MapVisualV063/Generated/Sprites/GRH_61329.asset","Assets/AOMigrator/MapVisualV063/Textures/tex_5087.png",".png",1,1,1,1,1,"","Predominio verde 0.82, sat 0.68"
"OK",61332,"GRH 61332 (tex_5087.png)",16,8,216,"Grass","Grass",1.000,1,"Assets/AOMigrator/MapVisualV063/Generated/Sprites/GRH_61332.asset","Assets/AOMigrator/MapVisualV063/Textures/tex_5087.png",".png",1,1,1,1,1,"","Predominio verde 0.57, sat 0.63"
"OK",61333,"GRH 61333 (tex_5087.png)",16,8,216,"Grass","Grass",1.000,1,"Assets/AOMigrator/MapVisualV063/Generated/Sprites/GRH_61333.asset","Assets/AOMigrator/MapVisualV063/Textures/tex_5087.png",".png",1,1,1,1,1,"","Predominio verde 0.53, sat 0.62"
"OK",61336,"GRH 61336 (tex_5087.png)",16,8,216,"Dirt","Dirt",1.000,1,"Assets/AOMigrator/MapVisualV063/Generated/Sprites/GRH_61336.asset","Assets/AOMigrator/MapVisualV063/Textures/tex_5087.png",".png",1,1,1,1,1,"","Predominio marrón 0.83, sat 0.57"
"OK",61337,"GRH 61337 (tex_5087.png)",16,8,216,"Dirt","Dirt",1.000,1,"Assets/AOMigrator/MapVisualV063/Generated/Sprites/GRH_61337.asset","Assets/AOMigrator/MapVisualV063/Textures/tex_5087.png",".png",1,1,1,1,1,"","Predominio marrón 0.83, sat 0.56"
"OK",61384,"GRH 61384 (tex_5087.png)",16,8,216,"Grass","Grass",1.000,1,"Assets/AOMigrator/MapVisualV063/Generated/Sprites/GRH_61384.asset","Assets/AOMigrator/MapVisualV063/Textures/tex_5087.png",".png",1,1,1,1,1,"","Predominio verde 0.88, sat 0.69"
"OK",6245,"GRH 6245 (tex_6003.png)",15,8,215,"Grass","Grass",1.000,1,"Assets/AOMigrator/MapVisualV063/Generated/Sprites/GRH_6245.asset","Assets/AOMigrator/MapVisualV063/Textures/tex_6003.png",".png",1,1,1,1,1,"","Predominio verde 0.78, sat 0.71"
"OK",6246,"GRH 6246 (tex_6003.png)",15,8,215,"Grass","Grass",1.000,1,"Assets/AOMigrator/MapVisualV063/Generated/Sprites/GRH_6246.asset","Assets/AOMigrator/MapVisualV063/Textures/tex_6003.png",".png",1,1,1,1,1,"","Predominio verde 0.84, sat 0.71"
"OK",6247,"GRH 6247 (tex_6003.png)",15,8,215,"Grass","Grass",1.000,1,"Assets/AOMigrator/MapVisualV063/Generated/Sprites/GRH_6247.asset","Assets/AOMigrator/MapVisualV063/Textures/tex_6003.png",".png",1,1,1,1,1,"","Predominio verde 0.86, sat 0.71"
"OK",6248,"GRH 6248 (tex_6003.png)",15,8,215,"Grass","Grass",1.000,1,"Assets/AOMigrator/MapVisualV063/Generated/Sprites/GRH_6248.asset","Assets/AOMigrator/MapVisualV063/Textures/tex_6003.png",".png",1,1,1,1,1,"","Predominio verde 0.83, sat 0.71"
"OK",6249,"GRH 6249 (tex_6003.png)",15,8,215,"Grass","Grass",1.000,1,"Assets/AOMigrator/MapVisualV063/Generated/Sprites/GRH_6249.asset","Assets/AOMigrator/MapVisualV063/Textures/tex_6003.png",".png",1,1,1,1,1,"","Predominio verde 0.82, sat 0.71"
"OK",6250,"GRH 6250 (tex_6003.png)",15,8,215,"Grass","Grass",1.000,1,"Assets/AOMigrator/MapVisualV063/Generated/Sprites/GRH_6250.asset","Assets/AOMigrator/MapVisualV063/Textures/tex_6003.png",".png",1,1,1,1,1,"","Predominio verde 0.66, sat 0.70"
"OK",6251,"GRH 6251 (tex_6003.png)",15,8,215,"Grass","Grass",1.000,1,"Assets/AOMigrator/MapVisualV063/Generated/Sprites/GRH_6251.asset","Assets/AOMigrator/MapVisualV063/Textures/tex_6003.png",".png",1,1,1,1,1,"","Predominio verde 0.67, sat 0.70"
"OK",6253,"GRH 6253 (tex_6003.png)",15,8,215,"Grass","Grass",1.000,1,"Assets/AOMigrator/MapVisualV063/Generated/Sprites/GRH_6253.asset","Assets/AOMigrator/MapVisualV063/Textures/tex_6003.png",".png",1,1,1,1,1,"","Predominio verde 0.85, sat 0.71"
"OK",6254,"GRH 6254 (tex_6003.png)",15,8,215,"Grass","Grass",1.000,1,"Assets/AOMigrator/MapVisualV063/Generated/Sprites/GRH_6254.asset","Assets/AOMigrator/MapVisualV063/Textures/tex_6003.png",".png",1,1,1,1,1,"","Predominio verde 0.74, sat 0.70"
"OK",6255,"GRH 6255 (tex_6003.png)",15,8,215,"Grass","Grass",1.000,1,"Assets/AOMigrator/MapVisualV063/Generated/Sprites/GRH_6255.asset","Assets/AOMigrator/MapVisualV063/Textures/tex_6003.png",".png",1,1,1,1,1,"","Predominio verde 0.78, sat 0.69"
"OK",6311,"GRH 6311 (tex_6215.png)",15,8,215,"Grass","Grass",0.829,1,"Assets/AOMigrator/MapVisualV063/Generated/Sprites/GRH_6311.asset","Assets/AOMigrator/MapVisualV063/Textures/tex_6215.png",".png",1,1,1,1,1,"","Predominio verde 0.23, sat 0.53"
"OK",6315,"GRH 6315 (tex_6215.png)",15,8,215,"Dirt","Dirt",1.000,1,"Assets/AOMigrator/MapVisualV063/Generated/Sprites/GRH_6315.asset","Assets/AOMigrator/MapVisualV063/Textures/tex_6215.png",".png",1,1,1,1,1,"","Predominio marrón 0.84, sat 0.52"
"OK",6318,"GRH 6318 (tex_6215.png)",15,8,215,"Grass","Grass",1.000,1,"Assets/AOMigrator/MapVisualV063/Generated/Sprites/GRH_6318.asset","Assets/AOMigrator/MapVisualV063/Textures/tex_6215.png",".png",1,1,1,1,1,"","Predominio verde 0.86, sat 0.72"
"OK",6319,"GRH 6319 (tex_6215.png)",15,8,215,"Grass","Grass",1.000,1,"Assets/AOMigrator/MapVisualV063/Generated/Sprites/GRH_6319.asset","Assets/AOMigrator/MapVisualV063/Textures/tex_6215.png",".png",1,1,1,1,1,"","Predominio verde 0.95, sat 0.72"
"OK",61341,"GRH 61341 (tex_5087.png)",15,8,215,"Grass","Grass",1.000,1,"Assets/AOMigrator/MapVisualV063/Generated/Sprites/GRH_61341.asset","Assets/AOMigrator/MapVisualV063/Textures/tex_5087.png",".png",1,1,1,1,1,"","Predominio verde 0.92, sat 0.69"
"OK",61345,"GRH 61345 (tex_5087.png)",15,8,215,"Grass","Grass",1.000,1,"Assets/AOMigrator/MapVisualV063/Generated/Sprites/GRH_61345.asset","Assets/AOMigrator/MapVisualV063/Textures/tex_5087.png",".png",1,1,1,1,1,"","Predominio verde 0.71, sat 0.66"
"OK",61353,"GRH 61353 (tex_5087.png)",15,8,215,"Dirt","Dirt",1.000,1,"Assets/AOMigrator/MapVisualV063/Generated/Sprites/GRH_61353.asset","Assets/AOMigrator/MapVisualV063/Textures/tex_5087.png",".png",1,1,1,1,1,"","Predominio marrón 0.79, sat 0.57"
"OK",6241,"GRH 6241 (tex_6003.png)",14,8,214,"Grass","Grass",1.000,1,"Assets/AOMigrator/MapVisualV063/Generated/Sprites/GRH_6241.asset","Assets/AOMigrator/MapVisualV063/Textures/tex_6003.png",".png",1,1,1,1,1,"","Predominio verde 0.84, sat 0.71"
"OK",6242,"GRH 6242 (tex_6003.png)",14,8,214,"Grass","Grass",1.000,1,"Assets/AOMigrator/MapVisualV063/Generated/Sprites/GRH_6242.asset","Assets/AOMigrator/MapVisualV063/Textures/tex_6003.png",".png",1,1,1,1,1,"","Predominio verde 0.81, sat 0.71"
"OK",6243,"GRH 6243 (tex_6003.png)",14,8,214,"Grass","Grass",1.000,1,"Assets/AOMigrator/MapVisualV063/Generated/Sprites/GRH_6243.asset","Assets/AOMigrator/MapVisualV063/Textures/tex_6003.png",".png",1,1,1,1,1,"","Predominio verde 0.89, sat 0.71"
"OK",6252,"GRH 6252 (tex_6003.png)",13,8,213,"Grass","Grass",1.000,1,"Assets/AOMigrator/MapVisualV063/Generated/Sprites/GRH_6252.asset","Assets/AOMigrator/MapVisualV063/Textures/tex_6003.png",".png",1,1,1,1,1,"","Predominio verde 0.83, sat 0.71"
"OK",6385,"GRH 6385 (tex_6215.png)",13,8,213,"Dirt","Dirt",1.000,1,"Assets/AOMigrator/MapVisualV063/Generated/Sprites/GRH_6385.asset","Assets/AOMigrator/MapVisualV063/Textures/tex_6215.png",".png",1,1,1,1,1,"","Predominio marrón 0.95, sat 0.48"
"OK",61340,"GRH 61340 (tex_5087.png)",13,8,213,"Grass","Grass",1.000,1,"Assets/AOMigrator/MapVisualV063/Generated/Sprites/GRH_61340.asset","Assets/AOMigrator/MapVisualV063/Textures/tex_5087.png",".png",1,1,1,1,1,"","Predominio verde 0.93, sat 0.70"
"OK",61344,"GRH 61344 (tex_5087.png)",13,8,213,"Grass","Grass",1.000,1,"Assets/AOMigrator/MapVisualV063/Generated/Sprites/GRH_61344.asset","Assets/AOMigrator/MapVisualV063/Textures/tex_5087.png",".png",1,1,1,1,1,"","Predominio verde 0.65, sat 0.64"
"OK",61348,"GRH 61348 (tex_5087.png)",13,8,213,"Grass","Grass",0.999,1,"Assets/AOMigrator/MapVisualV063/Generated/Sprites/GRH_61348.asset","Assets/AOMigrator/MapVisualV063/Textures/tex_5087.png",".png",1,1,1,1,1,"","Predominio verde 0.42, sat 0.61"
"OK",61349,"GRH 61349 (tex_5087.png)",13,8,213,"Dirt","Dirt",1.000,1,"Assets/AOMigrator/MapVisualV063/Generated/Sprites/GRH_61349.asset","Assets/AOMigrator/MapVisualV063/Textures/tex_5087.png",".png",1,1,1,1,1,"","Predominio marrón 0.87, sat 0.55"
"OK",61352,"GRH 61352 (tex_5087.png)",13,8,213,"Grass","Grass",0.987,1,"Assets/AOMigrator/MapVisualV063/Generated/Sprites/GRH_61352.asset","Assets/AOMigrator/MapVisualV063/Textures/tex_5087.png",".png",1,1,1,1,1,"","Predominio verde 0.41, sat 0.61"
"OK",595,"GRH 595 (tex_100.png)",87,5,212,"Transition","Transition",0.939,1,"Assets/AOMigrator/MapVisualV063/Generated/Sprites/GRH_595.asset","Assets/AOMigrator/MapVisualV063/Textures/tex_100.png",".png",1,1,1,1,1,"","Transición: Layer2 100%, cobertura 23%, edge 0.44"
"OK",6240,"GRH 6240 (tex_6003.png)",12,8,212,"Grass","Grass",1.000,1,"Assets/AOMigrator/MapVisualV063/Generated/Sprites/GRH_6240.asset","Assets/AOMigrator/MapVisualV063/Textures/tex_6003.png",".png",1,1,1,1,1,"","Predominio verde 0.89, sat 0.71"
"OK",6386,"GRH 6386 (tex_6215.png)",12,8,212,"Dirt","Dirt",1.000,1,"Assets/AOMigrator/MapVisualV063/Generated/Sprites/GRH_6386.asset","Assets/AOMigrator/MapVisualV063/Textures/tex_6215.png",".png",1,1,1,1,1,"","Predominio marrón 0.94, sat 0.47"
"OK",16185,"GRH 16185 (tex_5065.png)",37,7,212,"Transition","Transition",0.905,1,"Assets/AOMigrator/MapVisualV063/Generated/Sprites/GRH_16185.asset","Assets/AOMigrator/MapVisualV063/Textures/tex_5065.png",".png",1,1,1,1,1,"","Transición: Layer2 100%, cobertura 42%, edge 0.24"
"OK",6384,"GRH 6384 (tex_6215.png)",11,8,211,"Grass","Grass",1.000,1,"Assets/AOMigrator/MapVisualV063/Generated/Sprites/GRH_6384.asset","Assets/AOMigrator/MapVisualV063/Textures/tex_6215.png",".png",1,1,1,1,1,"","Predominio verde 0.90, sat 0.73"
"OK",6387,"GRH 6387 (tex_6215.png)",11,8,211,"Grass","Grass",1.000,1,"Assets/AOMigrator/MapVisualV063/Generated/Sprites/GRH_6387.asset","Assets/AOMigrator/MapVisualV063/Textures/tex_6215.png",".png",1,1,1,1,1,"","Predominio verde 0.94, sat 0.72"
"OK",17046,"GRH 17046 (tex_5041.png)",35,7,210,"Transition","Transition",0.956,1,"Assets/AOMigrator/MapVisualV063/Generated/Sprites/GRH_17046.asset","Assets/AOMigrator/MapVisualV063/Textures/tex_5041.png",".png",1,1,1,1,1,"","Transición: Layer2 100%, cobertura 13%, edge 0.18"
"OK",14294,"GRH 14294 (tex_5082.png)",82,5,207,"Dirt","Dirt",1.000,1,"Assets/AOMigrator/MapVisualV063/Generated/Sprites/GRH_14294.asset","Assets/AOMigrator/MapVisualV063/Textures/tex_5082.png",".png",1,1,1,1,1,"","Predominio marrón 0.98, sat 0.54"
"OK",6498,"GRH 6498 (tex_6215.png)",24,7,199,"Dirt","Dirt",1.000,1,"Assets/AOMigrator/MapVisualV063/Generated/Sprites/GRH_6498.asset","Assets/AOMigrator/MapVisualV063/Textures/tex_6215.png",".png",1,1,1,1,1,"","Predominio marrón 0.92, sat 0.48"
"OK",6445,"GRH 6445 (tex_6215.png)",23,7,198,"Grass","Grass",1.000,1,"Assets/AOMigrator/MapVisualV063/Generated/Sprites/GRH_6445.asset","Assets/AOMigrator/MapVisualV063/Textures/tex_6215.png",".png",1,1,1,1,1,"","Predominio verde 0.95, sat 0.73"
"OK",6446,"GRH 6446 (tex_6215.png)",21,7,196,"Grass","Grass",1.000,1,"Assets/AOMigrator/MapVisualV063/Generated/Sprites/GRH_6446.asset","Assets/AOMigrator/MapVisualV063/Textures/tex_6215.png",".png",1,1,1,1,1,"","Predominio verde 0.91, sat 0.72"
"OK",6502,"GRH 6502 (tex_6215.png)",20,7,195,"Dirt","Dirt",1.000,1,"Assets/AOMigrator/MapVisualV063/Generated/Sprites/GRH_6502.asset","Assets/AOMigrator/MapVisualV063/Textures/tex_6215.png",".png",1,1,1,1,1,"","Predominio marrón 1.00, sat 0.44"
"OK",6503,"GRH 6503 (tex_6215.png)",20,7,195,"Dirt","Dirt",1.000,1,"Assets/AOMigrator/MapVisualV063/Generated/Sprites/GRH_6503.asset","Assets/AOMigrator/MapVisualV063/Textures/tex_6215.png",".png",1,1,1,1,1,"","Predominio marrón 0.97, sat 0.47"
"OK",6506,"GRH 6506 (tex_6215.png)",20,7,195,"Dirt","Dirt",1.000,1,"Assets/AOMigrator/MapVisualV063/Generated/Sprites/GRH_6506.asset","Assets/AOMigrator/MapVisualV063/Textures/tex_6215.png",".png",1,1,1,1,1,"","Predominio marrón 0.99, sat 0.46"
"OK",6507,"GRH 6507 (tex_6215.png)",20,7,195,"Dirt","Dirt",1.000,1,"Assets/AOMigrator/MapVisualV063/Generated/Sprites/GRH_6507.asset","Assets/AOMigrator/MapVisualV063/Textures/tex_6215.png",".png",1,1,1,1,1,"","Predominio marrón 1.00, sat 0.45"
"OK",6510,"GRH 6510 (tex_6215.png)",20,7,195,"Dirt","Dirt",1.000,1,"Assets/AOMigrator/MapVisualV063/Generated/Sprites/GRH_6510.asset","Assets/AOMigrator/MapVisualV063/Textures/tex_6215.png",".png",1,1,1,1,1,"","Predominio marrón 0.98, sat 0.46"
"OK",61599,"GRH 61599 (tex_5087.png)",18,7,193,"Grass","Grass",0.943,1,"Assets/AOMigrator/MapVisualV063/Generated/Sprites/GRH_61599.asset","Assets/AOMigrator/MapVisualV063/Textures/tex_5087.png",".png",1,1,1,1,1,"","Predominio verde 0.36, sat 0.60"
"OK",61603,"GRH 61603 (tex_5087.png)",18,7,193,"Dirt","Dirt",1.000,1,"Assets/AOMigrator/MapVisualV063/Generated/Sprites/GRH_61603.asset","Assets/AOMigrator/MapVisualV063/Textures/tex_5087.png",".png",1,1,1,1,1,"","Predominio marrón 0.85, sat 0.55"
"OK",61607,"GRH 61607 (tex_5087.png)",18,7,193,"Dirt","Dirt",1.000,1,"Assets/AOMigrator/MapVisualV063/Generated/Sprites/GRH_61607.asset","Assets/AOMigrator/MapVisualV063/Textures/tex_5087.png",".png",1,1,1,1,1,"","Predominio marrón 1.00, sat 0.54"
"OK",6367,"GRH 6367 (tex_6215.png)",17,7,192,"Grass","Grass",1.000,1,"Assets/AOMigrator/MapVisualV063/Generated/Sprites/GRH_6367.asset","Assets/AOMigrator/MapVisualV063/Textures/tex_6215.png",".png",1,1,1,1,1,"","Predominio verde 0.92, sat 0.73"
"OK",6511,"GRH 6511 (tex_6215.png)",17,7,192,"Grass","Grass",1.000,1,"Assets/AOMigrator/MapVisualV063/Generated/Sprites/GRH_6511.asset","Assets/AOMigrator/MapVisualV063/Textures/tex_6215.png",".png",1,1,1,1,1,"","Predominio verde 0.69, sat 0.68"
"OK",61326,"GRH 61326 (tex_5087.png)",17,7,192,"Grass","Grass",1.000,1,"Assets/AOMigrator/MapVisualV063/Generated/Sprites/GRH_61326.asset","Assets/AOMigrator/MapVisualV063/Textures/tex_5087.png",".png",1,1,1,1,1,"","Predominio verde 0.87, sat 0.69"
"OK",61327,"GRH 61327 (tex_5087.png)",17,7,192,"Grass","Grass",1.000,1,"Assets/AOMigrator/MapVisualV063/Generated/Sprites/GRH_61327.asset","Assets/AOMigrator/MapVisualV063/Textures/tex_5087.png",".png",1,1,1,1,1,"","Predominio verde 0.95, sat 0.70"
"OK",61330,"GRH 61330 (tex_5087.png)",17,7,192,"Grass","Grass",1.000,1,"Assets/AOMigrator/MapVisualV063/Generated/Sprites/GRH_61330.asset","Assets/AOMigrator/MapVisualV063/Textures/tex_5087.png",".png",1,1,1,1,1,"","Predominio verde 0.79, sat 0.67"
"OK",61331,"GRH 61331 (tex_5087.png)",17,7,192,"Grass","Grass",1.000,1,"Assets/AOMigrator/MapVisualV063/Generated/Sprites/GRH_61331.asset","Assets/AOMigrator/MapVisualV063/Textures/tex_5087.png",".png",1,1,1,1,1,"","Predominio verde 0.57, sat 0.63"
"OK",61334,"GRH 61334 (tex_5087.png)",17,7,192,"Grass","Grass",0.993,1,"Assets/AOMigrator/MapVisualV063/Generated/Sprites/GRH_61334.asset","Assets/AOMigrator/MapVisualV063/Textures/tex_5087.png",".png",1,1,1,1,1,"","Predominio verde 0.41, sat 0.62"
"OK",61335,"GRH 61335 (tex_5087.png)",17,7,192,"Dirt","Dirt",1.000,1,"Assets/AOMigrator/MapVisualV063/Generated/Sprites/GRH_61335.asset","Assets/AOMigrator/MapVisualV063/Textures/tex_5087.png",".png",1,1,1,1,1,"","Predominio marrón 0.90, sat 0.58"
"OK",61338,"GRH 61338 (tex_5087.png)",17,7,192,"Dirt","Dirt",1.000,1,"Assets/AOMigrator/MapVisualV063/Generated/Sprites/GRH_61338.asset","Assets/AOMigrator/MapVisualV063/Textures/tex_5087.png",".png",1,1,1,1,1,"","Predominio marrón 0.83, sat 0.57"
"OK",61339,"GRH 61339 (tex_5087.png)",17,7,192,"Dirt","Dirt",1.000,1,"Assets/AOMigrator/MapVisualV063/Generated/Sprites/GRH_61339.asset","Assets/AOMigrator/MapVisualV063/Textures/tex_5087.png",".png",1,1,1,1,1,"","Predominio marrón 0.83, sat 0.57"
"OK",61212,"GRH 61212 (tex_5087.png)",16,7,191,"Grass","Grass",0.831,1,"Assets/AOMigrator/MapVisualV063/Generated/Sprites/GRH_61212.asset","Assets/AOMigrator/MapVisualV063/Textures/tex_5087.png",".png",1,1,1,1,1,"","Predominio verde 0.23, sat 0.57"
"OK",61213,"GRH 61213 (tex_5087.png)",16,7,191,"Grass","Grass",1.000,1,"Assets/AOMigrator/MapVisualV063/Generated/Sprites/GRH_61213.asset","Assets/AOMigrator/MapVisualV063/Textures/tex_5087.png",".png",1,1,1,1,1,"","Predominio verde 0.43, sat 0.61"
"OK",61216,"GRH 61216 (tex_5087.png)",16,7,191,"Dirt","Dirt",1.000,1,"Assets/AOMigrator/MapVisualV063/Generated/Sprites/GRH_61216.asset","Assets/AOMigrator/MapVisualV063/Textures/tex_5087.png",".png",1,1,1,1,1,"","Predominio marrón 0.91, sat 0.56"
"OK",61217,"GRH 61217 (tex_5087.png)",16,7,191,"Dirt","Dirt",1.000,1,"Assets/AOMigrator/MapVisualV063/Generated/Sprites/GRH_61217.asset","Assets/AOMigrator/MapVisualV063/Textures/tex_5087.png",".png",1,1,1,1,1,"","Predominio marrón 0.90, sat 0.55"
"OK",61220,"GRH 61220 (tex_5087.png)",16,7,191,"Dirt","Dirt",1.000,1,"Assets/AOMigrator/MapVisualV063/Generated/Sprites/GRH_61220.asset","Assets/AOMigrator/MapVisualV063/Textures/tex_5087.png",".png",1,1,1,1,1,"","Predominio marrón 0.91, sat 0.57"
"OK",61221,"GRH 61221 (tex_5087.png)",16,7,191,"Dirt","Dirt",1.000,1,"Assets/AOMigrator/MapVisualV063/Generated/Sprites/GRH_61221.asset","Assets/AOMigrator/MapVisualV063/Textures/tex_5087.png",".png",1,1,1,1,1,"","Predominio marrón 0.95, sat 0.54"
"OK",61224,"GRH 61224 (tex_5087.png)",16,7,191,"Dirt","Dirt",1.000,1,"Assets/AOMigrator/MapVisualV063/Generated/Sprites/GRH_61224.asset","Assets/AOMigrator/MapVisualV063/Textures/tex_5087.png",".png",1,1,1,1,1,"","Predominio marrón 0.89, sat 0.56"
"OK",61225,"GRH 61225 (tex_5087.png)",16,7,191,"Dirt","Dirt",1.000,1,"Assets/AOMigrator/MapVisualV063/Generated/Sprites/GRH_61225.asset","Assets/AOMigrator/MapVisualV063/Textures/tex_5087.png",".png",1,1,1,1,1,"","Predominio marrón 0.90, sat 0.56"
"OK",61241,"GRH 61241 (tex_5087.png)",16,7,191,"Grass","Grass",1.000,1,"Assets/AOMigrator/MapVisualV063/Generated/Sprites/GRH_61241.asset","Assets/AOMigrator/MapVisualV063/Textures/tex_5087.png",".png",1,1,1,1,1,"","Predominio verde 0.92, sat 0.69"
"OK",61229,"GRH 61229 (tex_5087.png)",15,7,190,"Dirt","Dirt",1.000,1,"Assets/AOMigrator/MapVisualV063/Generated/Sprites/GRH_61229.asset","Assets/AOMigrator/MapVisualV063/Textures/tex_5087.png",".png",1,1,1,1,1,"","Predominio marrón 0.92, sat 0.57"
"OK",61233,"GRH 61233 (tex_5087.png)",15,7,190,"Grass","Grass",1.000,1,"Assets/AOMigrator/MapVisualV063/Generated/Sprites/GRH_61233.asset","Assets/AOMigrator/MapVisualV063/Textures/tex_5087.png",".png",1,1,1,1,1,"","Predominio verde 0.68, sat 0.65"
"OK",61237,"GRH 61237 (tex_5087.png)",15,7,190,"Grass","Grass",1.000,1,"Assets/AOMigrator/MapVisualV063/Generated/Sprites/GRH_61237.asset","Assets/AOMigrator/MapVisualV063/Textures/tex_5087.png",".png",1,1,1,1,1,"","Predominio verde 0.87, sat 0.69"
"OK",61350,"GRH 61350 (tex_5087.png)",15,7,190,"Grass","Grass",0.859,1,"Assets/AOMigrator/MapVisualV063/Generated/Sprites/GRH_61350.asset","Assets/AOMigrator/MapVisualV063/Textures/tex_5087.png",".png",1,1,1,1,1,"","Predominio verde 0.27, sat 0.58"
"OK",61354,"GRH 61354 (tex_5087.png)",15,7,190,"Dirt","Dirt",1.000,1,"Assets/AOMigrator/MapVisualV063/Generated/Sprites/GRH_61354.asset","Assets/AOMigrator/MapVisualV063/Textures/tex_5087.png",".png",1,1,1,1,1,"","Predominio marrón 0.96, sat 0.55"
"OK",6226,"GRH 6226 (tex_6003.png)",13,7,188,"Grass","Grass",1.000,1,"Assets/AOMigrator/MapVisualV063/Generated/Sprites/GRH_6226.asset","Assets/AOMigrator/MapVisualV063/Textures/tex_6003.png",".png",1,1,1,1,1,"","Predominio verde 0.81, sat 0.71"
"OK",6230,"GRH 6230 (tex_6003.png)",13,7,188,"Grass","Grass",1.000,1,"Assets/AOMigrator/MapVisualV063/Generated/Sprites/GRH_6230.asset","Assets/AOMigrator/MapVisualV063/Textures/tex_6003.png",".png",1,1,1,1,1,"","Predominio verde 0.86, sat 0.71"
"OK",6234,"GRH 6234 (tex_6003.png)",13,7,188,"Grass","Grass",1.000,1,"Assets/AOMigrator/MapVisualV063/Generated/Sprites/GRH_6234.asset","Assets/AOMigrator/MapVisualV063/Textures/tex_6003.png",".png",1,1,1,1,1,"","Predominio verde 0.78, sat 0.71"
"OK",6238,"GRH 6238 (tex_6003.png)",13,7,188,"Grass","Grass",1.000,1,"Assets/AOMigrator/MapVisualV063/Generated/Sprites/GRH_6238.asset","Assets/AOMigrator/MapVisualV063/Textures/tex_6003.png",".png",1,1,1,1,1,"","Predominio verde 0.77, sat 0.71"
"OK",6355,"GRH 6355 (tex_6215.png)",13,7,188,"Grass","Grass",1.000,1,"Assets/AOMigrator/MapVisualV063/Generated/Sprites/GRH_6355.asset","Assets/AOMigrator/MapVisualV063/Textures/tex_6215.png",".png",1,1,1,1,1,"","Predominio verde 0.93, sat 0.73"
"OK",61342,"GRH 61342 (tex_5087.png)",13,7,188,"Grass","Grass",1.000,1,"Assets/AOMigrator/MapVisualV063/Generated/Sprites/GRH_61342.asset","Assets/AOMigrator/MapVisualV063/Textures/tex_5087.png",".png",1,1,1,1,1,"","Predominio verde 0.88, sat 0.69"
"OK",61346,"GRH 61346 (tex_5087.png)",13,7,188,"Grass","Grass",1.000,1,"Assets/AOMigrator/MapVisualV063/Generated/Sprites/GRH_61346.asset","Assets/AOMigrator/MapVisualV063/Textures/tex_5087.png",".png",1,1,1,1,1,"","Predominio verde 0.75, sat 0.67"
"OK",6199,"GRH 6199 (tex_6003.png)",12,7,187,"Grass","Grass",1.000,1,"Assets/AOMigrator/MapVisualV063/Generated/Sprites/GRH_6199.asset","Assets/AOMigrator/MapVisualV063/Textures/tex_6003.png",".png",1,1,1,1,1,"","Predominio verde 0.87, sat 0.71"
"OK",6207,"GRH 6207 (tex_6003.png)",12,7,187,"Grass","Grass",1.000,1,"Assets/AOMigrator/MapVisualV063/Generated/Sprites/GRH_6207.asset","Assets/AOMigrator/MapVisualV063/Textures/tex_6003.png",".png",1,1,1,1,1,"","Predominio verde 0.88, sat 0.71"
"OK",6224,"GRH 6224 (tex_6003.png)",12,7,187,"Grass","Grass",1.000,1,"Assets/AOMigrator/MapVisualV063/Generated/Sprites/GRH_6224.asset","Assets/AOMigrator/MapVisualV063/Textures/tex_6003.png",".png",1,1,1,1,1,"","Predominio verde 0.89, sat 0.71"
"OK",6225,"GRH 6225 (tex_6003.png)",12,7,187,"Grass","Grass",1.000,1,"Assets/AOMigrator/MapVisualV063/Generated/Sprites/GRH_6225.asset","Assets/AOMigrator/MapVisualV063/Textures/tex_6003.png",".png",1,1,1,1,1,"","Predominio verde 0.84, sat 0.71"
"OK",6228,"GRH 6228 (tex_6003.png)",12,7,187,"Grass","Grass",1.000,1,"Assets/AOMigrator/MapVisualV063/Generated/Sprites/GRH_6228.asset","Assets/AOMigrator/MapVisualV063/Textures/tex_6003.png",".png",1,1,1,1,1,"","Predominio verde 0.88, sat 0.71"
"OK",6232,"GRH 6232 (tex_6003.png)",12,7,187,"Grass","Grass",1.000,1,"Assets/AOMigrator/MapVisualV063/Generated/Sprites/GRH_6232.asset","Assets/AOMigrator/MapVisualV063/Textures/tex_6003.png",".png",1,1,1,1,1,"","Predominio verde 0.72, sat 0.70"
"OK",6233,"GRH 6233 (tex_6003.png)",12,7,187,"Grass","Grass",1.000,1,"Assets/AOMigrator/MapVisualV063/Generated/Sprites/GRH_6233.asset","Assets/AOMigrator/MapVisualV063/Textures/tex_6003.png",".png",1,1,1,1,1,"","Predominio verde 0.72, sat 0.71"
"OK",6236,"GRH 6236 (tex_6003.png)",12,7,187,"Grass","Grass",1.000,1,"Assets/AOMigrator/MapVisualV063/Generated/Sprites/GRH_6236.asset","Assets/AOMigrator/MapVisualV063/Textures/tex_6003.png",".png",1,1,1,1,1,"","Predominio verde 0.82, sat 0.71"
"OK",6237,"GRH 6237 (tex_6003.png)",12,7,187,"Grass","Grass",1.000,1,"Assets/AOMigrator/MapVisualV063/Generated/Sprites/GRH_6237.asset","Assets/AOMigrator/MapVisualV063/Textures/tex_6003.png",".png",1,1,1,1,1,"","Predominio verde 0.75, sat 0.71"
"OK",6364,"GRH 6364 (tex_6215.png)",12,7,187,"Grass","Grass",1.000,1,"Assets/AOMigrator/MapVisualV063/Generated/Sprites/GRH_6364.asset","Assets/AOMigrator/MapVisualV063/Textures/tex_6215.png",".png",1,1,1,1,1,"","Predominio verde 0.90, sat 0.72"
"OK",61343,"GRH 61343 (tex_5087.png)",12,7,187,"Grass","Grass",1.000,1,"Assets/AOMigrator/MapVisualV063/Generated/Sprites/GRH_61343.asset","Assets/AOMigrator/MapVisualV063/Textures/tex_5087.png",".png",1,1,1,1,1,"","Predominio verde 0.94, sat 0.70"
"OK",61347,"GRH 61347 (tex_5087.png)",12,7,187,"Grass","Grass",1.000,1,"Assets/AOMigrator/MapVisualV063/Generated/Sprites/GRH_61347.asset","Assets/AOMigrator/MapVisualV063/Textures/tex_5087.png",".png",1,1,1,1,1,"","Predominio verde 0.75, sat 0.66"
"OK",61351,"GRH 61351 (tex_5087.png)",12,7,187,"Grass","Grass",0.930,1,"Assets/AOMigrator/MapVisualV063/Generated/Sprites/GRH_61351.asset","Assets/AOMigrator/MapVisualV063/Textures/tex_5087.png",".png",1,1,1,1,1,"","Predominio verde 0.34, sat 0.60"
"OK",61355,"GRH 61355 (tex_5087.png)",12,7,187,"Dirt","Dirt",1.000,1,"Assets/AOMigrator/MapVisualV063/Generated/Sprites/GRH_61355.asset","Assets/AOMigrator/MapVisualV063/Textures/tex_5087.png",".png",1,1,1,1,1,"","Predominio marrón 0.89, sat 0.55"
"OK",61621,"GRH 61621 (tex_5087.png)",12,7,187,"Dirt","Dirt",1.000,1,"Assets/AOMigrator/MapVisualV063/Generated/Sprites/GRH_61621.asset","Assets/AOMigrator/MapVisualV063/Textures/tex_5087.png",".png",1,1,1,1,1,"","Predominio marrón 0.99, sat 0.55"
"OK",61624,"GRH 61624 (tex_5087.png)",12,7,187,"Dirt","Dirt",1.000,1,"Assets/AOMigrator/MapVisualV063/Generated/Sprites/GRH_61624.asset","Assets/AOMigrator/MapVisualV063/Textures/tex_5087.png",".png",1,1,1,1,1,"","Predominio marrón 1.00, sat 0.55"
"OK",61625,"GRH 61625 (tex_5087.png)",12,7,187,"Dirt","Dirt",1.000,1,"Assets/AOMigrator/MapVisualV063/Generated/Sprites/GRH_61625.asset","Assets/AOMigrator/MapVisualV063/Textures/tex_5087.png",".png",1,1,1,1,1,"","Predominio marrón 1.00, sat 0.54"
"OK",6388,"GRH 6388 (tex_6215.png)",11,7,186,"Grass","Grass",1.000,1,"Assets/AOMigrator/MapVisualV063/Generated/Sprites/GRH_6388.asset","Assets/AOMigrator/MapVisualV063/Textures/tex_6215.png",".png",1,1,1,1,1,"","Predominio verde 0.94, sat 0.73"
"OK",6353,"GRH 6353 (tex_6215.png)",10,7,185,"Grass","Grass",1.000,1,"Assets/AOMigrator/MapVisualV063/Generated/Sprites/GRH_6353.asset","Assets/AOMigrator/MapVisualV063/Textures/tex_6215.png",".png",1,1,1,1,1,"","Predominio verde 0.83, sat 0.71"
"OK",6354,"GRH 6354 (tex_6215.png)",10,7,185,"Grass","Grass",1.000,1,"Assets/AOMigrator/MapVisualV063/Generated/Sprites/GRH_6354.asset","Assets/AOMigrator/MapVisualV063/Textures/tex_6215.png",".png",1,1,1,1,1,"","Predominio verde 0.75, sat 0.70"
"OK",6366,"GRH 6366 (tex_6215.png)",10,7,185,"Dirt","Dirt",1.000,1,"Assets/AOMigrator/MapVisualV063/Generated/Sprites/GRH_6366.asset","Assets/AOMigrator/MapVisualV063/Textures/tex_6215.png",".png",1,1,1,1,1,"","Predominio marrón 0.99, sat 0.45"
"OK",61712,"GRH 61712 (tex_5087.png)",10,7,185,"Grass","Grass",1.000,1,"Assets/AOMigrator/MapVisualV063/Generated/Sprites/GRH_61712.asset","Assets/AOMigrator/MapVisualV063/Textures/tex_5087.png",".png",1,1,1,1,1,"","Predominio verde 0.91, sat 0.69"
"OK",61716,"GRH 61716 (tex_5087.png)",10,7,185,"Grass","Grass",1.000,1,"Assets/AOMigrator/MapVisualV063/Generated/Sprites/GRH_61716.asset","Assets/AOMigrator/MapVisualV063/Textures/tex_5087.png",".png",1,1,1,1,1,"","Predominio verde 0.48, sat 0.60"
"OK",6389,"GRH 6389 (tex_6215.png)",9,7,184,"Dirt","Dirt",1.000,1,"Assets/AOMigrator/MapVisualV063/Generated/Sprites/GRH_6389.asset","Assets/AOMigrator/MapVisualV063/Textures/tex_6215.png",".png",1,1,1,1,1,"","Predominio marrón 0.89, sat 0.50"
"OK",6390,"GRH 6390 (tex_6215.png)",9,7,184,"Dirt","Dirt",1.000,1,"Assets/AOMigrator/MapVisualV063/Generated/Sprites/GRH_6390.asset","Assets/AOMigrator/MapVisualV063/Textures/tex_6215.png",".png",1,1,1,1,1,"","Predominio marrón 0.88, sat 0.51"
"OK",61720,"GRH 61720 (tex_5087.png)",9,7,184,"Grass","Grass",1.000,1,"Assets/AOMigrator/MapVisualV063/Generated/Sprites/GRH_61720.asset","Assets/AOMigrator/MapVisualV063/Textures/tex_5087.png",".png",1,1,1,1,1,"","Predominio verde 0.52, sat 0.62"
"OK",61868,"GRH 61868 (tex_5087.png)",8,7,183,"Dirt","Dirt",1.000,1,"Assets/AOMigrator/MapVisualV063/Generated/Sprites/GRH_61868.asset","Assets/AOMigrator/MapVisualV063/Textures/tex_5087.png",".png",1,1,1,1,1,"","Predominio marrón 0.94, sat 0.56"
"OK",61869,"GRH 61869 (tex_5087.png)",8,7,183,"Dirt","Dirt",1.000,1,"Assets/AOMigrator/MapVisualV063/Generated/Sprites/GRH_61869.asset","Assets/AOMigrator/MapVisualV063/Textures/tex_5087.png",".png",1,1,1,1,1,"","Predominio marrón 0.95, sat 0.56"
"OK",61870,"GRH 61870 (tex_5087.png)",8,7,183,"Dirt","Dirt",1.000,1,"Assets/AOMigrator/MapVisualV063/Generated/Sprites/GRH_61870.asset","Assets/AOMigrator/MapVisualV063/Textures/tex_5087.png",".png",1,1,1,1,1,"","Predominio marrón 0.90, sat 0.56"
"OK",61871,"GRH 61871 (tex_5087.png)",8,7,183,"Grass","Grass",0.885,1,"Assets/AOMigrator/MapVisualV063/Generated/Sprites/GRH_61871.asset","Assets/AOMigrator/MapVisualV063/Textures/tex_5087.png",".png",1,1,1,1,1,"","Predominio verde 0.29, sat 0.59"
"OK",61872,"GRH 61872 (tex_5087.png)",8,7,183,"Grass","Grass",1.000,1,"Assets/AOMigrator/MapVisualV063/Generated/Sprites/GRH_61872.asset","Assets/AOMigrator/MapVisualV063/Textures/tex_5087.png",".png",1,1,1,1,1,"","Predominio verde 0.65, sat 0.64"
"OK",61873,"GRH 61873 (tex_5087.png)",8,7,183,"Grass","Grass",1.000,1,"Assets/AOMigrator/MapVisualV063/Generated/Sprites/GRH_61873.asset","Assets/AOMigrator/MapVisualV063/Textures/tex_5087.png",".png",1,1,1,1,1,"","Predominio verde 0.62, sat 0.64"
"OK",61874,"GRH 61874 (tex_5087.png)",8,7,183,"Grass","Grass",1.000,1,"Assets/AOMigrator/MapVisualV063/Generated/Sprites/GRH_61874.asset","Assets/AOMigrator/MapVisualV063/Textures/tex_5087.png",".png",1,1,1,1,1,"","Predominio verde 0.84, sat 0.66"
"OK",61876,"GRH 61876 (tex_5087.png)",8,7,183,"Grass","Grass",1.000,1,"Assets/AOMigrator/MapVisualV063/Generated/Sprites/GRH_61876.asset","Assets/AOMigrator/MapVisualV063/Textures/tex_5087.png",".png",1,1,1,1,1,"","Predominio verde 0.87, sat 0.69"
"OK",61877,"GRH 61877 (tex_5087.png)",8,7,183,"Grass","Grass",1.000,1,"Assets/AOMigrator/MapVisualV063/Generated/Sprites/GRH_61877.asset","Assets/AOMigrator/MapVisualV063/Textures/tex_5087.png",".png",1,1,1,1,1,"","Predominio verde 0.84, sat 0.69"
"OK",61878,"GRH 61878 (tex_5087.png)",8,7,183,"Grass","Grass",1.000,1,"Assets/AOMigrator/MapVisualV063/Generated/Sprites/GRH_61878.asset","Assets/AOMigrator/MapVisualV063/Textures/tex_5087.png",".png",1,1,1,1,1,"","Predominio verde 0.81, sat 0.67"
"OK",61879,"GRH 61879 (tex_5087.png)",8,7,183,"Grass","Grass",1.000,1,"Assets/AOMigrator/MapVisualV063/Generated/Sprites/GRH_61879.asset","Assets/AOMigrator/MapVisualV063/Textures/tex_5087.png",".png",1,1,1,1,1,"","Predominio verde 0.84, sat 0.69"
"OK",61880,"GRH 61880 (tex_5087.png)",8,7,183,"Grass","Grass",1.000,1,"Assets/AOMigrator/MapVisualV063/Generated/Sprites/GRH_61880.asset","Assets/AOMigrator/MapVisualV063/Textures/tex_5087.png",".png",1,1,1,1,1,"","Predominio verde 0.88, sat 0.69"
"OK",61881,"GRH 61881 (tex_5087.png)",8,7,183,"Grass","Grass",1.000,1,"Assets/AOMigrator/MapVisualV063/Generated/Sprites/GRH_61881.asset","Assets/AOMigrator/MapVisualV063/Textures/tex_5087.png",".png",1,1,1,1,1,"","Predominio verde 0.92, sat 0.69"
"OK",61882,"GRH 61882 (tex_5087.png)",8,7,183,"Grass","Grass",1.000,1,"Assets/AOMigrator/MapVisualV063/Generated/Sprites/GRH_61882.asset","Assets/AOMigrator/MapVisualV063/Textures/tex_5087.png",".png",1,1,1,1,1,"","Predominio verde 0.86, sat 0.68"
"OK",61883,"GRH 61883 (tex_5087.png)",8,7,183,"Grass","Grass",1.000,1,"Assets/AOMigrator/MapVisualV063/Generated/Sprites/GRH_61883.asset","Assets/AOMigrator/MapVisualV063/Textures/tex_5087.png",".png",1,1,1,1,1,"","Predominio verde 0.81, sat 0.67"
"OK",6121,"GRH 6121 (tex_6001.png)",30,6,180,"Grass","Grass",1.000,1,"Assets/AOMigrator/MapVisualV063/Generated/Sprites/GRH_6121.asset","Assets/AOMigrator/MapVisualV063/Textures/tex_6001.png",".png",1,1,1,1,1,"","Predominio verde 0.82, sat 0.71"
"OK",6125,"GRH 6125 (tex_6001.png)",30,6,180,"Grass","Grass",1.000,1,"Assets/AOMigrator/MapVisualV063/Generated/Sprites/GRH_6125.asset","Assets/AOMigrator/MapVisualV063/Textures/tex_6001.png",".png",1,1,1,1,1,"","Predominio verde 0.86, sat 0.71"
"OK",6113,"GRH 6113 (tex_6001.png)",29,6,179,"Grass","Grass",1.000,1,"Assets/AOMigrator/MapVisualV063/Generated/Sprites/GRH_6113.asset","Assets/AOMigrator/MapVisualV063/Textures/tex_6001.png",".png",1,1,1,1,1,"","Predominio verde 0.86, sat 0.71"
"OK",6117,"GRH 6117 (tex_6001.png)",29,6,179,"Grass","Grass",1.000,1,"Assets/AOMigrator/MapVisualV063/Generated/Sprites/GRH_6117.asset","Assets/AOMigrator/MapVisualV063/Textures/tex_6001.png",".png",1,1,1,1,1,"","Predominio verde 0.77, sat 0.71"
"OK",6122,"GRH 6122 (tex_6001.png)",29,6,179,"Grass","Grass",1.000,1,"Assets/AOMigrator/MapVisualV063/Generated/Sprites/GRH_6122.asset","Assets/AOMigrator/MapVisualV063/Textures/tex_6001.png",".png",1,1,1,1,1,"","Predominio verde 0.66, sat 0.71"
"OK",6126,"GRH 6126 (tex_6001.png)",29,6,179,"Grass","Grass",1.000,1,"Assets/AOMigrator/MapVisualV063/Generated/Sprites/GRH_6126.asset","Assets/AOMigrator/MapVisualV063/Textures/tex_6001.png",".png",1,1,1,1,1,"","Predominio verde 0.70, sat 0.71"
"OK",6127,"GRH 6127 (tex_6001.png)",29,6,179,"Grass","Grass",1.000,1,"Assets/AOMigrator/MapVisualV063/Generated/Sprites/GRH_6127.asset","Assets/AOMigrator/MapVisualV063/Textures/tex_6001.png",".png",1,1,1,1,1,"","Predominio verde 0.84, sat 0.71"
"OK",6114,"GRH 6114 (tex_6001.png)",28,6,178,"Grass","Grass",1.000,1,"Assets/AOMigrator/MapVisualV063/Generated/Sprites/GRH_6114.asset","Assets/AOMigrator/MapVisualV063/Textures/tex_6001.png",".png",1,1,1,1,1,"","Predominio verde 0.65, sat 0.71"
"OK",6118,"GRH 6118 (tex_6001.png)",28,6,178,"Grass","Grass",1.000,1,"Assets/AOMigrator/MapVisualV063/Generated/Sprites/GRH_6118.asset","Assets/AOMigrator/MapVisualV063/Textures/tex_6001.png",".png",1,1,1,1,1,"","Predominio verde 0.70, sat 0.71"
"OK",6120,"GRH 6120 (tex_6001.png)",22,6,172,"Grass","Grass",1.000,1,"Assets/AOMigrator/MapVisualV063/Generated/Sprites/GRH_6120.asset","Assets/AOMigrator/MapVisualV063/Textures/tex_6001.png",".png",1,1,1,1,1,"","Predominio verde 0.83, sat 0.71"
"OK",6124,"GRH 6124 (tex_6001.png)",22,6,172,"Grass","Grass",1.000,1,"Assets/AOMigrator/MapVisualV063/Generated/Sprites/GRH_6124.asset","Assets/AOMigrator/MapVisualV063/Textures/tex_6001.png",".png",1,1,1,1,1,"","Predominio verde 0.83, sat 0.71"
"OK",8986,"GRH 8986 (tex_10150.png)",97,3,172,"Floor","Floor",1.000,1,"Assets/AOMigrator/MapVisualV063/Generated/Sprites/GRH_8986.asset","Assets/AOMigrator/MapVisualV063/Textures/tex_10150.png",".png",1,1,1,1,1,"","Piso marrón sólido; marrón 0.58, cobertura 1.00"
"OK",6112,"GRH 6112 (tex_6001.png)",21,6,171,"Grass","Grass",1.000,1,"Assets/AOMigrator/MapVisualV063/Generated/Sprites/GRH_6112.asset","Assets/AOMigrator/MapVisualV063/Textures/tex_6001.png",".png",1,1,1,1,1,"","Predominio verde 0.91, sat 0.71"
"OK",6116,"GRH 6116 (tex_6001.png)",21,6,171,"Grass","Grass",1.000,1,"Assets/AOMigrator/MapVisualV063/Generated/Sprites/GRH_6116.asset","Assets/AOMigrator/MapVisualV063/Textures/tex_6001.png",".png",1,1,1,1,1,"","Predominio verde 0.89, sat 0.71"
"OK",6497,"GRH 6497 (tex_6215.png)",18,6,168,"Dirt","Dirt",1.000,1,"Assets/AOMigrator/MapVisualV063/Generated/Sprites/GRH_6497.asset","Assets/AOMigrator/MapVisualV063/Textures/tex_6215.png",".png",1,1,1,1,1,"","Predominio marrón 0.84, sat 0.51"
"OK",6501,"GRH 6501 (tex_6215.png)",18,6,168,"Dirt","Dirt",1.000,1,"Assets/AOMigrator/MapVisualV063/Generated/Sprites/GRH_6501.asset","Assets/AOMigrator/MapVisualV063/Textures/tex_6215.png",".png",1,1,1,1,1,"","Predominio marrón 0.91, sat 0.49"
"OK",6505,"GRH 6505 (tex_6215.png)",16,6,166,"Dirt","Dirt",1.000,1,"Assets/AOMigrator/MapVisualV063/Generated/Sprites/GRH_6505.asset","Assets/AOMigrator/MapVisualV063/Textures/tex_6215.png",".png",1,1,1,1,1,"","Predominio marrón 0.90, sat 0.49"
"OK",6307,"GRH 6307 (tex_6215.png)",14,6,164,"Grass","Grass",1.000,1,"Assets/AOMigrator/MapVisualV063/Generated/Sprites/GRH_6307.asset","Assets/AOMigrator/MapVisualV063/Textures/tex_6215.png",".png",1,1,1,1,1,"","Predominio verde 0.94, sat 0.72"
"OK",6509,"GRH 6509 (tex_6215.png)",14,6,164,"Dirt","Dirt",1.000,1,"Assets/AOMigrator/MapVisualV063/Generated/Sprites/GRH_6509.asset","Assets/AOMigrator/MapVisualV063/Textures/tex_6215.png",".png",1,1,1,1,1,"","Predominio marrón 0.96, sat 0.47"
"OK",61242,"GRH 61242 (tex_5087.png)",14,6,164,"Grass","Grass",1.000,1,"Assets/AOMigrator/MapVisualV063/Generated/Sprites/GRH_61242.asset","Assets/AOMigrator/MapVisualV063/Textures/tex_5087.png",".png",1,1,1,1,1,"","Predominio verde 0.90, sat 0.70"
"OK",61243,"GRH 61243 (tex_5087.png)",14,6,164,"Grass","Grass",1.000,1,"Assets/AOMigrator/MapVisualV063/Generated/Sprites/GRH_61243.asset","Assets/AOMigrator/MapVisualV063/Textures/tex_5087.png",".png",1,1,1,1,1,"","Predominio verde 0.92, sat 0.69"
"OK",6304,"GRH 6304 (tex_6215.png)",13,6,163,"Grass","Grass",1.000,1,"Assets/AOMigrator/MapVisualV063/Generated/Sprites/GRH_6304.asset","Assets/AOMigrator/MapVisualV063/Textures/tex_6215.png",".png",1,1,1,1,1,"","Predominio verde 0.89, sat 0.72"
"OK",8637,"GRH 8637 (tex_7516.png)",88,3,163,"Floor","Floor",1.000,1,"Assets/AOMigrator/MapVisualV063/Generated/Sprites/GRH_8637.asset","Assets/AOMigrator/MapVisualV063/Textures/tex_7516.png",".png",1,1,1,1,1,"","Piso neutro; gris 1.00, sat 0.03"
"OK",6067,"GRH 6067 (tex_6001.png)",37,5,162,"Grass","Grass",1.000,1,"Assets/AOMigrator/MapVisualV063/Generated/Sprites/GRH_6067.asset","Assets/AOMigrator/MapVisualV063/Textures/tex_6001.png",".png",1,1,1,1,1,"","Predominio verde 0.92, sat 0.71"
"OK",6068,"GRH 6068 (tex_6001.png)",37,5,162,"Grass","Grass",1.000,1,"Assets/AOMigrator/MapVisualV063/Generated/Sprites/GRH_6068.asset","Assets/AOMigrator/MapVisualV063/Textures/tex_6001.png",".png",1,1,1,1,1,"","Predominio verde 0.85, sat 0.58"
"OK",6069,"GRH 6069 (tex_6001.png)",37,5,162,"Grass","Grass",1.000,1,"Assets/AOMigrator/MapVisualV063/Generated/Sprites/GRH_6069.asset","Assets/AOMigrator/MapVisualV063/Textures/tex_6001.png",".png",1,1,1,1,1,"","Predominio verde 0.72, sat 0.58"
"OK",6070,"GRH 6070 (tex_6001.png)",37,5,162,"Grass","Grass",1.000,1,"Assets/AOMigrator/MapVisualV063/Generated/Sprites/GRH_6070.asset","Assets/AOMigrator/MapVisualV063/Textures/tex_6001.png",".png",1,1,1,1,1,"","Predominio verde 0.82, sat 0.59"
"OK",6071,"GRH 6071 (tex_6001.png)",37,5,162,"Grass","Grass",1.000,1,"Assets/AOMigrator/MapVisualV063/Generated/Sprites/GRH_6071.asset","Assets/AOMigrator/MapVisualV063/Textures/tex_6001.png",".png",1,1,1,1,1,"","Predominio verde 0.82, sat 0.58"
"OK",6072,"GRH 6072 (tex_6001.png)",37,5,162,"Grass","Grass",1.000,1,"Assets/AOMigrator/MapVisualV063/Generated/Sprites/GRH_6072.asset","Assets/AOMigrator/MapVisualV063/Textures/tex_6001.png",".png",1,1,1,1,1,"","Predominio verde 0.76, sat 0.56"
"OK",6073,"GRH 6073 (tex_6001.png)",37,5,162,"Grass","Grass",1.000,1,"Assets/AOMigrator/MapVisualV063/Generated/Sprites/GRH_6073.asset","Assets/AOMigrator/MapVisualV063/Textures/tex_6001.png",".png",1,1,1,1,1,"","Predominio verde 0.78, sat 0.58"
"OK",6074,"GRH 6074 (tex_6001.png)",37,5,162,"Grass","Grass",1.000,1,"Assets/AOMigrator/MapVisualV063/Generated/Sprites/GRH_6074.asset","Assets/AOMigrator/MapVisualV063/Textures/tex_6001.png",".png",1,1,1,1,1,"","Predominio verde 0.73, sat 0.57"
"OK",6075,"GRH 6075 (tex_6001.png)",37,5,162,"Grass","Grass",1.000,1,"Assets/AOMigrator/MapVisualV063/Generated/Sprites/GRH_6075.asset","Assets/AOMigrator/MapVisualV063/Textures/tex_6001.png",".png",1,1,1,1,1,"","Predominio verde 0.76, sat 0.61"
"OK",6076,"GRH 6076 (tex_6001.png)",37,5,162,"Grass","Grass",1.000,1,"Assets/AOMigrator/MapVisualV063/Generated/Sprites/GRH_6076.asset","Assets/AOMigrator/MapVisualV063/Textures/tex_6001.png",".png",1,1,1,1,1,"","Predominio verde 0.80, sat 0.65"
"OK",6077,"GRH 6077 (tex_6001.png)",37,5,162,"Grass","Grass",1.000,1,"Assets/AOMigrator/MapVisualV063/Generated/Sprites/GRH_6077.asset","Assets/AOMigrator/MapVisualV063/Textures/tex_6001.png",".png",1,1,1,1,1,"","Predominio verde 0.86, sat 0.66"
"OK",6078,"GRH 6078 (tex_6001.png)",37,5,162,"Grass","Grass",1.000,1,"Assets/AOMigrator/MapVisualV063/Generated/Sprites/GRH_6078.asset","Assets/AOMigrator/MapVisualV063/Textures/tex_6001.png",".png",1,1,1,1,1,"","Predominio verde 0.82, sat 0.65"
"OK",6079,"GRH 6079 (tex_6001.png)",37,5,162,"Grass","Grass",1.000,1,"Assets/AOMigrator/MapVisualV063/Generated/Sprites/GRH_6079.asset","Assets/AOMigrator/MapVisualV063/Textures/tex_6001.png",".png",1,1,1,1,1,"","Predominio verde 0.86, sat 0.66"
"OK",6306,"GRH 6306 (tex_6215.png)",12,6,162,"Grass","Grass",1.000,1,"Assets/AOMigrator/MapVisualV063/Generated/Sprites/GRH_6306.asset","Assets/AOMigrator/MapVisualV063/Textures/tex_6215.png",".png",1,1,1,1,1,"","Predominio verde 0.80, sat 0.69"
"OK",6064,"GRH 6064 (tex_6001.png)",36,5,161,"Grass","Grass",1.000,1,"Assets/AOMigrator/MapVisualV063/Generated/Sprites/GRH_6064.asset","Assets/AOMigrator/MapVisualV063/Textures/tex_6001.png",".png",1,1,1,1,1,"","Predominio verde 0.90, sat 0.71"
"OK",6066,"GRH 6066 (tex_6001.png)",36,5,161,"Grass","Grass",1.000,1,"Assets/AOMigrator/MapVisualV063/Generated/Sprites/GRH_6066.asset","Assets/AOMigrator/MapVisualV063/Textures/tex_6001.png",".png",1,1,1,1,1,"","Predominio verde 0.83, sat 0.71"
"OK",6305,"GRH 6305 (tex_6215.png)",11,6,161,"Grass","Grass",1.000,1,"Assets/AOMigrator/MapVisualV063/Generated/Sprites/GRH_6305.asset","Assets/AOMigrator/MapVisualV063/Textures/tex_6215.png",".png",1,1,1,1,1,"","Predominio verde 0.88, sat 0.72"
"OK",6359,"GRH 6359 (tex_6215.png)",11,6,161,"Grass","Grass",1.000,1,"Assets/AOMigrator/MapVisualV063/Generated/Sprites/GRH_6359.asset","Assets/AOMigrator/MapVisualV063/Textures/tex_6215.png",".png",1,1,1,1,1,"","Predominio verde 0.90, sat 0.73"
"OK",6361,"GRH 6361 (tex_6215.png)",11,6,161,"Dirt","Dirt",1.000,1,"Assets/AOMigrator/MapVisualV063/Generated/Sprites/GRH_6361.asset","Assets/AOMigrator/MapVisualV063/Textures/tex_6215.png",".png",1,1,1,1,1,"","Predominio marrón 0.98, sat 0.48"
"OK",6363,"GRH 6363 (tex_6215.png)",11,6,161,"Grass","Grass",1.000,1,"Assets/AOMigrator/MapVisualV063/Generated/Sprites/GRH_6363.asset","Assets/AOMigrator/MapVisualV063/Textures/tex_6215.png",".png",1,1,1,1,1,"","Predominio verde 0.84, sat 0.72"
"OK",85214,"GRH 85214 (tex_6684.png)",61,4,161,"Transition","Transition",0.860,1,"Assets/AOMigrator/MapVisualV063/Generated/Sprites/GRH_85214.asset","Assets/Resources/AOMigrator/WorldV07/Textures/tex_6684.png",".png",1,1,1,1,1,"","Transición: Layer2 100%, cobertura 67%, edge 0.37"
"OK",6106,"GRH 6106 (tex_6001.png)",35,5,160,"Grass","Grass",1.000,1,"Assets/AOMigrator/MapVisualV063/Generated/Sprites/GRH_6106.asset","Assets/AOMigrator/MapVisualV063/Textures/tex_6001.png",".png",1,1,1,1,1,"","Predominio verde 0.77, sat 0.71"
"OK",6110,"GRH 6110 (tex_6001.png)",35,5,160,"Grass","Grass",1.000,1,"Assets/AOMigrator/MapVisualV063/Generated/Sprites/GRH_6110.asset","Assets/AOMigrator/MapVisualV063/Textures/tex_6001.png",".png",1,1,1,1,1,"","Predominio verde 0.80, sat 0.71"
"OK",6227,"GRH 6227 (tex_6003.png)",10,6,160,"Grass","Grass",1.000,1,"Assets/AOMigrator/MapVisualV063/Generated/Sprites/GRH_6227.asset","Assets/AOMigrator/MapVisualV063/Textures/tex_6003.png",".png",1,1,1,1,1,"","Predominio verde 0.89, sat 0.71"
"OK",6231,"GRH 6231 (tex_6003.png)",10,6,160,"Grass","Grass",1.000,1,"Assets/AOMigrator/MapVisualV063/Generated/Sprites/GRH_6231.asset","Assets/AOMigrator/MapVisualV063/Textures/tex_6003.png",".png",1,1,1,1,1,"","Predominio verde 0.87, sat 0.71"
"OK",6235,"GRH 6235 (tex_6003.png)",10,6,160,"Grass","Grass",1.000,1,"Assets/AOMigrator/MapVisualV063/Generated/Sprites/GRH_6235.asset","Assets/AOMigrator/MapVisualV063/Textures/tex_6003.png",".png",1,1,1,1,1,"","Predominio verde 0.81, sat 0.71"
"OK",6239,"GRH 6239 (tex_6003.png)",10,6,160,"Grass","Grass",1.000,1,"Assets/AOMigrator/MapVisualV063/Generated/Sprites/GRH_6239.asset","Assets/AOMigrator/MapVisualV063/Textures/tex_6003.png",".png",1,1,1,1,1,"","Predominio verde 0.88, sat 0.71"
"OK",6420,"GRH 6420 (tex_6215.png)",10,6,160,"Dirt","Dirt",1.000,1,"Assets/AOMigrator/MapVisualV063/Generated/Sprites/GRH_6420.asset","Assets/AOMigrator/MapVisualV063/Textures/tex_6215.png",".png",1,1,1,1,1,"","Predominio marrón 0.86, sat 0.51"
"OK",6428,"GRH 6428 (tex_6215.png)",10,6,160,"Grass","Grass",1.000,1,"Assets/AOMigrator/MapVisualV063/Generated/Sprites/GRH_6428.asset","Assets/AOMigrator/MapVisualV063/Textures/tex_6215.png",".png",1,1,1,1,1,"","Predominio verde 0.84, sat 0.70"
"OK",6098,"GRH 6098 (tex_6001.png)",34,5,159,"Grass","Grass",1.000,1,"Assets/AOMigrator/MapVisualV063/Generated/Sprites/GRH_6098.asset","Assets/AOMigrator/MapVisualV063/Textures/tex_6001.png",".png",1,1,1,1,1,"","Predominio verde 0.80, sat 0.71"
"OK",6102,"GRH 6102 (tex_6001.png)",34,5,159,"Grass","Grass",1.000,1,"Assets/AOMigrator/MapVisualV063/Generated/Sprites/GRH_6102.asset","Assets/AOMigrator/MapVisualV063/Textures/tex_6001.png",".png",1,1,1,1,1,"","Predominio verde 0.83, sat 0.71"
"OK",6104,"GRH 6104 (tex_6001.png)",34,5,159,"Grass","Grass",1.000,1,"Assets/AOMigrator/MapVisualV063/Generated/Sprites/GRH_6104.asset","Assets/AOMigrator/MapVisualV063/Textures/tex_6001.png",".png",1,1,1,1,1,"","Predominio verde 0.82, sat 0.71"
"OK",6105,"GRH 6105 (tex_6001.png)",34,5,159,"Grass","Grass",1.000,1,"Assets/AOMigrator/MapVisualV063/Generated/Sprites/GRH_6105.asset","Assets/AOMigrator/MapVisualV063/Textures/tex_6001.png",".png",1,1,1,1,1,"","Predominio verde 0.65, sat 0.71"
"OK",6108,"GRH 6108 (tex_6001.png)",34,5,159,"Grass","Grass",1.000,1,"Assets/AOMigrator/MapVisualV063/Generated/Sprites/GRH_6108.asset","Assets/AOMigrator/MapVisualV063/Textures/tex_6001.png",".png",1,1,1,1,1,"","Predominio verde 0.80, sat 0.71"
"OK",6109,"GRH 6109 (tex_6001.png)",34,5,159,"Grass","Grass",1.000,1,"Assets/AOMigrator/MapVisualV063/Generated/Sprites/GRH_6109.asset","Assets/AOMigrator/MapVisualV063/Textures/tex_6001.png",".png",1,1,1,1,1,"","Predominio verde 0.71, sat 0.71"
"OK",6365,"GRH 6365 (tex_6215.png)",9,6,159,"Dirt","Dirt",1.000,1,"Assets/AOMigrator/MapVisualV063/Generated/Sprites/GRH_6365.asset","Assets/AOMigrator/MapVisualV063/Textures/tex_6215.png",".png",1,1,1,1,1,"","Predominio marrón 0.89, sat 0.49"
"OK",6096,"GRH 6096 (tex_6001.png)",33,5,158,"Grass","Grass",1.000,1,"Assets/AOMigrator/MapVisualV063/Generated/Sprites/GRH_6096.asset","Assets/AOMigrator/MapVisualV063/Textures/tex_6001.png",".png",1,1,1,1,1,"","Predominio verde 0.89, sat 0.71"
"OK",6097,"GRH 6097 (tex_6001.png)",33,5,158,"Grass","Grass",1.000,1,"Assets/AOMigrator/MapVisualV063/Generated/Sprites/GRH_6097.asset","Assets/AOMigrator/MapVisualV063/Textures/tex_6001.png",".png",1,1,1,1,1,"","Predominio verde 0.71, sat 0.71"
"OK",6100,"GRH 6100 (tex_6001.png)",33,5,158,"Grass","Grass",1.000,1,"Assets/AOMigrator/MapVisualV063/Generated/Sprites/GRH_6100.asset","Assets/AOMigrator/MapVisualV063/Textures/tex_6001.png",".png",1,1,1,1,1,"","Predominio verde 0.87, sat 0.71"
"OK",6101,"GRH 6101 (tex_6001.png)",33,5,158,"Grass","Grass",1.000,1,"Assets/AOMigrator/MapVisualV063/Generated/Sprites/GRH_6101.asset","Assets/AOMigrator/MapVisualV063/Textures/tex_6001.png",".png",1,1,1,1,1,"","Predominio verde 0.61, sat 0.71"
"OK",6360,"GRH 6360 (tex_6215.png)",8,6,158,"Grass","Grass",1.000,1,"Assets/AOMigrator/MapVisualV063/Generated/Sprites/GRH_6360.asset","Assets/AOMigrator/MapVisualV063/Textures/tex_6215.png",".png",1,1,1,1,1,"","Predominio verde 0.88, sat 0.73"
"OK",6392,"GRH 6392 (tex_6215.png)",8,6,158,"Grass","Grass",1.000,1,"Assets/AOMigrator/MapVisualV063/Generated/Sprites/GRH_6392.asset","Assets/AOMigrator/MapVisualV063/Textures/tex_6215.png",".png",1,1,1,1,1,"","Predominio verde 0.89, sat 0.73"
"OK",6393,"GRH 6393 (tex_6215.png)",8,6,158,"Grass","Grass",0.881,1,"Assets/AOMigrator/MapVisualV063/Generated/Sprites/GRH_6393.asset","Assets/AOMigrator/MapVisualV063/Textures/tex_6215.png",".png",1,1,1,1,1,"","Predominio verde 0.29, sat 0.57"
"OK",6394,"GRH 6394 (tex_6215.png)",8,6,158,"Grass","Grass",0.823,1,"Assets/AOMigrator/MapVisualV063/Generated/Sprites/GRH_6394.asset","Assets/AOMigrator/MapVisualV063/Textures/tex_6215.png",".png",1,1,1,1,1,"","Predominio verde 0.23, sat 0.56"
"OK",6395,"GRH 6395 (tex_6215.png)",8,6,158,"Grass","Grass",1.000,1,"Assets/AOMigrator/MapVisualV063/Generated/Sprites/GRH_6395.asset","Assets/AOMigrator/MapVisualV063/Textures/tex_6215.png",".png",1,1,1,1,1,"","Predominio verde 0.92, sat 0.72"
"OK",6396,"GRH 6396 (tex_6215.png)",8,6,158,"Grass","Grass",1.000,1,"Assets/AOMigrator/MapVisualV063/Generated/Sprites/GRH_6396.asset","Assets/AOMigrator/MapVisualV063/Textures/tex_6215.png",".png",1,1,1,1,1,"","Predominio verde 0.88, sat 0.73"
"OK",6397,"GRH 6397 (tex_6215.png)",8,6,158,"Grass","Grass",1.000,1,"Assets/AOMigrator/MapVisualV063/Generated/Sprites/GRH_6397.asset","Assets/AOMigrator/MapVisualV063/Textures/tex_6215.png",".png",1,1,1,1,1,"","Predominio verde 0.86, sat 0.72"
"OK",6398,"GRH 6398 (tex_6215.png)",8,6,158,"Grass","Grass",1.000,1,"Assets/AOMigrator/MapVisualV063/Generated/Sprites/GRH_6398.asset","Assets/AOMigrator/MapVisualV063/Textures/tex_6215.png",".png",1,1,1,1,1,"","Predominio verde 0.83, sat 0.71"
"OK",6399,"GRH 6399 (tex_6215.png)",8,6,158,"Grass","Grass",1.000,1,"Assets/AOMigrator/MapVisualV063/Generated/Sprites/GRH_6399.asset","Assets/AOMigrator/MapVisualV063/Textures/tex_6215.png",".png",1,1,1,1,1,"","Predominio verde 0.90, sat 0.72"
"OK",61713,"GRH 61713 (tex_5087.png)",8,6,158,"Grass","Grass",1.000,1,"Assets/AOMigrator/MapVisualV063/Generated/Sprites/GRH_61713.asset","Assets/AOMigrator/MapVisualV063/Textures/tex_5087.png",".png",1,1,1,1,1,"","Predominio verde 0.81, sat 0.68"
"OK",61714,"GRH 61714 (tex_5087.png)",8,6,158,"Grass","Grass",1.000,1,"Assets/AOMigrator/MapVisualV063/Generated/Sprites/GRH_61714.asset","Assets/AOMigrator/MapVisualV063/Textures/tex_5087.png",".png",1,1,1,1,1,"","Predominio verde 0.87, sat 0.69"
"OK",61715,"GRH 61715 (tex_5087.png)",8,6,158,"Grass","Grass",1.000,1,"Assets/AOMigrator/MapVisualV063/Generated/Sprites/GRH_61715.asset","Assets/AOMigrator/MapVisualV063/Textures/tex_5087.png",".png",1,1,1,1,1,"","Predominio verde 0.90, sat 0.69"
"OK",61717,"GRH 61717 (tex_5087.png)",8,6,158,"Grass","Grass",1.000,1,"Assets/AOMigrator/MapVisualV063/Generated/Sprites/GRH_61717.asset","Assets/AOMigrator/MapVisualV063/Textures/tex_5087.png",".png",1,1,1,1,1,"","Predominio verde 0.51, sat 0.62"
"OK",61718,"GRH 61718 (tex_5087.png)",8,6,158,"Grass","Grass",0.830,1,"Assets/AOMigrator/MapVisualV063/Generated/Sprites/GRH_61718.asset","Assets/AOMigrator/MapVisualV063/Textures/tex_5087.png",".png",1,1,1,1,1,"","Predominio verde 0.23, sat 0.57"
"OK",61719,"GRH 61719 (tex_5087.png)",8,6,158,"Grass","Grass",1.000,1,"Assets/AOMigrator/MapVisualV063/Generated/Sprites/GRH_61719.asset","Assets/AOMigrator/MapVisualV063/Textures/tex_5087.png",".png",1,1,1,1,1,"","Predominio verde 0.45, sat 0.60"
"OK",61721,"GRH 61721 (tex_5087.png)",7,6,157,"Grass","Grass",0.819,1,"Assets/AOMigrator/MapVisualV063/Generated/Sprites/GRH_61721.asset","Assets/AOMigrator/MapVisualV063/Textures/tex_5087.png",".png",1,1,1,1,1,"","Predominio verde 0.22, sat 0.58"
"OK",61722,"GRH 61722 (tex_5087.png)",7,6,157,"Dirt","Dirt",1.000,1,"Assets/AOMigrator/MapVisualV063/Generated/Sprites/GRH_61722.asset","Assets/AOMigrator/MapVisualV063/Textures/tex_5087.png",".png",1,1,1,1,1,"","Predominio marrón 0.92, sat 0.56"
"OK",61723,"GRH 61723 (tex_5087.png)",7,6,157,"Dirt","Dirt",1.000,1,"Assets/AOMigrator/MapVisualV063/Generated/Sprites/GRH_61723.asset","Assets/AOMigrator/MapVisualV063/Textures/tex_5087.png",".png",1,1,1,1,1,"","Predominio marrón 0.89, sat 0.55"
"OK",85184,"GRH 85184 (tex_6684.png)",54,4,154,"Transition","Transition",0.860,1,"Assets/AOMigrator/MapVisualV063/Generated/Sprites/GRH_85184.asset","Assets/Resources/AOMigrator/WorldV07/Textures/tex_6684.png",".png",1,1,1,1,1,"","Transición: Layer2 100%, cobertura 67%, edge 0.36"
"OK",8987,"GRH 8987 (tex_10150.png)",73,3,148,"Floor","Floor",1.000,1,"Assets/AOMigrator/MapVisualV063/Generated/Sprites/GRH_8987.asset","Assets/AOMigrator/MapVisualV063/Textures/tex_10150.png",".png",1,1,1,1,1,"","Piso marrón sólido; marrón 0.65, cobertura 1.00"
"OK",14293,"GRH 14293 (tex_5082.png)",20,5,145,"Dirt","Dirt",1.000,1,"Assets/AOMigrator/MapVisualV063/Generated/Sprites/GRH_14293.asset","Assets/AOMigrator/MapVisualV063/Textures/tex_5082.png",".png",1,1,1,1,1,"","Predominio marrón 0.72, sat 0.42"
"OK",19876,"GRH 19876 (tex_5157.png)",20,5,145,"Transition","Transition",0.947,1,"Assets/AOMigrator/MapVisualV063/Generated/Sprites/GRH_19876.asset","Assets/Resources/AOMigrator/ItemsV10/Textures/tex_5157.png",".png",1,1,1,1,1,"","Transición: Layer2 100%, cobertura 19%, edge 0.14"
"OK",19877,"GRH 19877 (tex_5157.png)",20,5,145,"Transition","Transition",0.955,1,"Assets/AOMigrator/MapVisualV063/Generated/Sprites/GRH_19877.asset","Assets/Resources/AOMigrator/ItemsV10/Textures/tex_5157.png",".png",1,1,1,1,1,"","Transición: Layer2 100%, cobertura 14%, edge 0.18"
"OK",19879,"GRH 19879 (tex_5157.png)",20,5,145,"Transition","Transition",0.966,1,"Assets/AOMigrator/MapVisualV063/Generated/Sprites/GRH_19879.asset","Assets/Resources/AOMigrator/ItemsV10/Textures/tex_5157.png",".png",1,1,1,1,1,"","Transición: Layer2 100%, cobertura 8%, edge 0.12"
"OK",61235,"GRH 61235 (tex_5087.png)",18,5,143,"Grass","Grass",1.000,1,"Assets/AOMigrator/MapVisualV063/Generated/Sprites/GRH_61235.asset","Assets/AOMigrator/MapVisualV063/Textures/tex_5087.png",".png",1,1,1,1,1,"","Predominio verde 0.57, sat 0.63"
"OK",6496,"GRH 6496 (tex_6215.png)",16,5,141,"Grass","Grass",1.000,1,"Assets/AOMigrator/MapVisualV063/Generated/Sprites/GRH_6496.asset","Assets/AOMigrator/MapVisualV063/Textures/tex_6215.png",".png",1,1,1,1,1,"","Predominio verde 0.94, sat 0.72"
"OK",6500,"GRH 6500 (tex_6215.png)",16,5,141,"Grass","Grass",1.000,1,"Assets/AOMigrator/MapVisualV063/Generated/Sprites/GRH_6500.asset","Assets/AOMigrator/MapVisualV063/Textures/tex_6215.png",".png",1,1,1,1,1,"","Predominio verde 0.88, sat 0.72"
"OK",61630,"GRH 61630 (tex_5087.png)",16,5,141,"Dirt","Dirt",1.000,1,"Assets/AOMigrator/MapVisualV063/Generated/Sprites/GRH_61630.asset","Assets/AOMigrator/MapVisualV063/Textures/tex_5087.png",".png",1,1,1,1,1,"","Predominio marrón 1.00, sat 0.56"
"OK",61631,"GRH 61631 (tex_5087.png)",16,5,141,"Dirt","Dirt",1.000,1,"Assets/AOMigrator/MapVisualV063/Generated/Sprites/GRH_61631.asset","Assets/AOMigrator/MapVisualV063/Textures/tex_5087.png",".png",1,1,1,1,1,"","Predominio marrón 1.00, sat 0.56"
"OK",61634,"GRH 61634 (tex_5087.png)",16,5,141,"Dirt","Dirt",1.000,1,"Assets/AOMigrator/MapVisualV063/Generated/Sprites/GRH_61634.asset","Assets/AOMigrator/MapVisualV063/Textures/tex_5087.png",".png",1,1,1,1,1,"","Predominio marrón 0.88, sat 0.56"
"OK",61635,"GRH 61635 (tex_5087.png)",16,5,141,"Dirt","Dirt",1.000,1,"Assets/AOMigrator/MapVisualV063/Generated/Sprites/GRH_61635.asset","Assets/AOMigrator/MapVisualV063/Textures/tex_5087.png",".png",1,1,1,1,1,"","Predominio marrón 0.85, sat 0.56"
"OK",61638,"GRH 61638 (tex_5087.png)",16,5,141,"Dirt","Dirt",1.000,1,"Assets/AOMigrator/MapVisualV063/Generated/Sprites/GRH_61638.asset","Assets/AOMigrator/MapVisualV063/Textures/tex_5087.png",".png",1,1,1,1,1,"","Predominio marrón 0.89, sat 0.56"
"OK",61639,"GRH 61639 (tex_5087.png)",16,5,141,"Grass","Grass",0.863,1,"Assets/AOMigrator/MapVisualV063/Generated/Sprites/GRH_61639.asset","Assets/AOMigrator/MapVisualV063/Textures/tex_5087.png",".png",1,1,1,1,1,"","Predominio verde 0.27, sat 0.59"
"OK",61642,"GRH 61642 (tex_5087.png)",16,5,141,"Dirt","Dirt",1.000,1,"Assets/AOMigrator/MapVisualV063/Generated/Sprites/GRH_61642.asset","Assets/AOMigrator/MapVisualV063/Textures/tex_5087.png",".png",1,1,1,1,1,"","Predominio marrón 0.81, sat 0.58"
"OK",61643,"GRH 61643 (tex_5087.png)",16,5,141,"Dirt","Dirt",1.000,1,"Assets/AOMigrator/MapVisualV063/Generated/Sprites/GRH_61643.asset","Assets/AOMigrator/MapVisualV063/Textures/tex_5087.png",".png",1,1,1,1,1,"","Predominio marrón 1.00, sat 0.54"
"OK",6537,"GRH 6537 (tex_6215.png)",15,5,140,"Dirt","Dirt",1.000,1,"Assets/AOMigrator/MapVisualV063/Generated/Sprites/GRH_6537.asset","Assets/AOMigrator/MapVisualV063/Textures/tex_6215.png",".png",1,1,1,1,1,"","Predominio marrón 0.99, sat 0.43"
"OK",6504,"GRH 6504 (tex_6215.png)",14,5,139,"Grass","Grass",1.000,1,"Assets/AOMigrator/MapVisualV063/Generated/Sprites/GRH_6504.asset","Assets/AOMigrator/MapVisualV063/Textures/tex_6215.png",".png",1,1,1,1,1,"","Predominio verde 0.95, sat 0.72"
"OK",6508,"GRH 6508 (tex_6215.png)",14,5,139,"Grass","Grass",1.000,1,"Assets/AOMigrator/MapVisualV063/Generated/Sprites/GRH_6508.asset","Assets/AOMigrator/MapVisualV063/Textures/tex_6215.png",".png",1,1,1,1,1,"","Predominio verde 0.92, sat 0.72"
"OK",6488,"GRH 6488 (tex_6215.png)",13,5,138,"Dirt","Dirt",1.000,1,"Assets/AOMigrator/MapVisualV063/Generated/Sprites/GRH_6488.asset","Assets/AOMigrator/MapVisualV063/Textures/tex_6215.png",".png",1,1,1,1,1,"","Predominio marrón 0.97, sat 0.46"
"OK",6489,"GRH 6489 (tex_6215.png)",13,5,138,"Dirt","Dirt",1.000,1,"Assets/AOMigrator/MapVisualV063/Generated/Sprites/GRH_6489.asset","Assets/AOMigrator/MapVisualV063/Textures/tex_6215.png",".png",1,1,1,1,1,"","Predominio marrón 1.00, sat 0.44"
"OK",6490,"GRH 6490 (tex_6215.png)",13,5,138,"Dirt","Dirt",1.000,1,"Assets/AOMigrator/MapVisualV063/Generated/Sprites/GRH_6490.asset","Assets/AOMigrator/MapVisualV063/Textures/tex_6215.png",".png",1,1,1,1,1,"","Predominio marrón 1.00, sat 0.44"
"OK",6491,"GRH 6491 (tex_6215.png)",13,5,138,"Dirt","Dirt",1.000,1,"Assets/AOMigrator/MapVisualV063/Generated/Sprites/GRH_6491.asset","Assets/AOMigrator/MapVisualV063/Textures/tex_6215.png",".png",1,1,1,1,1,"","Predominio marrón 0.99, sat 0.45"
"OK",6492,"GRH 6492 (tex_6215.png)",13,5,138,"Grass","Grass",1.000,1,"Assets/AOMigrator/MapVisualV063/Generated/Sprites/GRH_6492.asset","Assets/AOMigrator/MapVisualV063/Textures/tex_6215.png",".png",1,1,1,1,1,"","Predominio verde 0.81, sat 0.69"
"OK",6493,"GRH 6493 (tex_6215.png)",13,5,138,"Dirt","Dirt",1.000,1,"Assets/AOMigrator/MapVisualV063/Generated/Sprites/GRH_6493.asset","Assets/AOMigrator/MapVisualV063/Textures/tex_6215.png",".png",1,1,1,1,1,"","Predominio marrón 0.97, sat 0.46"
"OK",6494,"GRH 6494 (tex_6215.png)",13,5,138,"Dirt","Dirt",1.000,1,"Assets/AOMigrator/MapVisualV063/Generated/Sprites/GRH_6494.asset","Assets/AOMigrator/MapVisualV063/Textures/tex_6215.png",".png",1,1,1,1,1,"","Predominio marrón 0.96, sat 0.46"
"OK",6495,"GRH 6495 (tex_6215.png)",13,5,138,"Grass","Grass",1.000,1,"Assets/AOMigrator/MapVisualV063/Generated/Sprites/GRH_6495.asset","Assets/AOMigrator/MapVisualV063/Textures/tex_6215.png",".png",1,1,1,1,1,"","Predominio verde 0.71, sat 0.68"
"OK",17055,"GRH 17055 (tex_5041.png)",13,5,138,"Transition","Transition",0.946,1,"Assets/AOMigrator/MapVisualV063/Generated/Sprites/GRH_17055.asset","Assets/AOMigrator/MapVisualV063/Textures/tex_5041.png",".png",1,1,1,1,1,"","Transición: Layer2 100%, cobertura 19%, edge 0.41"
"OK",61230,"GRH 61230 (tex_5087.png)",13,5,138,"Dirt","Dirt",1.000,1,"Assets/AOMigrator/MapVisualV063/Generated/Sprites/GRH_61230.asset","Assets/AOMigrator/MapVisualV063/Textures/tex_5087.png",".png",1,1,1,1,1,"","Predominio marrón 0.84, sat 0.58"
"OK",61231,"GRH 61231 (tex_5087.png)",13,5,138,"Dirt","Dirt",1.000,1,"Assets/AOMigrator/MapVisualV063/Generated/Sprites/GRH_61231.asset","Assets/AOMigrator/MapVisualV063/Textures/tex_5087.png",".png",1,1,1,1,1,"","Predominio marrón 0.82, sat 0.58"
"OK",61234,"GRH 61234 (tex_5087.png)",13,5,138,"Grass","Grass",1.000,1,"Assets/AOMigrator/MapVisualV063/Generated/Sprites/GRH_61234.asset","Assets/AOMigrator/MapVisualV063/Textures/tex_5087.png",".png",1,1,1,1,1,"","Predominio verde 0.68, sat 0.64"
"OK",61238,"GRH 61238 (tex_5087.png)",13,5,138,"Grass","Grass",1.000,1,"Assets/AOMigrator/MapVisualV063/Generated/Sprites/GRH_61238.asset","Assets/AOMigrator/MapVisualV063/Textures/tex_5087.png",".png",1,1,1,1,1,"","Predominio verde 0.84, sat 0.68"
"OK",61239,"GRH 61239 (tex_5087.png)",13,5,138,"Grass","Grass",1.000,1,"Assets/AOMigrator/MapVisualV063/Generated/Sprites/GRH_61239.asset","Assets/AOMigrator/MapVisualV063/Textures/tex_5087.png",".png",1,1,1,1,1,"","Predominio verde 0.81, sat 0.68"
"OK",6541,"GRH 6541 (tex_6215.png)",12,5,137,"Dirt","Dirt",1.000,1,"Assets/AOMigrator/MapVisualV063/Generated/Sprites/GRH_6541.asset","Assets/AOMigrator/MapVisualV063/Textures/tex_6215.png",".png",1,1,1,1,1,"","Predominio marrón 0.92, sat 0.48"
"OK",6480,"GRH 6480 (tex_6215.png)",11,5,136,"Grass","Grass",1.000,1,"Assets/AOMigrator/MapVisualV063/Generated/Sprites/GRH_6480.asset","Assets/AOMigrator/MapVisualV063/Textures/tex_6215.png",".png",1,1,1,1,1,"","Predominio verde 0.89, sat 0.71"
"OK",6481,"GRH 6481 (tex_6215.png)",11,5,136,"Grass","Grass",1.000,1,"Assets/AOMigrator/MapVisualV063/Generated/Sprites/GRH_6481.asset","Assets/AOMigrator/MapVisualV063/Textures/tex_6215.png",".png",1,1,1,1,1,"","Predominio verde 0.96, sat 0.72"
"OK",6482,"GRH 6482 (tex_6215.png)",11,5,136,"Grass","Grass",1.000,1,"Assets/AOMigrator/MapVisualV063/Generated/Sprites/GRH_6482.asset","Assets/AOMigrator/MapVisualV063/Textures/tex_6215.png",".png",1,1,1,1,1,"","Predominio verde 0.95, sat 0.72"
"OK",6483,"GRH 6483 (tex_6215.png)",11,5,136,"Grass","Grass",1.000,1,"Assets/AOMigrator/MapVisualV063/Generated/Sprites/GRH_6483.asset","Assets/AOMigrator/MapVisualV063/Textures/tex_6215.png",".png",1,1,1,1,1,"","Predominio verde 0.89, sat 0.72"
"OK",6484,"GRH 6484 (tex_6215.png)",11,5,136,"Dirt","Dirt",1.000,1,"Assets/AOMigrator/MapVisualV063/Generated/Sprites/GRH_6484.asset","Assets/AOMigrator/MapVisualV063/Textures/tex_6215.png",".png",1,1,1,1,1,"","Predominio marrón 0.96, sat 0.46"
"OK",6485,"GRH 6485 (tex_6215.png)",11,5,136,"Dirt","Dirt",1.000,1,"Assets/AOMigrator/MapVisualV063/Generated/Sprites/GRH_6485.asset","Assets/AOMigrator/MapVisualV063/Textures/tex_6215.png",".png",1,1,1,1,1,"","Predominio marrón 0.94, sat 0.48"
"OK",6486,"GRH 6486 (tex_6215.png)",11,5,136,"Dirt","Dirt",1.000,1,"Assets/AOMigrator/MapVisualV063/Generated/Sprites/GRH_6486.asset","Assets/AOMigrator/MapVisualV063/Textures/tex_6215.png",".png",1,1,1,1,1,"","Predominio marrón 0.83, sat 0.50"
"OK",6487,"GRH 6487 (tex_6215.png)",11,5,136,"Dirt","Dirt",1.000,1,"Assets/AOMigrator/MapVisualV063/Generated/Sprites/GRH_6487.asset","Assets/AOMigrator/MapVisualV063/Textures/tex_6215.png",".png",1,1,1,1,1,"","Predominio marrón 0.90, sat 0.49"
"OK",6543,"GRH 6543 (tex_6215.png)",11,5,136,"Grass","Grass",1.000,1,"Assets/AOMigrator/MapVisualV063/Generated/Sprites/GRH_6543.asset","Assets/AOMigrator/MapVisualV063/Textures/tex_6215.png",".png",1,1,1,1,1,"","Predominio verde 0.69, sat 0.68"
"OK",6210,"GRH 6210 (tex_6003.png)",10,5,135,"Grass","Grass",1.000,1,"Assets/AOMigrator/MapVisualV063/Generated/Sprites/GRH_6210.asset","Assets/AOMigrator/MapVisualV063/Textures/tex_6003.png",".png",1,1,1,1,1,"","Predominio verde 0.68, sat 0.71"
"OK",6211,"GRH 6211 (tex_6003.png)",10,5,135,"Grass","Grass",1.000,1,"Assets/AOMigrator/MapVisualV063/Generated/Sprites/GRH_6211.asset","Assets/AOMigrator/MapVisualV063/Textures/tex_6003.png",".png",1,1,1,1,1,"","Predominio verde 0.87, sat 0.71"
"OK",6214,"GRH 6214 (tex_6003.png)",10,5,135,"Grass","Grass",1.000,1,"Assets/AOMigrator/MapVisualV063/Generated/Sprites/GRH_6214.asset","Assets/AOMigrator/MapVisualV063/Textures/tex_6003.png",".png",1,1,1,1,1,"","Predominio verde 0.70, sat 0.70"
"OK",6215,"GRH 6215 (tex_6003.png)",10,5,135,"Grass","Grass",1.000,1,"Assets/AOMigrator/MapVisualV063/Generated/Sprites/GRH_6215.asset","Assets/AOMigrator/MapVisualV063/Textures/tex_6003.png",".png",1,1,1,1,1,"","Predominio verde 0.75, sat 0.60"
"OK",6218,"GRH 6218 (tex_6003.png)",10,5,135,"Grass","Grass",1.000,1,"Assets/AOMigrator/MapVisualV063/Generated/Sprites/GRH_6218.asset","Assets/AOMigrator/MapVisualV063/Textures/tex_6003.png",".png",1,1,1,1,1,"","Predominio verde 0.73, sat 0.65"
"OK",6219,"GRH 6219 (tex_6003.png)",10,5,135,"Grass","Grass",1.000,1,"Assets/AOMigrator/MapVisualV063/Generated/Sprites/GRH_6219.asset","Assets/AOMigrator/MapVisualV063/Textures/tex_6003.png",".png",1,1,1,1,1,"","Predominio verde 0.70, sat 0.61"
"OK",6222,"GRH 6222 (tex_6003.png)",10,5,135,"Grass","Grass",1.000,1,"Assets/AOMigrator/MapVisualV063/Generated/Sprites/GRH_6222.asset","Assets/AOMigrator/MapVisualV063/Textures/tex_6003.png",".png",1,1,1,1,1,"","Predominio verde 0.78, sat 0.68"
"OK",6223,"GRH 6223 (tex_6003.png)",10,5,135,"Grass","Grass",1.000,1,"Assets/AOMigrator/MapVisualV063/Generated/Sprites/GRH_6223.asset","Assets/AOMigrator/MapVisualV063/Textures/tex_6003.png",".png",1,1,1,1,1,"","Predominio verde 0.78, sat 0.63"
"OK",6356,"GRH 6356 (tex_6215.png)",10,5,135,"Grass","Grass",1.000,1,"Assets/AOMigrator/MapVisualV063/Generated/Sprites/GRH_6356.asset","Assets/AOMigrator/MapVisualV063/Textures/tex_6215.png",".png",1,1,1,1,1,"","Predominio verde 0.93, sat 0.73"
"OK",60972,"GRH 60972 (tex_5087.png)",10,5,135,"Dirt","Dirt",1.000,1,"Assets/AOMigrator/MapVisualV063/Generated/Sprites/GRH_60972.asset","Assets/AOMigrator/MapVisualV063/Textures/tex_5087.png",".png",1,1,1,1,1,"","Predominio marrón 0.94, sat 0.55"
"OK",60976,"GRH 60976 (tex_5087.png)",10,5,135,"Dirt","Dirt",1.000,1,"Assets/AOMigrator/MapVisualV063/Generated/Sprites/GRH_60976.asset","Assets/AOMigrator/MapVisualV063/Textures/tex_5087.png",".png",1,1,1,1,1,"","Predominio marrón 0.94, sat 0.52"
"OK",60980,"GRH 60980 (tex_5087.png)",10,5,135,"Dirt","Dirt",1.000,1,"Assets/AOMigrator/MapVisualV063/Generated/Sprites/GRH_60980.asset","Assets/AOMigrator/MapVisualV063/Textures/tex_5087.png",".png",1,1,1,1,1,"","Predominio marrón 0.94, sat 0.55"
"OK",6528,"GRH 6528 (tex_6215.png)",9,5,134,"Grass","Grass",1.000,1,"Assets/AOMigrator/MapVisualV063/Generated/Sprites/GRH_6528.asset","Assets/AOMigrator/MapVisualV063/Textures/tex_6215.png",".png",1,1,1,1,1,"","Predominio verde 0.80, sat 0.71"
"OK",6529,"GRH 6529 (tex_6215.png)",9,5,134,"Dirt","Dirt",1.000,1,"Assets/AOMigrator/MapVisualV063/Generated/Sprites/GRH_6529.asset","Assets/AOMigrator/MapVisualV063/Textures/tex_6215.png",".png",1,1,1,1,1,"","Predominio marrón 0.90, sat 0.49"
"OK",6532,"GRH 6532 (tex_6215.png)",9,5,134,"Dirt","Dirt",1.000,1,"Assets/AOMigrator/MapVisualV063/Generated/Sprites/GRH_6532.asset","Assets/AOMigrator/MapVisualV063/Textures/tex_6215.png",".png",1,1,1,1,1,"","Predominio marrón 0.89, sat 0.49"
"OK",6533,"GRH 6533 (tex_6215.png)",9,5,134,"Dirt","Dirt",1.000,1,"Assets/AOMigrator/MapVisualV063/Generated/Sprites/GRH_6533.asset","Assets/AOMigrator/MapVisualV063/Textures/tex_6215.png",".png",1,1,1,1,1,"","Predominio marrón 1.00, sat 0.44"
"OK",6535,"GRH 6535 (tex_6215.png)",9,5,134,"Dirt","Dirt",1.000,1,"Assets/AOMigrator/MapVisualV063/Generated/Sprites/GRH_6535.asset","Assets/AOMigrator/MapVisualV063/Textures/tex_6215.png",".png",1,1,1,1,1,"","Predominio marrón 0.99, sat 0.45"
"OK",6536,"GRH 6536 (tex_6215.png)",9,5,134,"Dirt","Dirt",1.000,1,"Assets/AOMigrator/MapVisualV063/Generated/Sprites/GRH_6536.asset","Assets/AOMigrator/MapVisualV063/Textures/tex_6215.png",".png",1,1,1,1,1,"","Predominio marrón 0.98, sat 0.46"
"OK",6539,"GRH 6539 (tex_6215.png)",9,5,134,"Dirt","Dirt",1.000,1,"Assets/AOMigrator/MapVisualV063/Generated/Sprites/GRH_6539.asset","Assets/AOMigrator/MapVisualV063/Textures/tex_6215.png",".png",1,1,1,1,1,"","Predominio marrón 0.99, sat 0.45"
"OK",6540,"GRH 6540 (tex_6215.png)",9,5,134,"Grass","Grass",1.000,1,"Assets/AOMigrator/MapVisualV063/Generated/Sprites/GRH_6540.asset","Assets/AOMigrator/MapVisualV063/Textures/tex_6215.png",".png",1,1,1,1,1,"","Predominio verde 0.83, sat 0.70"
"OK",61480,"GRH 61480 (tex_5087.png)",9,5,134,"Dirt","Dirt",1.000,1,"Assets/AOMigrator/MapVisualV063/Generated/Sprites/GRH_61480.asset","Assets/AOMigrator/MapVisualV063/Textures/tex_5087.png",".png",1,1,1,1,1,"","Predominio marrón 0.90, sat 0.56"
"OK",61481,"GRH 61481 (tex_5087.png)",9,5,134,"Dirt","Dirt",1.000,1,"Assets/AOMigrator/MapVisualV063/Generated/Sprites/GRH_61481.asset","Assets/AOMigrator/MapVisualV063/Textures/tex_5087.png",".png",1,1,1,1,1,"","Predominio marrón 0.82, sat 0.56"
"OK",6357,"GRH 6357 (tex_6215.png)",8,5,133,"Dirt","Dirt",1.000,1,"Assets/AOMigrator/MapVisualV063/Generated/Sprites/GRH_6357.asset","Assets/AOMigrator/MapVisualV063/Textures/tex_6215.png",".png",1,1,1,1,1,"","Predominio marrón 0.83, sat 0.55"
"OK",6358,"GRH 6358 (tex_6215.png)",8,5,133,"Dirt","Dirt",1.000,1,"Assets/AOMigrator/MapVisualV063/Generated/Sprites/GRH_6358.asset","Assets/AOMigrator/MapVisualV063/Textures/tex_6215.png",".png",1,1,1,1,1,"","Predominio marrón 0.84, sat 0.55"
"OK",6362,"GRH 6362 (tex_6215.png)",8,5,133,"Dirt","Dirt",1.000,1,"Assets/AOMigrator/MapVisualV063/Generated/Sprites/GRH_6362.asset","Assets/AOMigrator/MapVisualV063/Textures/tex_6215.png",".png",1,1,1,1,1,"","Predominio marrón 0.99, sat 0.48"
"OK",6416,"GRH 6416 (tex_6215.png)",8,5,133,"Grass","Grass",1.000,1,"Assets/AOMigrator/MapVisualV063/Generated/Sprites/GRH_6416.asset","Assets/AOMigrator/MapVisualV063/Textures/tex_6215.png",".png",1,1,1,1,1,"","Predominio verde 0.93, sat 0.73"
"OK",60984,"GRH 60984 (tex_5087.png)",8,5,133,"Dirt","Dirt",1.000,1,"Assets/AOMigrator/MapVisualV063/Generated/Sprites/GRH_60984.asset","Assets/AOMigrator/MapVisualV063/Textures/tex_5087.png",".png",1,1,1,1,1,"","Predominio marrón 0.86, sat 0.56"
"OK",61472,"GRH 61472 (tex_5087.png)",8,5,133,"Grass","Grass",1.000,1,"Assets/AOMigrator/MapVisualV063/Generated/Sprites/GRH_61472.asset","Assets/AOMigrator/MapVisualV063/Textures/tex_5087.png",".png",1,1,1,1,1,"","Predominio verde 0.88, sat 0.69"
"OK",61473,"GRH 61473 (tex_5087.png)",8,5,133,"Grass","Grass",1.000,1,"Assets/AOMigrator/MapVisualV063/Generated/Sprites/GRH_61473.asset","Assets/AOMigrator/MapVisualV063/Textures/tex_5087.png",".png",1,1,1,1,1,"","Predominio verde 0.77, sat 0.67"
"OK",61476,"GRH 61476 (tex_5087.png)",8,5,133,"Grass","Grass",1.000,1,"Assets/AOMigrator/MapVisualV063/Generated/Sprites/GRH_61476.asset","Assets/AOMigrator/MapVisualV063/Textures/tex_5087.png",".png",1,1,1,1,1,"","Predominio verde 0.62, sat 0.64"
"OK",61477,"GRH 61477 (tex_5087.png)",8,5,133,"Grass","Grass",1.000,1,"Assets/AOMigrator/MapVisualV063/Generated/Sprites/GRH_61477.asset","Assets/AOMigrator/MapVisualV063/Textures/tex_5087.png",".png",1,1,1,1,1,"","Predominio verde 0.52, sat 0.62"
"OK",61516,"GRH 61516 (tex_5087.png)",8,5,133,"Grass","Grass",1.000,1,"Assets/AOMigrator/MapVisualV063/Generated/Sprites/GRH_61516.asset","Assets/AOMigrator/MapVisualV063/Textures/tex_5087.png",".png",1,1,1,1,1,"","Predominio verde 0.64, sat 0.68"
"OK",61517,"GRH 61517 (tex_5087.png)",8,5,133,"Grass","Grass",1.000,1,"Assets/AOMigrator/MapVisualV063/Generated/Sprites/GRH_61517.asset","Assets/AOMigrator/MapVisualV063/Textures/tex_5087.png",".png",1,1,1,1,1,"","Predominio verde 0.54, sat 0.68"
"OK",61518,"GRH 61518 (tex_5087.png)",8,5,133,"Grass","Grass",1.000,1,"Assets/AOMigrator/MapVisualV063/Generated/Sprites/GRH_61518.asset","Assets/AOMigrator/MapVisualV063/Textures/tex_5087.png",".png",1,1,1,1,1,"","Predominio verde 0.73, sat 0.69"
"OK",61519,"GRH 61519 (tex_5087.png)",8,5,133,"Grass","Grass",1.000,1,"Assets/AOMigrator/MapVisualV063/Generated/Sprites/GRH_61519.asset","Assets/AOMigrator/MapVisualV063/Textures/tex_5087.png",".png",1,1,1,1,1,"","Predominio verde 0.86, sat 0.69"
"OK",61520,"GRH 61520 (tex_5087.png)",8,5,133,"Grass","Grass",1.000,1,"Assets/AOMigrator/MapVisualV063/Generated/Sprites/GRH_61520.asset","Assets/AOMigrator/MapVisualV063/Textures/tex_5087.png",".png",1,1,1,1,1,"","Predominio verde 0.66, sat 0.69"
"OK",61521,"GRH 61521 (tex_5087.png)",8,5,133,"Dirt","Dirt",1.000,1,"Assets/AOMigrator/MapVisualV063/Generated/Sprites/GRH_61521.asset","Assets/AOMigrator/MapVisualV063/Textures/tex_5087.png",".png",1,1,1,1,1,"","Predominio marrón 0.90, sat 0.65"
"OK",61522,"GRH 61522 (tex_5087.png)",8,5,133,"Dirt","Dirt",1.000,1,"Assets/AOMigrator/MapVisualV063/Generated/Sprites/GRH_61522.asset","Assets/AOMigrator/MapVisualV063/Textures/tex_5087.png",".png",1,1,1,1,1,"","Predominio marrón 0.89, sat 0.66"
"OK",61523,"GRH 61523 (tex_5087.png)",8,5,133,"Grass","Grass",1.000,1,"Assets/AOMigrator/MapVisualV063/Generated/Sprites/GRH_61523.asset","Assets/AOMigrator/MapVisualV063/Textures/tex_5087.png",".png",1,1,1,1,1,"","Predominio verde 0.71, sat 0.69"
"OK",61524,"GRH 61524 (tex_5087.png)",8,5,133,"Grass","Grass",1.000,1,"Assets/AOMigrator/MapVisualV063/Generated/Sprites/GRH_61524.asset","Assets/AOMigrator/MapVisualV063/Textures/tex_5087.png",".png",1,1,1,1,1,"","Predominio verde 0.89, sat 0.69"
"OK",61525,"GRH 61525 (tex_5087.png)",8,5,133,"Grass","Grass",1.000,1,"Assets/AOMigrator/MapVisualV063/Generated/Sprites/GRH_61525.asset","Assets/AOMigrator/MapVisualV063/Textures/tex_5087.png",".png",1,1,1,1,1,"","Predominio verde 0.48, sat 0.68"
"OK",61526,"GRH 61526 (tex_5087.png)",8,5,133,"Dirt","Dirt",1.000,1,"Assets/AOMigrator/MapVisualV063/Generated/Sprites/GRH_61526.asset","Assets/AOMigrator/MapVisualV063/Textures/tex_5087.png",".png",1,1,1,1,1,"","Predominio marrón 0.80, sat 0.66"
"OK",61527,"GRH 61527 (tex_5087.png)",8,5,133,"Grass","Grass",1.000,1,"Assets/AOMigrator/MapVisualV063/Generated/Sprites/GRH_61527.asset","Assets/AOMigrator/MapVisualV063/Textures/tex_5087.png",".png",1,1,1,1,1,"","Predominio verde 0.59, sat 0.68"
"OK",61528,"GRH 61528 (tex_5087.png)",8,5,133,"Grass","Grass",1.000,1,"Assets/AOMigrator/MapVisualV063/Generated/Sprites/GRH_61528.asset","Assets/AOMigrator/MapVisualV063/Textures/tex_5087.png",".png",1,1,1,1,1,"","Predominio verde 0.88, sat 0.69"
"OK",61529,"GRH 61529 (tex_5087.png)",8,5,133,"Grass","Grass",1.000,1,"Assets/AOMigrator/MapVisualV063/Generated/Sprites/GRH_61529.asset","Assets/AOMigrator/MapVisualV063/Textures/tex_5087.png",".png",1,1,1,1,1,"","Predominio verde 0.91, sat 0.69"
"OK",61530,"GRH 61530 (tex_5087.png)",8,5,133,"Grass","Grass",1.000,1,"Assets/AOMigrator/MapVisualV063/Generated/Sprites/GRH_61530.asset","Assets/AOMigrator/MapVisualV063/Textures/tex_5087.png",".png",1,1,1,1,1,"","Predominio verde 0.70, sat 0.69"
"OK",61531,"GRH 61531 (tex_5087.png)",8,5,133,"Grass","Grass",1.000,1,"Assets/AOMigrator/MapVisualV063/Generated/Sprites/GRH_61531.asset","Assets/AOMigrator/MapVisualV063/Textures/tex_5087.png",".png",1,1,1,1,1,"","Predominio verde 0.72, sat 0.69"
"OK",61708,"GRH 61708 (tex_5087.png)",8,5,133,"Grass","Grass",1.000,1,"Assets/AOMigrator/MapVisualV063/Generated/Sprites/GRH_61708.asset","Assets/AOMigrator/MapVisualV063/Textures/tex_5087.png",".png",1,1,1,1,1,"","Predominio verde 0.92, sat 0.69"
"OK",6352,"GRH 6352 (tex_6215.png)",7,5,132,"Grass","Grass",1.000,1,"Assets/AOMigrator/MapVisualV063/Generated/Sprites/GRH_6352.asset","Assets/AOMigrator/MapVisualV063/Textures/tex_6215.png",".png",1,1,1,1,1,"","Predominio verde 0.92, sat 0.73"
"OK",17063,"GRH 17063 (tex_5041.png)",7,5,132,"Transition","Transition",0.948,1,"Assets/AOMigrator/MapVisualV063/Generated/Sprites/GRH_17063.asset","Assets/AOMigrator/MapVisualV063/Textures/tex_5041.png",".png",1,1,1,1,1,"","Transición: Layer2 100%, cobertura 18%, edge 0.45"
"OK",61709,"GRH 61709 (tex_5087.png)",7,5,132,"Grass","Grass",1.000,1,"Assets/AOMigrator/MapVisualV063/Generated/Sprites/GRH_61709.asset","Assets/AOMigrator/MapVisualV063/Textures/tex_5087.png",".png",1,1,1,1,1,"","Predominio verde 0.92, sat 0.70"
"OK",61710,"GRH 61710 (tex_5087.png)",7,5,132,"Grass","Grass",1.000,1,"Assets/AOMigrator/MapVisualV063/Generated/Sprites/GRH_61710.asset","Assets/AOMigrator/MapVisualV063/Textures/tex_5087.png",".png",1,1,1,1,1,"","Predominio verde 0.87, sat 0.69"
"OK",61711,"GRH 61711 (tex_5087.png)",7,5,132,"Grass","Grass",1.000,1,"Assets/AOMigrator/MapVisualV063/Generated/Sprites/GRH_61711.asset","Assets/AOMigrator/MapVisualV063/Textures/tex_5087.png",".png",1,1,1,1,1,"","Predominio verde 0.95, sat 0.70"
"OK",6391,"GRH 6391 (tex_6215.png)",6,5,131,"Grass","Grass",1.000,1,"Assets/AOMigrator/MapVisualV063/Generated/Sprites/GRH_6391.asset","Assets/AOMigrator/MapVisualV063/Textures/tex_6215.png",".png",1,1,1,1,1,"","Predominio verde 0.95, sat 0.72"
"OK",61843,"GRH 61843 (tex_5087.png)",5,5,130,"Dirt","Dirt",1.000,1,"Assets/AOMigrator/MapVisualV063/Generated/Sprites/GRH_61843.asset","Assets/AOMigrator/MapVisualV063/Textures/tex_5087.png",".png",1,1,1,1,1,"","Predominio marrón 0.81, sat 0.57"
"OK",61847,"GRH 61847 (tex_5087.png)",5,5,130,"Dirt","Dirt",1.000,1,"Assets/AOMigrator/MapVisualV063/Generated/Sprites/GRH_61847.asset","Assets/AOMigrator/MapVisualV063/Textures/tex_5087.png",".png",1,1,1,1,1,"","Predominio marrón 0.97, sat 0.55"
"OK",8988,"GRH 8988 (tex_10150.png)",54,3,129,"Floor","Floor",1.000,1,"Assets/AOMigrator/MapVisualV063/Generated/Sprites/GRH_8988.asset","Assets/AOMigrator/MapVisualV063/Textures/tex_10150.png",".png",1,1,1,1,1,"","Piso marrón sólido; marrón 0.76, cobertura 1.00"
"OK",85254,"GRH 85254 (tex_6684.png)",24,4,124,"Transition","Transition",0.860,1,"Assets/AOMigrator/MapVisualV063/Generated/Sprites/GRH_85254.asset","Assets/Resources/AOMigrator/WorldV07/Textures/tex_6684.png",".png",1,1,1,1,1,"","Transición: Layer2 100%, cobertura 67%, edge 0.41"
"OK",8989,"GRH 8989 (tex_10150.png)",48,3,123,"Floor","Floor",1.000,1,"Assets/AOMigrator/MapVisualV063/Generated/Sprites/GRH_8989.asset","Assets/AOMigrator/MapVisualV063/Textures/tex_10150.png",".png",1,1,1,1,1,"","Piso marrón sólido; marrón 0.51, cobertura 1.00"
"OK",85204,"GRH 85204 (tex_6684.png)",47,3,122,"Transition","Transition",0.860,1,"Assets/AOMigrator/MapVisualV063/Generated/Sprites/GRH_85204.asset","Assets/Resources/AOMigrator/WorldV07/Textures/tex_6684.png",".png",1,1,1,1,1,"","Transición: Layer2 100%, cobertura 67%, edge 0.37"
"OK",85264,"GRH 85264 (tex_6684.png)",22,4,122,"Transition","Transition",0.860,1,"Assets/AOMigrator/MapVisualV063/Generated/Sprites/GRH_85264.asset","Assets/Resources/AOMigrator/WorldV07/Textures/tex_6684.png",".png",1,1,1,1,1,"","Transición: Layer2 100%, cobertura 67%, edge 0.31"
"OK",85284,"GRH 85284 (tex_6684.png)",21,4,121,"Transition","Transition",0.860,1,"Assets/AOMigrator/MapVisualV063/Generated/Sprites/GRH_85284.asset","Assets/Resources/AOMigrator/WorldV07/Textures/tex_6684.png",".png",1,1,1,1,1,"","Transición: Layer2 100%, cobertura 67%, edge 0.32"
"OK",6107,"GRH 6107 (tex_6001.png)",20,4,120,"Grass","Grass",1.000,1,"Assets/AOMigrator/MapVisualV063/Generated/Sprites/GRH_6107.asset","Assets/AOMigrator/MapVisualV063/Textures/tex_6001.png",".png",1,1,1,1,1,"","Predominio verde 0.82, sat 0.71"
"OK",6111,"GRH 6111 (tex_6001.png)",20,4,120,"Grass","Grass",1.000,1,"Assets/AOMigrator/MapVisualV063/Generated/Sprites/GRH_6111.asset","Assets/AOMigrator/MapVisualV063/Textures/tex_6001.png",".png",1,1,1,1,1,"","Predominio verde 0.87, sat 0.71"
"OK",85234,"GRH 85234 (tex_6684.png)",20,4,120,"Transition","Transition",0.860,1,"Assets/AOMigrator/MapVisualV063/Generated/Sprites/GRH_85234.asset","Assets/Resources/AOMigrator/WorldV07/Textures/tex_6684.png",".png",1,1,1,1,1,"","Transición: Layer2 100%, cobertura 67%, edge 0.41"
"OK",6099,"GRH 6099 (tex_6001.png)",19,4,119,"Grass","Grass",1.000,1,"Assets/AOMigrator/MapVisualV063/Generated/Sprites/GRH_6099.asset","Assets/AOMigrator/MapVisualV063/Textures/tex_6001.png",".png",1,1,1,1,1,"","Predominio verde 0.92, sat 0.71"
"OK",6103,"GRH 6103 (tex_6001.png)",19,4,119,"Grass","Grass",1.000,1,"Assets/AOMigrator/MapVisualV063/Generated/Sprites/GRH_6103.asset","Assets/AOMigrator/MapVisualV063/Textures/tex_6001.png",".png",1,1,1,1,1,"","Predominio verde 0.89, sat 0.71"
"OK",6512,"GRH 6512 (tex_6215.png)",14,4,114,"Grass","Grass",1.000,1,"Assets/AOMigrator/MapVisualV063/Generated/Sprites/GRH_6512.asset","Assets/AOMigrator/MapVisualV063/Textures/tex_6215.png",".png",1,1,1,1,1,"","Predominio verde 0.68, sat 0.68"
"OK",6513,"GRH 6513 (tex_6215.png)",14,4,114,"Floor","Floor",1.000,1,"Assets/AOMigrator/MapVisualV063/Generated/Sprites/GRH_6513.asset","Assets/AOMigrator/MapVisualV063/Textures/tex_6215.png",".png",1,1,1,1,1,"","Piso marrón sólido; marrón 0.97, cobertura 1.00"
"OK",6516,"GRH 6516 (tex_6215.png)",14,4,114,"Floor","Floor",1.000,1,"Assets/AOMigrator/MapVisualV063/Generated/Sprites/GRH_6516.asset","Assets/AOMigrator/MapVisualV063/Textures/tex_6215.png",".png",1,1,1,1,1,"","Piso marrón sólido; marrón 0.97, cobertura 1.00"
"OK",6517,"GRH 6517 (tex_6215.png)",14,4,114,"Floor","Floor",1.000,1,"Assets/AOMigrator/MapVisualV063/Generated/Sprites/GRH_6517.asset","Assets/AOMigrator/MapVisualV063/Textures/tex_6215.png",".png",1,1,1,1,1,"","Piso marrón sólido; marrón 1.00, cobertura 1.00"
"OK",6518,"GRH 6518 (tex_6215.png)",14,4,114,"Floor","Floor",1.000,1,"Assets/AOMigrator/MapVisualV063/Generated/Sprites/GRH_6518.asset","Assets/AOMigrator/MapVisualV063/Textures/tex_6215.png",".png",1,1,1,1,1,"","Piso marrón sólido; marrón 0.88, cobertura 1.00"
"OK",6538,"GRH 6538 (tex_6215.png)",14,4,114,"Floor","Floor",1.000,1,"Assets/AOMigrator/MapVisualV063/Generated/Sprites/GRH_6538.asset","Assets/AOMigrator/MapVisualV063/Textures/tex_6215.png",".png",1,1,1,1,1,"","Piso marrón sólido; marrón 1.00, cobertura 1.00"
"OK",6542,"GRH 6542 (tex_6215.png)",14,4,114,"Floor","Floor",1.000,1,"Assets/AOMigrator/MapVisualV063/Generated/Sprites/GRH_6542.asset","Assets/AOMigrator/MapVisualV063/Textures/tex_6215.png",".png",1,1,1,1,1,"","Piso marrón sólido; marrón 0.97, cobertura 1.00"
"OK",6514,"GRH 6514 (tex_6215.png)",12,4,112,"Grass","Grass",0.858,1,"Assets/AOMigrator/MapVisualV063/Generated/Sprites/GRH_6514.asset","Assets/AOMigrator/MapVisualV063/Textures/tex_6215.png",".png",1,1,1,1,1,"","Predominio verde 0.26, sat 0.54"
"OK",6520,"GRH 6520 (tex_6215.png)",12,4,112,"Floor","Floor",1.000,1,"Assets/AOMigrator/MapVisualV063/Generated/Sprites/GRH_6520.asset","Assets/AOMigrator/MapVisualV063/Textures/tex_6215.png",".png",1,1,1,1,1,"","Piso marrón sólido; marrón 0.99, cobertura 1.00"
"OK",6521,"GRH 6521 (tex_6215.png)",12,4,112,"Floor","Floor",1.000,1,"Assets/AOMigrator/MapVisualV063/Generated/Sprites/GRH_6521.asset","Assets/AOMigrator/MapVisualV063/Textures/tex_6215.png",".png",1,1,1,1,1,"","Piso marrón sólido; marrón 1.00, cobertura 1.00"
"OK",6524,"GRH 6524 (tex_6215.png)",12,4,112,"Grass","Grass",1.000,1,"Assets/AOMigrator/MapVisualV063/Generated/Sprites/GRH_6524.asset","Assets/AOMigrator/MapVisualV063/Textures/tex_6215.png",".png",1,1,1,1,1,"","Predominio verde 0.75, sat 0.67"
"OK",6525,"GRH 6525 (tex_6215.png)",12,4,112,"Floor","Floor",1.000,1,"Assets/AOMigrator/MapVisualV063/Generated/Sprites/GRH_6525.asset","Assets/AOMigrator/MapVisualV063/Textures/tex_6215.png",".png",1,1,1,1,1,"","Piso marrón sólido; marrón 0.98, cobertura 1.00"
"OK",6209,"GRH 6209 (tex_6003.png)",10,4,110,"Grass","Grass",1.000,1,"Assets/AOMigrator/MapVisualV063/Generated/Sprites/GRH_6209.asset","Assets/AOMigrator/MapVisualV063/Textures/tex_6003.png",".png",1,1,1,1,1,"","Predominio verde 0.83, sat 0.71"
"OK",6213,"GRH 6213 (tex_6003.png)",10,4,110,"Grass","Grass",1.000,1,"Assets/AOMigrator/MapVisualV063/Generated/Sprites/GRH_6213.asset","Assets/AOMigrator/MapVisualV063/Textures/tex_6003.png",".png",1,1,1,1,1,"","Predominio verde 0.77, sat 0.71"
"OK",6217,"GRH 6217 (tex_6003.png)",10,4,110,"Grass","Grass",1.000,1,"Assets/AOMigrator/MapVisualV063/Generated/Sprites/GRH_6217.asset","Assets/AOMigrator/MapVisualV063/Textures/tex_6003.png",".png",1,1,1,1,1,"","Predominio verde 0.82, sat 0.71"
"OK",6221,"GRH 6221 (tex_6003.png)",10,4,110,"Grass","Grass",1.000,1,"Assets/AOMigrator/MapVisualV063/Generated/Sprites/GRH_6221.asset","Assets/AOMigrator/MapVisualV063/Textures/tex_6003.png",".png",1,1,1,1,1,"","Predominio verde 0.86, sat 0.71"
"OK",61831,"GRH 61831 (tex_5087.png)",10,4,110,"Floor","Floor",1.000,1,"Assets/AOMigrator/MapVisualV063/Generated/Sprites/GRH_61831.asset","Assets/AOMigrator/MapVisualV063/Textures/tex_5087.png",".png",1,1,1,1,1,"","Piso marrón sólido; marrón 1.00, cobertura 1.00"
"OK",6194,"GRH 6194 (tex_6003.png)",9,4,109,"Grass","Grass",1.000,1,"Assets/AOMigrator/MapVisualV063/Generated/Sprites/GRH_6194.asset","Assets/AOMigrator/MapVisualV063/Textures/tex_6003.png",".png",1,1,1,1,1,"","Predominio verde 0.79, sat 0.71"
"OK",6198,"GRH 6198 (tex_6003.png)",9,4,109,"Grass","Grass",1.000,1,"Assets/AOMigrator/MapVisualV063/Generated/Sprites/GRH_6198.asset","Assets/AOMigrator/MapVisualV063/Textures/tex_6003.png",".png",1,1,1,1,1,"","Predominio verde 0.83, sat 0.71"
"OK",6202,"GRH 6202 (tex_6003.png)",9,4,109,"Grass","Grass",1.000,1,"Assets/AOMigrator/MapVisualV063/Generated/Sprites/GRH_6202.asset","Assets/AOMigrator/MapVisualV063/Textures/tex_6003.png",".png",1,1,1,1,1,"","Predominio verde 0.80, sat 0.71"
"OK",6206,"GRH 6206 (tex_6003.png)",9,4,109,"Grass","Grass",1.000,1,"Assets/AOMigrator/MapVisualV063/Generated/Sprites/GRH_6206.asset","Assets/AOMigrator/MapVisualV063/Textures/tex_6003.png",".png",1,1,1,1,1,"","Predominio verde 0.84, sat 0.71"
"OK",61613,"GRH 61613 (tex_5087.png)",9,4,109,"Floor","Floor",1.000,1,"Assets/AOMigrator/MapVisualV063/Generated/Sprites/GRH_61613.asset","Assets/AOMigrator/MapVisualV063/Textures/tex_5087.png",".png",1,1,1,1,1,"","Piso marrón sólido; marrón 1.00, cobertura 1.00"
"OK",61617,"GRH 61617 (tex_5087.png)",9,4,109,"Floor","Floor",1.000,1,"Assets/AOMigrator/MapVisualV063/Generated/Sprites/GRH_61617.asset","Assets/AOMigrator/MapVisualV063/Textures/tex_5087.png",".png",1,1,1,1,1,"","Piso marrón sólido; marrón 0.96, cobertura 1.00"
"OK",61629,"GRH 61629 (tex_5087.png)",9,4,109,"Floor","Floor",1.000,1,"Assets/AOMigrator/MapVisualV063/Generated/Sprites/GRH_61629.asset","Assets/AOMigrator/MapVisualV063/Textures/tex_5087.png",".png",1,1,1,1,1,"","Piso marrón sólido; marrón 1.00, cobertura 1.00"
"OK",61632,"GRH 61632 (tex_5087.png)",9,4,109,"Floor","Floor",1.000,1,"Assets/AOMigrator/MapVisualV063/Generated/Sprites/GRH_61632.asset","Assets/AOMigrator/MapVisualV063/Textures/tex_5087.png",".png",1,1,1,1,1,"","Piso marrón sólido; marrón 0.99, cobertura 1.00"
"OK",61633,"GRH 61633 (tex_5087.png)",9,4,109,"Floor","Floor",1.000,1,"Assets/AOMigrator/MapVisualV063/Generated/Sprites/GRH_61633.asset","Assets/AOMigrator/MapVisualV063/Textures/tex_5087.png",".png",1,1,1,1,1,"","Piso marrón sólido; marrón 0.89, cobertura 1.00"
"OK",61636,"GRH 61636 (tex_5087.png)",9,4,109,"Floor","Floor",1.000,1,"Assets/AOMigrator/MapVisualV063/Generated/Sprites/GRH_61636.asset","Assets/AOMigrator/MapVisualV063/Textures/tex_5087.png",".png",1,1,1,1,1,"","Piso marrón sólido; marrón 1.00, cobertura 1.00"
"OK",61637,"GRH 61637 (tex_5087.png)",9,4,109,"Floor","Floor",1.000,1,"Assets/AOMigrator/MapVisualV063/Generated/Sprites/GRH_61637.asset","Assets/AOMigrator/MapVisualV063/Textures/tex_5087.png",".png",1,1,1,1,1,"","Piso marrón sólido; marrón 0.99, cobertura 1.00"
"OK",61640,"GRH 61640 (tex_5087.png)",9,4,109,"Floor","Floor",1.000,1,"Assets/AOMigrator/MapVisualV063/Generated/Sprites/GRH_61640.asset","Assets/AOMigrator/MapVisualV063/Textures/tex_5087.png",".png",1,1,1,1,1,"","Piso marrón sólido; marrón 0.98, cobertura 1.00"
"OK",61641,"GRH 61641 (tex_5087.png)",9,4,109,"Floor","Floor",1.000,1,"Assets/AOMigrator/MapVisualV063/Generated/Sprites/GRH_61641.asset","Assets/AOMigrator/MapVisualV063/Textures/tex_5087.png",".png",1,1,1,1,1,"","Piso marrón sólido; marrón 0.91, cobertura 1.00"
"OK",6179,"GRH 6179 (tex_6002.png)",8,4,108,"Grass","Grass",1.000,1,"Assets/AOMigrator/MapVisualV063/Generated/Sprites/GRH_6179.asset","Assets/Resources/AOMigrator/WorldV07/Textures/tex_6002.png",".png",1,1,1,1,1,"","Predominio verde 0.82, sat 0.71"
"OK",6192,"GRH 6192 (tex_6003.png)",8,4,108,"Grass","Grass",1.000,1,"Assets/AOMigrator/MapVisualV063/Generated/Sprites/GRH_6192.asset","Assets/AOMigrator/MapVisualV063/Textures/tex_6003.png",".png",1,1,1,1,1,"","Predominio verde 0.88, sat 0.70"
"OK",6193,"GRH 6193 (tex_6003.png)",8,4,108,"Grass","Grass",1.000,1,"Assets/AOMigrator/MapVisualV063/Generated/Sprites/GRH_6193.asset","Assets/AOMigrator/MapVisualV063/Textures/tex_6003.png",".png",1,1,1,1,1,"","Predominio verde 0.68, sat 0.70"
"OK",6196,"GRH 6196 (tex_6003.png)",8,4,108,"Grass","Grass",1.000,1,"Assets/AOMigrator/MapVisualV063/Generated/Sprites/GRH_6196.asset","Assets/AOMigrator/MapVisualV063/Textures/tex_6003.png",".png",1,1,1,1,1,"","Predominio verde 0.78, sat 0.57"
"OK",6197,"GRH 6197 (tex_6003.png)",8,4,108,"Grass","Grass",1.000,1,"Assets/AOMigrator/MapVisualV063/Generated/Sprites/GRH_6197.asset","Assets/AOMigrator/MapVisualV063/Textures/tex_6003.png",".png",1,1,1,1,1,"","Predominio verde 0.64, sat 0.70"
"OK",6200,"GRH 6200 (tex_6003.png)",8,4,108,"Grass","Grass",1.000,1,"Assets/AOMigrator/MapVisualV063/Generated/Sprites/GRH_6200.asset","Assets/AOMigrator/MapVisualV063/Textures/tex_6003.png",".png",1,1,1,1,1,"","Predominio verde 0.67, sat 0.54"
"OK",6201,"GRH 6201 (tex_6003.png)",8,4,108,"Grass","Grass",1.000,1,"Assets/AOMigrator/MapVisualV063/Generated/Sprites/GRH_6201.asset","Assets/AOMigrator/MapVisualV063/Textures/tex_6003.png",".png",1,1,1,1,1,"","Predominio verde 0.73, sat 0.64"
"OK",6204,"GRH 6204 (tex_6003.png)",8,4,108,"Grass","Grass",1.000,1,"Assets/AOMigrator/MapVisualV063/Generated/Sprites/GRH_6204.asset","Assets/AOMigrator/MapVisualV063/Textures/tex_6003.png",".png",1,1,1,1,1,"","Predominio verde 0.75, sat 0.65"
"OK",6205,"GRH 6205 (tex_6003.png)",8,4,108,"Grass","Grass",1.000,1,"Assets/AOMigrator/MapVisualV063/Generated/Sprites/GRH_6205.asset","Assets/AOMigrator/MapVisualV063/Textures/tex_6003.png",".png",1,1,1,1,1,"","Predominio verde 0.82, sat 0.68"
"OK",6208,"GRH 6208 (tex_6003.png)",8,4,108,"Grass","Grass",1.000,1,"Assets/AOMigrator/MapVisualV063/Generated/Sprites/GRH_6208.asset","Assets/AOMigrator/MapVisualV063/Textures/tex_6003.png",".png",1,1,1,1,1,"","Predominio verde 0.89, sat 0.71"
"OK",6212,"GRH 6212 (tex_6003.png)",8,4,108,"Grass","Grass",1.000,1,"Assets/AOMigrator/MapVisualV063/Generated/Sprites/GRH_6212.asset","Assets/AOMigrator/MapVisualV063/Textures/tex_6003.png",".png",1,1,1,1,1,"","Predominio verde 0.88, sat 0.71"
"OK",6216,"GRH 6216 (tex_6003.png)",8,4,108,"Grass","Grass",1.000,1,"Assets/AOMigrator/MapVisualV063/Generated/Sprites/GRH_6216.asset","Assets/AOMigrator/MapVisualV063/Textures/tex_6003.png",".png",1,1,1,1,1,"","Predominio verde 0.83, sat 0.71"
"OK",6220,"GRH 6220 (tex_6003.png)",8,4,108,"Grass","Grass",1.000,1,"Assets/AOMigrator/MapVisualV063/Generated/Sprites/GRH_6220.asset","Assets/AOMigrator/MapVisualV063/Textures/tex_6003.png",".png",1,1,1,1,1,"","Predominio verde 0.83, sat 0.71"
"OK",6530,"GRH 6530 (tex_6215.png)",8,4,108,"Floor","Floor",1.000,1,"Assets/AOMigrator/MapVisualV063/Generated/Sprites/GRH_6530.asset","Assets/AOMigrator/MapVisualV063/Textures/tex_6215.png",".png",1,1,1,1,1,"","Piso marrón sólido; marrón 0.95, cobertura 1.00"
"OK",6531,"GRH 6531 (tex_6215.png)",8,4,108,"Grass","Grass",1.000,1,"Assets/AOMigrator/MapVisualV063/Generated/Sprites/GRH_6531.asset","Assets/AOMigrator/MapVisualV063/Textures/tex_6215.png",".png",1,1,1,1,1,"","Predominio verde 0.88, sat 0.71"
"OK",6534,"GRH 6534 (tex_6215.png)",8,4,108,"Floor","Floor",1.000,1,"Assets/AOMigrator/MapVisualV063/Generated/Sprites/GRH_6534.asset","Assets/AOMigrator/MapVisualV063/Textures/tex_6215.png",".png",1,1,1,1,1,"","Piso marrón sólido; marrón 1.00, cobertura 1.00"
"OK",60973,"GRH 60973 (tex_5087.png)",8,4,108,"Floor","Floor",1.000,1,"Assets/AOMigrator/MapVisualV063/Generated/Sprites/GRH_60973.asset","Assets/AOMigrator/MapVisualV063/Textures/tex_5087.png",".png",1,1,1,1,1,"","Piso marrón sólido; marrón 0.92, cobertura 1.00"
"OK",60974,"GRH 60974 (tex_5087.png)",8,4,108,"Floor","Floor",1.000,1,"Assets/AOMigrator/MapVisualV063/Generated/Sprites/GRH_60974.asset","Assets/AOMigrator/MapVisualV063/Textures/tex_5087.png",".png",1,1,1,1,1,"","Piso marrón sólido; marrón 0.98, cobertura 1.00"
"OK",60975,"GRH 60975 (tex_5087.png)",8,4,108,"Floor","Floor",1.000,1,"Assets/AOMigrator/MapVisualV063/Generated/Sprites/GRH_60975.asset","Assets/AOMigrator/MapVisualV063/Textures/tex_5087.png",".png",1,1,1,1,1,"","Piso marrón sólido; marrón 0.97, cobertura 1.00"
"OK",60977,"GRH 60977 (tex_5087.png)",8,4,108,"Floor","Floor",1.000,1,"Assets/AOMigrator/MapVisualV063/Generated/Sprites/GRH_60977.asset","Assets/AOMigrator/MapVisualV063/Textures/tex_5087.png",".png",1,1,1,1,1,"","Piso marrón sólido; marrón 1.00, cobertura 1.00"
"OK",60978,"GRH 60978 (tex_5087.png)",8,4,108,"Floor","Floor",1.000,1,"Assets/AOMigrator/MapVisualV063/Generated/Sprites/GRH_60978.asset","Assets/AOMigrator/MapVisualV063/Textures/tex_5087.png",".png",1,1,1,1,1,"","Piso marrón sólido; marrón 0.79, cobertura 1.00"
"OK",60979,"GRH 60979 (tex_5087.png)",8,4,108,"Grass","Grass",1.000,1,"Assets/AOMigrator/MapVisualV063/Generated/Sprites/GRH_60979.asset","Assets/AOMigrator/MapVisualV063/Textures/tex_5087.png",".png",1,1,1,1,1,"","Predominio verde 0.49, sat 0.61"
"OK",60981,"GRH 60981 (tex_5087.png)",8,4,108,"Floor","Floor",1.000,1,"Assets/AOMigrator/MapVisualV063/Generated/Sprites/GRH_60981.asset","Assets/AOMigrator/MapVisualV063/Textures/tex_5087.png",".png",1,1,1,1,1,"","Piso marrón sólido; marrón 0.84, cobertura 1.00"
"OK",60982,"GRH 60982 (tex_5087.png)",8,4,108,"Grass","Grass",1.000,1,"Assets/AOMigrator/MapVisualV063/Generated/Sprites/GRH_60982.asset","Assets/AOMigrator/MapVisualV063/Textures/tex_5087.png",".png",1,1,1,1,1,"","Predominio verde 0.61, sat 0.63"
"OK",60983,"GRH 60983 (tex_5087.png)",8,4,108,"Grass","Grass",1.000,1,"Assets/AOMigrator/MapVisualV063/Generated/Sprites/GRH_60983.asset","Assets/AOMigrator/MapVisualV063/Textures/tex_5087.png",".png",1,1,1,1,1,"","Predominio verde 0.83, sat 0.67"
"OK",60985,"GRH 60985 (tex_5087.png)",8,4,108,"Grass","Grass",1.000,1,"Assets/AOMigrator/MapVisualV063/Generated/Sprites/GRH_60985.asset","Assets/AOMigrator/MapVisualV063/Textures/tex_5087.png",".png",1,1,1,1,1,"","Predominio verde 0.47, sat 0.62"
"OK",60986,"GRH 60986 (tex_5087.png)",8,4,108,"Grass","Grass",1.000,1,"Assets/AOMigrator/MapVisualV063/Generated/Sprites/GRH_60986.asset","Assets/AOMigrator/MapVisualV063/Textures/tex_5087.png",".png",1,1,1,1,1,"","Predominio verde 0.64, sat 0.66"
"OK",60987,"GRH 60987 (tex_5087.png)",8,4,108,"Grass","Grass",1.000,1,"Assets/AOMigrator/MapVisualV063/Generated/Sprites/GRH_60987.asset","Assets/AOMigrator/MapVisualV063/Textures/tex_5087.png",".png",1,1,1,1,1,"","Predominio verde 0.88, sat 0.69"
"OK",61388,"GRH 61388 (tex_5087.png)",8,4,108,"Grass","Grass",1.000,1,"Assets/AOMigrator/MapVisualV063/Generated/Sprites/GRH_61388.asset","Assets/AOMigrator/MapVisualV063/Textures/tex_5087.png",".png",1,1,1,1,1,"","Predominio verde 0.88, sat 0.69"
"OK",61389,"GRH 61389 (tex_5087.png)",8,4,108,"Grass","Grass",1.000,1,"Assets/AOMigrator/MapVisualV063/Generated/Sprites/GRH_61389.asset","Assets/AOMigrator/MapVisualV063/Textures/tex_5087.png",".png",1,1,1,1,1,"","Predominio verde 0.73, sat 0.69"
"OK",61390,"GRH 61390 (tex_5087.png)",8,4,108,"Grass","Grass",1.000,1,"Assets/AOMigrator/MapVisualV063/Generated/Sprites/GRH_61390.asset","Assets/AOMigrator/MapVisualV063/Textures/tex_5087.png",".png",1,1,1,1,1,"","Predominio verde 0.64, sat 0.69"
"OK",61391,"GRH 61391 (tex_5087.png)",8,4,108,"Grass","Grass",1.000,1,"Assets/AOMigrator/MapVisualV063/Generated/Sprites/GRH_61391.asset","Assets/AOMigrator/MapVisualV063/Textures/tex_5087.png",".png",1,1,1,1,1,"","Predominio verde 0.80, sat 0.69"
"OK",61392,"GRH 61392 (tex_5087.png)",8,4,108,"Grass","Grass",1.000,1,"Assets/AOMigrator/MapVisualV063/Generated/Sprites/GRH_61392.asset","Assets/AOMigrator/MapVisualV063/Textures/tex_5087.png",".png",1,1,1,1,1,"","Predominio verde 0.76, sat 0.69"
"OK",61393,"GRH 61393 (tex_5087.png)",8,4,108,"Grass","Grass",0.876,1,"Assets/AOMigrator/MapVisualV063/Generated/Sprites/GRH_61393.asset","Assets/AOMigrator/MapVisualV063/Textures/tex_5087.png",".png",1,1,1,1,1,"","Predominio verde 0.28, sat 0.67"
"OK",61394,"GRH 61394 (tex_5087.png)",8,4,108,"Grass","Grass",0.832,1,"Assets/AOMigrator/MapVisualV063/Generated/Sprites/GRH_61394.asset","Assets/AOMigrator/MapVisualV063/Textures/tex_5087.png",".png",1,1,1,1,1,"","Predominio verde 0.24, sat 0.67"
"OK",61395,"GRH 61395 (tex_5087.png)",8,4,108,"Grass","Grass",1.000,1,"Assets/AOMigrator/MapVisualV063/Generated/Sprites/GRH_61395.asset","Assets/AOMigrator/MapVisualV063/Textures/tex_5087.png",".png",1,1,1,1,1,"","Predominio verde 0.68, sat 0.69"
"OK",61396,"GRH 61396 (tex_5087.png)",8,4,108,"Grass","Grass",1.000,1,"Assets/AOMigrator/MapVisualV063/Generated/Sprites/GRH_61396.asset","Assets/AOMigrator/MapVisualV063/Textures/tex_5087.png",".png",1,1,1,1,1,"","Predominio verde 0.71, sat 0.68"
"OK",61397,"GRH 61397 (tex_5087.png)",8,4,108,"Grass","Grass",0.841,1,"Assets/AOMigrator/MapVisualV063/Generated/Sprites/GRH_61397.asset","Assets/AOMigrator/MapVisualV063/Textures/tex_5087.png",".png",1,1,1,1,1,"","Predominio verde 0.25, sat 0.67"
"OK",61398,"GRH 61398 (tex_5087.png)",8,4,108,"Grass","Grass",0.841,1,"Assets/AOMigrator/MapVisualV063/Generated/Sprites/GRH_61398.asset","Assets/AOMigrator/MapVisualV063/Textures/tex_5087.png",".png",1,1,1,1,1,"","Predominio verde 0.25, sat 0.66"
"OK",61399,"GRH 61399 (tex_5087.png)",8,4,108,"Grass","Grass",1.000,1,"Assets/AOMigrator/MapVisualV063/Generated/Sprites/GRH_61399.asset","Assets/AOMigrator/MapVisualV063/Textures/tex_5087.png",".png",1,1,1,1,1,"","Predominio verde 0.57, sat 0.68"
"OK",61400,"GRH 61400 (tex_5087.png)",8,4,108,"Grass","Grass",1.000,1,"Assets/AOMigrator/MapVisualV063/Generated/Sprites/GRH_61400.asset","Assets/AOMigrator/MapVisualV063/Textures/tex_5087.png",".png",1,1,1,1,1,"","Predominio verde 0.64, sat 0.68"
"OK",61401,"GRH 61401 (tex_5087.png)",8,4,108,"Grass","Grass",1.000,1,"Assets/AOMigrator/MapVisualV063/Generated/Sprites/GRH_61401.asset","Assets/AOMigrator/MapVisualV063/Textures/tex_5087.png",".png",1,1,1,1,1,"","Predominio verde 0.54, sat 0.68"
"OK",61402,"GRH 61402 (tex_5087.png)",8,4,108,"Grass","Grass",1.000,1,"Assets/AOMigrator/MapVisualV063/Generated/Sprites/GRH_61402.asset","Assets/AOMigrator/MapVisualV063/Textures/tex_5087.png",".png",1,1,1,1,1,"","Predominio verde 0.61, sat 0.68"
"OK",61403,"GRH 61403 (tex_5087.png)",8,4,108,"Grass","Grass",1.000,1,"Assets/AOMigrator/MapVisualV063/Generated/Sprites/GRH_61403.asset","Assets/AOMigrator/MapVisualV063/Textures/tex_5087.png",".png",1,1,1,1,1,"","Predominio verde 0.79, sat 0.69"
"OK",61482,"GRH 61482 (tex_5087.png)",8,4,108,"Floor","Floor",1.000,1,"Assets/AOMigrator/MapVisualV063/Generated/Sprites/GRH_61482.asset","Assets/AOMigrator/MapVisualV063/Textures/tex_5087.png",".png",1,1,1,1,1,"","Piso marrón sólido; marrón 0.96, cobertura 1.00"
"OK",61483,"GRH 61483 (tex_5087.png)",8,4,108,"Floor","Floor",1.000,1,"Assets/AOMigrator/MapVisualV063/Generated/Sprites/GRH_61483.asset","Assets/AOMigrator/MapVisualV063/Textures/tex_5087.png",".png",1,1,1,1,1,"","Piso marrón sólido; marrón 0.92, cobertura 1.00"
"OK",61628,"GRH 61628 (tex_5087.png)",8,4,108,"Floor","Floor",1.000,1,"Assets/AOMigrator/MapVisualV063/Generated/Sprites/GRH_61628.asset","Assets/AOMigrator/MapVisualV063/Textures/tex_5087.png",".png",1,1,1,1,1,"","Piso marrón sólido; marrón 1.00, cobertura 1.00"
"OK",6195,"GRH 6195 (tex_6003.png)",7,4,107,"Grass","Grass",1.000,1,"Assets/AOMigrator/MapVisualV063/Generated/Sprites/GRH_6195.asset","Assets/AOMigrator/MapVisualV063/Textures/tex_6003.png",".png",1,1,1,1,1,"","Predominio verde 0.89, sat 0.71"
"OK",6203,"GRH 6203 (tex_6003.png)",7,4,107,"Grass","Grass",1.000,1,"Assets/AOMigrator/MapVisualV063/Generated/Sprites/GRH_6203.asset","Assets/AOMigrator/MapVisualV063/Textures/tex_6003.png",".png",1,1,1,1,1,"","Predominio verde 0.81, sat 0.71"
"OK",61196,"GRH 61196 (tex_5087.png)",7,4,107,"Grass","Grass",0.853,1,"Assets/AOMigrator/MapVisualV063/Generated/Sprites/GRH_61196.asset","Assets/AOMigrator/MapVisualV063/Textures/tex_5087.png",".png",1,1,1,1,1,"","Predominio verde 0.26, sat 0.59"
"OK",61197,"GRH 61197 (tex_5087.png)",7,4,107,"Grass","Grass",1.000,1,"Assets/AOMigrator/MapVisualV063/Generated/Sprites/GRH_61197.asset","Assets/AOMigrator/MapVisualV063/Textures/tex_5087.png",".png",1,1,1,1,1,"","Predominio verde 0.69, sat 0.65"
"OK",61198,"GRH 61198 (tex_5087.png)",7,4,107,"Grass","Grass",1.000,1,"Assets/AOMigrator/MapVisualV063/Generated/Sprites/GRH_61198.asset","Assets/AOMigrator/MapVisualV063/Textures/tex_5087.png",".png",1,1,1,1,1,"","Predominio verde 0.67, sat 0.66"
"OK",61200,"GRH 61200 (tex_5087.png)",7,4,107,"Floor","Floor",1.000,1,"Assets/AOMigrator/MapVisualV063/Generated/Sprites/GRH_61200.asset","Assets/AOMigrator/MapVisualV063/Textures/tex_5087.png",".png",1,1,1,1,1,"","Piso marrón sólido; marrón 0.88, cobertura 1.00"
"OK",61201,"GRH 61201 (tex_5087.png)",7,4,107,"Floor","Floor",1.000,1,"Assets/AOMigrator/MapVisualV063/Generated/Sprites/GRH_61201.asset","Assets/AOMigrator/MapVisualV063/Textures/tex_5087.png",".png",1,1,1,1,1,"","Piso marrón sólido; marrón 0.84, cobertura 1.00"
"OK",61202,"GRH 61202 (tex_5087.png)",7,4,107,"Grass","Grass",1.000,1,"Assets/AOMigrator/MapVisualV063/Generated/Sprites/GRH_61202.asset","Assets/AOMigrator/MapVisualV063/Textures/tex_5087.png",".png",1,1,1,1,1,"","Predominio verde 0.45, sat 0.62"
"OK",61204,"GRH 61204 (tex_5087.png)",7,4,107,"Grass","Grass",0.970,1,"Assets/AOMigrator/MapVisualV063/Generated/Sprites/GRH_61204.asset","Assets/AOMigrator/MapVisualV063/Textures/tex_5087.png",".png",1,1,1,1,1,"","Predominio verde 0.39, sat 0.60"
"OK",61205,"GRH 61205 (tex_5087.png)",7,4,107,"Floor","Floor",1.000,1,"Assets/AOMigrator/MapVisualV063/Generated/Sprites/GRH_61205.asset","Assets/AOMigrator/MapVisualV063/Textures/tex_5087.png",".png",1,1,1,1,1,"","Piso marrón sólido; marrón 0.85, cobertura 1.00"
"OK",61206,"GRH 61206 (tex_5087.png)",7,4,107,"Floor","Floor",1.000,1,"Assets/AOMigrator/MapVisualV063/Generated/Sprites/GRH_61206.asset","Assets/AOMigrator/MapVisualV063/Textures/tex_5087.png",".png",1,1,1,1,1,"","Piso marrón sólido; marrón 0.82, cobertura 1.00"
"OK",61208,"GRH 61208 (tex_5087.png)",7,4,107,"Floor","Floor",1.000,1,"Assets/AOMigrator/MapVisualV063/Generated/Sprites/GRH_61208.asset","Assets/AOMigrator/MapVisualV063/Textures/tex_5087.png",".png",1,1,1,1,1,"","Piso marrón sólido; marrón 0.95, cobertura 1.00"
"OK",61209,"GRH 61209 (tex_5087.png)",7,4,107,"Floor","Floor",1.000,1,"Assets/AOMigrator/MapVisualV063/Generated/Sprites/GRH_61209.asset","Assets/AOMigrator/MapVisualV063/Textures/tex_5087.png",".png",1,1,1,1,1,"","Piso marrón sólido; marrón 0.95, cobertura 1.00"
"OK",61210,"GRH 61210 (tex_5087.png)",7,4,107,"Floor","Floor",1.000,1,"Assets/AOMigrator/MapVisualV063/Generated/Sprites/GRH_61210.asset","Assets/AOMigrator/MapVisualV063/Textures/tex_5087.png",".png",1,1,1,1,1,"","Piso marrón sólido; marrón 0.96, cobertura 1.00"
"OK",61245,"GRH 61245 (tex_5087.png)",7,4,107,"Grass","Grass",1.000,1,"Assets/AOMigrator/MapVisualV063/Generated/Sprites/GRH_61245.asset","Assets/AOMigrator/MapVisualV063/Textures/tex_5087.png",".png",1,1,1,1,1,"","Predominio verde 0.48, sat 0.62"
"OK",61246,"GRH 61246 (tex_5087.png)",7,4,107,"Grass","Grass",0.894,1,"Assets/AOMigrator/MapVisualV063/Generated/Sprites/GRH_61246.asset","Assets/AOMigrator/MapVisualV063/Textures/tex_5087.png",".png",1,1,1,1,1,"","Predominio verde 0.30, sat 0.61"
"OK",61247,"GRH 61247 (tex_5087.png)",7,4,107,"Floor","Floor",1.000,1,"Assets/AOMigrator/MapVisualV063/Generated/Sprites/GRH_61247.asset","Assets/AOMigrator/MapVisualV063/Textures/tex_5087.png",".png",1,1,1,1,1,"","Piso marrón sólido; marrón 0.84, cobertura 1.00"
"OK",61249,"GRH 61249 (tex_5087.png)",7,4,107,"Grass","Grass",1.000,1,"Assets/AOMigrator/MapVisualV063/Generated/Sprites/GRH_61249.asset","Assets/AOMigrator/MapVisualV063/Textures/tex_5087.png",".png",1,1,1,1,1,"","Predominio verde 0.80, sat 0.67"
"OK",61250,"GRH 61250 (tex_5087.png)",7,4,107,"Grass","Grass",1.000,1,"Assets/AOMigrator/MapVisualV063/Generated/Sprites/GRH_61250.asset","Assets/AOMigrator/MapVisualV063/Textures/tex_5087.png",".png",1,1,1,1,1,"","Predominio verde 0.86, sat 0.68"
"OK",61251,"GRH 61251 (tex_5087.png)",7,4,107,"Grass","Grass",1.000,1,"Assets/AOMigrator/MapVisualV063/Generated/Sprites/GRH_61251.asset","Assets/AOMigrator/MapVisualV063/Textures/tex_5087.png",".png",1,1,1,1,1,"","Predominio verde 0.77, sat 0.66"
"OK",61253,"GRH 61253 (tex_5087.png)",7,4,107,"Grass","Grass",1.000,1,"Assets/AOMigrator/MapVisualV063/Generated/Sprites/GRH_61253.asset","Assets/AOMigrator/MapVisualV063/Textures/tex_5087.png",".png",1,1,1,1,1,"","Predominio verde 0.81, sat 0.67"
"OK",61254,"GRH 61254 (tex_5087.png)",7,4,107,"Grass","Grass",1.000,1,"Assets/AOMigrator/MapVisualV063/Generated/Sprites/GRH_61254.asset","Assets/AOMigrator/MapVisualV063/Textures/tex_5087.png",".png",1,1,1,1,1,"","Predominio verde 0.73, sat 0.64"
"OK",61255,"GRH 61255 (tex_5087.png)",7,4,107,"Grass","Grass",1.000,1,"Assets/AOMigrator/MapVisualV063/Generated/Sprites/GRH_61255.asset","Assets/AOMigrator/MapVisualV063/Textures/tex_5087.png",".png",1,1,1,1,1,"","Predominio verde 0.84, sat 0.69"
"OK",61257,"GRH 61257 (tex_5087.png)",7,4,107,"Grass","Grass",1.000,1,"Assets/AOMigrator/MapVisualV063/Generated/Sprites/GRH_61257.asset","Assets/AOMigrator/MapVisualV063/Textures/tex_5087.png",".png",1,1,1,1,1,"","Predominio verde 0.92, sat 0.69"
"OK",61258,"GRH 61258 (tex_5087.png)",7,4,107,"Grass","Grass",1.000,1,"Assets/AOMigrator/MapVisualV063/Generated/Sprites/GRH_61258.asset","Assets/AOMigrator/MapVisualV063/Textures/tex_5087.png",".png",1,1,1,1,1,"","Predominio verde 0.90, sat 0.70"
"OK",61259,"GRH 61259 (tex_5087.png)",7,4,107,"Grass","Grass",1.000,1,"Assets/AOMigrator/MapVisualV063/Generated/Sprites/GRH_61259.asset","Assets/AOMigrator/MapVisualV063/Textures/tex_5087.png",".png",1,1,1,1,1,"","Predominio verde 0.92, sat 0.69"
"OK",61468,"GRH 61468 (tex_5087.png)",7,4,107,"Grass","Grass",1.000,1,"Assets/AOMigrator/MapVisualV063/Generated/Sprites/GRH_61468.asset","Assets/AOMigrator/MapVisualV063/Textures/tex_5087.png",".png",1,1,1,1,1,"","Predominio verde 0.93, sat 0.70"
"OK",61469,"GRH 61469 (tex_5087.png)",7,4,107,"Grass","Grass",1.000,1,"Assets/AOMigrator/MapVisualV063/Generated/Sprites/GRH_61469.asset","Assets/AOMigrator/MapVisualV063/Textures/tex_5087.png",".png",1,1,1,1,1,"","Predominio verde 0.92, sat 0.69"
"OK",61474,"GRH 61474 (tex_5087.png)",7,4,107,"Grass","Grass",1.000,1,"Assets/AOMigrator/MapVisualV063/Generated/Sprites/GRH_61474.asset","Assets/AOMigrator/MapVisualV063/Textures/tex_5087.png",".png",1,1,1,1,1,"","Predominio verde 0.65, sat 0.66"
"OK",61475,"GRH 61475 (tex_5087.png)",7,4,107,"Grass","Grass",1.000,1,"Assets/AOMigrator/MapVisualV063/Generated/Sprites/GRH_61475.asset","Assets/AOMigrator/MapVisualV063/Textures/tex_5087.png",".png",1,1,1,1,1,"","Predominio verde 0.80, sat 0.67"
"OK",61478,"GRH 61478 (tex_5087.png)",7,4,107,"Grass","Grass",1.000,1,"Assets/AOMigrator/MapVisualV063/Generated/Sprites/GRH_61478.asset","Assets/AOMigrator/MapVisualV063/Textures/tex_5087.png",".png",1,1,1,1,1,"","Predominio verde 0.51, sat 0.63"
"OK",61479,"GRH 61479 (tex_5087.png)",7,4,107,"Grass","Grass",1.000,1,"Assets/AOMigrator/MapVisualV063/Generated/Sprites/GRH_61479.asset","Assets/AOMigrator/MapVisualV063/Textures/tex_5087.png",".png",1,1,1,1,1,"","Predominio verde 0.51, sat 0.62"
"OK",61823,"GRH 61823 (tex_5087.png)",7,4,107,"Floor","Floor",1.000,1,"Assets/AOMigrator/MapVisualV063/Generated/Sprites/GRH_61823.asset","Assets/AOMigrator/MapVisualV063/Textures/tex_5087.png",".png",1,1,1,1,1,"","Piso marrón sólido; marrón 1.00, cobertura 1.00"
"OK",61829,"GRH 61829 (tex_5087.png)",7,4,107,"Floor","Floor",1.000,1,"Assets/AOMigrator/MapVisualV063/Generated/Sprites/GRH_61829.asset","Assets/AOMigrator/MapVisualV063/Textures/tex_5087.png",".png",1,1,1,1,1,"","Piso marrón sólido; marrón 1.00, cobertura 1.00"
"OK",61835,"GRH 61835 (tex_5087.png)",7,4,107,"Floor","Floor",1.000,1,"Assets/AOMigrator/MapVisualV063/Generated/Sprites/GRH_61835.asset","Assets/AOMigrator/MapVisualV063/Textures/tex_5087.png",".png",1,1,1,1,1,"","Piso marrón sólido; marrón 1.00, cobertura 1.00"
"OK",85346,"GRH 85346 (tex_6684.png)",7,4,107,"Water","Water",0.944,1,"Assets/AOMigrator/MapVisualV063/Generated/Sprites/GRH_85346.asset","Assets/Resources/AOMigrator/WorldV07/Textures/tex_6684.png",".png",1,1,1,1,1,"","Predominio azul 0.40, sat 0.61"
"OK",6183,"GRH 6183 (tex_6002.png)",6,4,106,"Grass","Grass",1.000,1,"Assets/AOMigrator/MapVisualV063/Generated/Sprites/GRH_6183.asset","Assets/Resources/AOMigrator/WorldV07/Textures/tex_6002.png",".png",1,1,1,1,1,"","Predominio verde 0.80, sat 0.71"
"OK",6187,"GRH 6187 (tex_6002.png)",6,4,106,"Grass","Grass",1.000,1,"Assets/AOMigrator/MapVisualV063/Generated/Sprites/GRH_6187.asset","Assets/Resources/AOMigrator/WorldV07/Textures/tex_6002.png",".png",1,1,1,1,1,"","Predominio verde 0.75, sat 0.71"
"OK",6147,"GRH 6147 (tex_6002.png)",5,4,105,"Grass","Grass",1.000,1,"Assets/AOMigrator/MapVisualV063/Generated/Sprites/GRH_6147.asset","Assets/Resources/AOMigrator/WorldV07/Textures/tex_6002.png",".png",1,1,1,1,1,"","Predominio verde 0.87, sat 0.71"
"OK",6151,"GRH 6151 (tex_6002.png)",5,4,105,"Grass","Grass",1.000,1,"Assets/AOMigrator/MapVisualV063/Generated/Sprites/GRH_6151.asset","Assets/Resources/AOMigrator/WorldV07/Textures/tex_6002.png",".png",1,1,1,1,1,"","Predominio verde 0.83, sat 0.70"
"OK",61084,"GRH 61084 (tex_5087.png)",5,4,105,"Floor","Floor",1.000,1,"Assets/AOMigrator/MapVisualV063/Generated/Sprites/GRH_61084.asset","Assets/AOMigrator/MapVisualV063/Textures/tex_5087.png",".png",1,1,1,1,1,"","Piso marrón sólido; marrón 1.00, cobertura 1.00"
"OK",61085,"GRH 61085 (tex_5087.png)",5,4,105,"Floor","Floor",1.000,1,"Assets/AOMigrator/MapVisualV063/Generated/Sprites/GRH_61085.asset","Assets/AOMigrator/MapVisualV063/Textures/tex_5087.png",".png",1,1,1,1,1,"","Piso marrón sólido; marrón 0.99, cobertura 1.00"
"OK",61086,"GRH 61086 (tex_5087.png)",5,4,105,"Floor","Floor",1.000,1,"Assets/AOMigrator/MapVisualV063/Generated/Sprites/GRH_61086.asset","Assets/AOMigrator/MapVisualV063/Textures/tex_5087.png",".png",1,1,1,1,1,"","Piso marrón sólido; marrón 0.89, cobertura 1.00"
"OK",61087,"GRH 61087 (tex_5087.png)",5,4,105,"Floor","Floor",1.000,1,"Assets/AOMigrator/MapVisualV063/Generated/Sprites/GRH_61087.asset","Assets/AOMigrator/MapVisualV063/Textures/tex_5087.png",".png",1,1,1,1,1,"","Piso marrón sólido; marrón 0.80, cobertura 1.00"
"OK",61089,"GRH 61089 (tex_5087.png)",5,4,105,"Floor","Floor",1.000,1,"Assets/AOMigrator/MapVisualV063/Generated/Sprites/GRH_61089.asset","Assets/AOMigrator/MapVisualV063/Textures/tex_5087.png",".png",1,1,1,1,1,"","Piso marrón sólido; marrón 1.00, cobertura 1.00"
"OK",61090,"GRH 61090 (tex_5087.png)",5,4,105,"Floor","Floor",1.000,1,"Assets/AOMigrator/MapVisualV063/Generated/Sprites/GRH_61090.asset","Assets/AOMigrator/MapVisualV063/Textures/tex_5087.png",".png",1,1,1,1,1,"","Piso marrón sólido; marrón 0.98, cobertura 1.00"
"OK",61091,"GRH 61091 (tex_5087.png)",5,4,105,"Floor","Floor",1.000,1,"Assets/AOMigrator/MapVisualV063/Generated/Sprites/GRH_61091.asset","Assets/AOMigrator/MapVisualV063/Textures/tex_5087.png",".png",1,1,1,1,1,"","Piso marrón sólido; marrón 1.00, cobertura 1.00"
"OK",61093,"GRH 61093 (tex_5087.png)",5,4,105,"Floor","Floor",1.000,1,"Assets/AOMigrator/MapVisualV063/Generated/Sprites/GRH_61093.asset","Assets/AOMigrator/MapVisualV063/Textures/tex_5087.png",".png",1,1,1,1,1,"","Piso marrón sólido; marrón 0.98, cobertura 1.00"
"OK",61094,"GRH 61094 (tex_5087.png)",5,4,105,"Floor","Floor",1.000,1,"Assets/AOMigrator/MapVisualV063/Generated/Sprites/GRH_61094.asset","Assets/AOMigrator/MapVisualV063/Textures/tex_5087.png",".png",1,1,1,1,1,"","Piso marrón sólido; marrón 0.97, cobertura 1.00"
"OK",61095,"GRH 61095 (tex_5087.png)",5,4,105,"Floor","Floor",1.000,1,"Assets/AOMigrator/MapVisualV063/Generated/Sprites/GRH_61095.asset","Assets/AOMigrator/MapVisualV063/Textures/tex_5087.png",".png",1,1,1,1,1,"","Piso marrón sólido; marrón 1.00, cobertura 1.00"
"OK",61097,"GRH 61097 (tex_5087.png)",5,4,105,"Floor","Floor",1.000,1,"Assets/AOMigrator/MapVisualV063/Generated/Sprites/GRH_61097.asset","Assets/AOMigrator/MapVisualV063/Textures/tex_5087.png",".png",1,1,1,1,1,"","Piso marrón sólido; marrón 1.00, cobertura 1.00"
"OK",61098,"GRH 61098 (tex_5087.png)",5,4,105,"Floor","Floor",1.000,1,"Assets/AOMigrator/MapVisualV063/Generated/Sprites/GRH_61098.asset","Assets/AOMigrator/MapVisualV063/Textures/tex_5087.png",".png",1,1,1,1,1,"","Piso marrón sólido; marrón 1.00, cobertura 1.00"
"OK",61099,"GRH 61099 (tex_5087.png)",5,4,105,"Floor","Floor",1.000,1,"Assets/AOMigrator/MapVisualV063/Generated/Sprites/GRH_61099.asset","Assets/AOMigrator/MapVisualV063/Textures/tex_5087.png",".png",1,1,1,1,1,"","Piso marrón sólido; marrón 1.00, cobertura 1.00"
"OK",61021,"GRH 61021 (tex_5087.png)",4,4,104,"Floor","Floor",1.000,1,"Assets/AOMigrator/MapVisualV063/Generated/Sprites/GRH_61021.asset","Assets/AOMigrator/MapVisualV063/Textures/tex_5087.png",".png",1,1,1,1,1,"","Piso marrón sólido; marrón 0.89, cobertura 1.00"
"OK",61022,"GRH 61022 (tex_5087.png)",4,4,104,"Floor","Floor",1.000,1,"Assets/AOMigrator/MapVisualV063/Generated/Sprites/GRH_61022.asset","Assets/AOMigrator/MapVisualV063/Textures/tex_5087.png",".png",1,1,1,1,1,"","Piso marrón sólido; marrón 0.82, cobertura 1.00"
"OK",61023,"GRH 61023 (tex_5087.png)",4,4,104,"Floor","Floor",1.000,1,"Assets/AOMigrator/MapVisualV063/Generated/Sprites/GRH_61023.asset","Assets/AOMigrator/MapVisualV063/Textures/tex_5087.png",".png",1,1,1,1,1,"","Piso marrón sólido; marrón 0.97, cobertura 1.00"
"OK",61025,"GRH 61025 (tex_5087.png)",4,4,104,"Floor","Floor",1.000,1,"Assets/AOMigrator/MapVisualV063/Generated/Sprites/GRH_61025.asset","Assets/AOMigrator/MapVisualV063/Textures/tex_5087.png",".png",1,1,1,1,1,"","Piso marrón sólido; marrón 0.96, cobertura 1.00"
"OK",61026,"GRH 61026 (tex_5087.png)",4,4,104,"Floor","Floor",1.000,1,"Assets/AOMigrator/MapVisualV063/Generated/Sprites/GRH_61026.asset","Assets/AOMigrator/MapVisualV063/Textures/tex_5087.png",".png",1,1,1,1,1,"","Piso marrón sólido; marrón 0.96, cobertura 1.00"
"OK",61027,"GRH 61027 (tex_5087.png)",4,4,104,"Floor","Floor",1.000,1,"Assets/AOMigrator/MapVisualV063/Generated/Sprites/GRH_61027.asset","Assets/AOMigrator/MapVisualV063/Textures/tex_5087.png",".png",1,1,1,1,1,"","Piso marrón sólido; marrón 0.95, cobertura 1.00"
"OK",61028,"GRH 61028 (tex_5087.png)",4,4,104,"Floor","Floor",1.000,1,"Assets/AOMigrator/MapVisualV063/Generated/Sprites/GRH_61028.asset","Assets/AOMigrator/MapVisualV063/Textures/tex_5087.png",".png",1,1,1,1,1,"","Piso marrón sólido; marrón 0.89, cobertura 1.00"
"OK",61029,"GRH 61029 (tex_5087.png)",4,4,104,"Floor","Floor",1.000,1,"Assets/AOMigrator/MapVisualV063/Generated/Sprites/GRH_61029.asset","Assets/AOMigrator/MapVisualV063/Textures/tex_5087.png",".png",1,1,1,1,1,"","Piso marrón sólido; marrón 0.91, cobertura 1.00"
"OK",61030,"GRH 61030 (tex_5087.png)",4,4,104,"Grass","Grass",0.862,1,"Assets/AOMigrator/MapVisualV063/Generated/Sprites/GRH_61030.asset","Assets/AOMigrator/MapVisualV063/Textures/tex_5087.png",".png",1,1,1,1,1,"","Predominio verde 0.27, sat 0.58"
"OK",61031,"GRH 61031 (tex_5087.png)",4,4,104,"Floor","Floor",1.000,1,"Assets/AOMigrator/MapVisualV063/Generated/Sprites/GRH_61031.asset","Assets/AOMigrator/MapVisualV063/Textures/tex_5087.png",".png",1,1,1,1,1,"","Piso marrón sólido; marrón 0.80, cobertura 1.00"
"OK",61032,"GRH 61032 (tex_5087.png)",4,4,104,"Floor","Floor",1.000,1,"Assets/AOMigrator/MapVisualV063/Generated/Sprites/GRH_61032.asset","Assets/AOMigrator/MapVisualV063/Textures/tex_5087.png",".png",1,1,1,1,1,"","Piso marrón sólido; marrón 0.99, cobertura 1.00"
"OK",61033,"GRH 61033 (tex_5087.png)",4,4,104,"Floor","Floor",1.000,1,"Assets/AOMigrator/MapVisualV063/Generated/Sprites/GRH_61033.asset","Assets/AOMigrator/MapVisualV063/Textures/tex_5087.png",".png",1,1,1,1,1,"","Piso marrón sólido; marrón 1.00, cobertura 1.00"
"OK",61034,"GRH 61034 (tex_5087.png)",4,4,104,"Floor","Floor",1.000,1,"Assets/AOMigrator/MapVisualV063/Generated/Sprites/GRH_61034.asset","Assets/AOMigrator/MapVisualV063/Textures/tex_5087.png",".png",1,1,1,1,1,"","Piso marrón sólido; marrón 0.89, cobertura 1.00"
"OK",61035,"GRH 61035 (tex_5087.png)",4,4,104,"Floor","Floor",1.000,1,"Assets/AOMigrator/MapVisualV063/Generated/Sprites/GRH_61035.asset","Assets/AOMigrator/MapVisualV063/Textures/tex_5087.png",".png",1,1,1,1,1,"","Piso marrón sólido; marrón 0.95, cobertura 1.00"
"OK",61052,"GRH 61052 (tex_5087.png)",4,4,104,"Floor","Floor",1.000,1,"Assets/AOMigrator/MapVisualV063/Generated/Sprites/GRH_61052.asset","Assets/AOMigrator/MapVisualV063/Textures/tex_5087.png",".png",1,1,1,1,1,"","Piso marrón sólido; marrón 0.91, cobertura 1.00"
"OK",61053,"GRH 61053 (tex_5087.png)",4,4,104,"Floor","Floor",1.000,1,"Assets/AOMigrator/MapVisualV063/Generated/Sprites/GRH_61053.asset","Assets/AOMigrator/MapVisualV063/Textures/tex_5087.png",".png",1,1,1,1,1,"","Piso marrón sólido; marrón 0.82, cobertura 1.00"
"OK",61054,"GRH 61054 (tex_5087.png)",4,4,104,"Floor","Floor",1.000,1,"Assets/AOMigrator/MapVisualV063/Generated/Sprites/GRH_61054.asset","Assets/AOMigrator/MapVisualV063/Textures/tex_5087.png",".png",1,1,1,1,1,"","Piso marrón sólido; marrón 1.00, cobertura 1.00"
"OK",61055,"GRH 61055 (tex_5087.png)",4,4,104,"Floor","Floor",1.000,1,"Assets/AOMigrator/MapVisualV063/Generated/Sprites/GRH_61055.asset","Assets/AOMigrator/MapVisualV063/Textures/tex_5087.png",".png",1,1,1,1,1,"","Piso marrón sólido; marrón 1.00, cobertura 1.00"
"OK",61056,"GRH 61056 (tex_5087.png)",4,4,104,"Floor","Floor",1.000,1,"Assets/AOMigrator/MapVisualV063/Generated/Sprites/GRH_61056.asset","Assets/AOMigrator/MapVisualV063/Textures/tex_5087.png",".png",1,1,1,1,1,"","Piso marrón sólido; marrón 0.95, cobertura 1.00"
"OK",61057,"GRH 61057 (tex_5087.png)",4,4,104,"Floor","Floor",1.000,1,"Assets/AOMigrator/MapVisualV063/Generated/Sprites/GRH_61057.asset","Assets/AOMigrator/MapVisualV063/Textures/tex_5087.png",".png",1,1,1,1,1,"","Piso marrón sólido; marrón 0.99, cobertura 1.00"
"OK",61058,"GRH 61058 (tex_5087.png)",4,4,104,"Floor","Floor",1.000,1,"Assets/AOMigrator/MapVisualV063/Generated/Sprites/GRH_61058.asset","Assets/AOMigrator/MapVisualV063/Textures/tex_5087.png",".png",1,1,1,1,1,"","Piso marrón sólido; marrón 0.99, cobertura 1.00"
"OK",61059,"GRH 61059 (tex_5087.png)",4,4,104,"Floor","Floor",1.000,1,"Assets/AOMigrator/MapVisualV063/Generated/Sprites/GRH_61059.asset","Assets/AOMigrator/MapVisualV063/Textures/tex_5087.png",".png",1,1,1,1,1,"","Piso marrón sólido; marrón 1.00, cobertura 1.00"
"OK",61060,"GRH 61060 (tex_5087.png)",4,4,104,"Floor","Floor",1.000,1,"Assets/AOMigrator/MapVisualV063/Generated/Sprites/GRH_61060.asset","Assets/AOMigrator/MapVisualV063/Textures/tex_5087.png",".png",1,1,1,1,1,"","Piso marrón sólido; marrón 0.93, cobertura 1.00"
"OK",61061,"GRH 61061 (tex_5087.png)",4,4,104,"Floor","Floor",1.000,1,"Assets/AOMigrator/MapVisualV063/Generated/Sprites/GRH_61061.asset","Assets/AOMigrator/MapVisualV063/Textures/tex_5087.png",".png",1,1,1,1,1,"","Piso marrón sólido; marrón 0.99, cobertura 1.00"
"OK",61062,"GRH 61062 (tex_5087.png)",4,4,104,"Floor","Floor",1.000,1,"Assets/AOMigrator/MapVisualV063/Generated/Sprites/GRH_61062.asset","Assets/AOMigrator/MapVisualV063/Textures/tex_5087.png",".png",1,1,1,1,1,"","Piso marrón sólido; marrón 1.00, cobertura 1.00"
"OK",61063,"GRH 61063 (tex_5087.png)",4,4,104,"Floor","Floor",1.000,1,"Assets/AOMigrator/MapVisualV063/Generated/Sprites/GRH_61063.asset","Assets/AOMigrator/MapVisualV063/Textures/tex_5087.png",".png",1,1,1,1,1,"","Piso marrón sólido; marrón 1.00, cobertura 1.00"
"OK",61824,"GRH 61824 (tex_5087.png)",4,4,104,"Floor","Floor",1.000,1,"Assets/AOMigrator/MapVisualV063/Generated/Sprites/GRH_61824.asset","Assets/AOMigrator/MapVisualV063/Textures/tex_5087.png",".png",1,1,1,1,1,"","Piso marrón sólido; marrón 0.99, cobertura 1.00"
"OK",61827,"GRH 61827 (tex_5087.png)",4,4,104,"Floor","Floor",1.000,1,"Assets/AOMigrator/MapVisualV063/Generated/Sprites/GRH_61827.asset","Assets/AOMigrator/MapVisualV063/Textures/tex_5087.png",".png",1,1,1,1,1,"","Piso marrón sólido; marrón 1.00, cobertura 1.00"
"OK",61830,"GRH 61830 (tex_5087.png)",4,4,104,"Floor","Floor",1.000,1,"Assets/AOMigrator/MapVisualV063/Generated/Sprites/GRH_61830.asset","Assets/AOMigrator/MapVisualV063/Textures/tex_5087.png",".png",1,1,1,1,1,"","Piso marrón sólido; marrón 1.00, cobertura 1.00"
"OK",61840,"GRH 61840 (tex_5087.png)",4,4,104,"Grass","Grass",1.000,1,"Assets/AOMigrator/MapVisualV063/Generated/Sprites/GRH_61840.asset","Assets/AOMigrator/MapVisualV063/Textures/tex_5087.png",".png",1,1,1,1,1,"","Predominio verde 0.91, sat 0.69"
"OK",61841,"GRH 61841 (tex_5087.png)",4,4,104,"Grass","Grass",1.000,1,"Assets/AOMigrator/MapVisualV063/Generated/Sprites/GRH_61841.asset","Assets/AOMigrator/MapVisualV063/Textures/tex_5087.png",".png",1,1,1,1,1,"","Predominio verde 0.60, sat 0.64"
"OK",61842,"GRH 61842 (tex_5087.png)",4,4,104,"Grass","Grass",1.000,1,"Assets/AOMigrator/MapVisualV063/Generated/Sprites/GRH_61842.asset","Assets/AOMigrator/MapVisualV063/Textures/tex_5087.png",".png",1,1,1,1,1,"","Predominio verde 0.49, sat 0.63"
"OK",61844,"GRH 61844 (tex_5087.png)",4,4,104,"Grass","Grass",1.000,1,"Assets/AOMigrator/MapVisualV063/Generated/Sprites/GRH_61844.asset","Assets/AOMigrator/MapVisualV063/Textures/tex_5087.png",".png",1,1,1,1,1,"","Predominio verde 0.60, sat 0.64"
"OK",61845,"GRH 61845 (tex_5087.png)",4,4,104,"Grass","Grass",1.000,1,"Assets/AOMigrator/MapVisualV063/Generated/Sprites/GRH_61845.asset","Assets/AOMigrator/MapVisualV063/Textures/tex_5087.png",".png",1,1,1,1,1,"","Predominio verde 0.66, sat 0.64"
"OK",61846,"GRH 61846 (tex_5087.png)",4,4,104,"Grass","Grass",0.834,1,"Assets/AOMigrator/MapVisualV063/Generated/Sprites/GRH_61846.asset","Assets/AOMigrator/MapVisualV063/Textures/tex_5087.png",".png",1,1,1,1,1,"","Predominio verde 0.24, sat 0.57"
"OK",61851,"GRH 61851 (tex_5087.png)",4,4,104,"Floor","Floor",1.000,1,"Assets/AOMigrator/MapVisualV063/Generated/Sprites/GRH_61851.asset","Assets/AOMigrator/MapVisualV063/Textures/tex_5087.png",".png",1,1,1,1,1,"","Piso marrón sólido; marrón 0.92, cobertura 1.00"
"OK",85336,"GRH 85336 (tex_6684.png)",29,3,104,"Water","Water",0.945,1,"Assets/AOMigrator/MapVisualV063/Generated/Sprites/GRH_85336.asset","Assets/Resources/AOMigrator/WorldV07/Textures/tex_6684.png",".png",1,1,1,1,1,"","Predominio azul 0.41, sat 0.60"
"OK",85194,"GRH 85194 (tex_6684.png)",28,3,103,"Transition","Transition",0.860,1,"Assets/AOMigrator/MapVisualV063/Generated/Sprites/GRH_85194.asset","Assets/Resources/AOMigrator/WorldV07/Textures/tex_6684.png",".png",1,1,1,1,1,"","Transición: Layer2 100%, cobertura 67%, edge 0.36"
"OK",4521,"GRH 4521 (tex_5026.png)",27,3,102,"Floor","Floor",1.000,1,"Assets/AOMigrator/MapVisualV063/Generated/Sprites/GRH_4521.asset","Assets/AOMigrator/MapVisualV063/Textures/tex_5026.png",".png",1,1,1,1,1,"","Piso marrón sólido; marrón 1.00, cobertura 1.00"
"OK",4525,"GRH 4525 (tex_5026.png)",27,3,102,"Floor","Floor",1.000,1,"Assets/AOMigrator/MapVisualV063/Generated/Sprites/GRH_4525.asset","Assets/AOMigrator/MapVisualV063/Textures/tex_5026.png",".png",1,1,1,1,1,"","Piso marrón sólido; marrón 1.00, cobertura 1.00"
"OK",4529,"GRH 4529 (tex_5026.png)",27,3,102,"Floor","Floor",1.000,1,"Assets/AOMigrator/MapVisualV063/Generated/Sprites/GRH_4529.asset","Assets/AOMigrator/MapVisualV063/Textures/tex_5026.png",".png",1,1,1,1,1,"","Piso marrón sólido; marrón 1.00, cobertura 1.00"
"OK",4519,"GRH 4519 (tex_5026.png)",24,3,99,"Floor","Floor",1.000,1,"Assets/AOMigrator/MapVisualV063/Generated/Sprites/GRH_4519.asset","Assets/AOMigrator/MapVisualV063/Textures/tex_5026.png",".png",1,1,1,1,1,"","Piso marrón sólido; marrón 1.00, cobertura 1.00"
"OK",4520,"GRH 4520 (tex_5026.png)",24,3,99,"Floor","Floor",1.000,1,"Assets/AOMigrator/MapVisualV063/Generated/Sprites/GRH_4520.asset","Assets/AOMigrator/MapVisualV063/Textures/tex_5026.png",".png",1,1,1,1,1,"","Piso marrón sólido; marrón 1.00, cobertura 1.00"
"OK",4523,"GRH 4523 (tex_5026.png)",24,3,99,"Floor","Floor",1.000,1,"Assets/AOMigrator/MapVisualV063/Generated/Sprites/GRH_4523.asset","Assets/AOMigrator/MapVisualV063/Textures/tex_5026.png",".png",1,1,1,1,1,"","Piso marrón sólido; marrón 1.00, cobertura 1.00"
"OK",4524,"GRH 4524 (tex_5026.png)",24,3,99,"Floor","Floor",1.000,1,"Assets/AOMigrator/MapVisualV063/Generated/Sprites/GRH_4524.asset","Assets/AOMigrator/MapVisualV063/Textures/tex_5026.png",".png",1,1,1,1,1,"","Piso marrón sólido; marrón 1.00, cobertura 1.00"
"OK",4527,"GRH 4527 (tex_5026.png)",24,3,99,"Floor","Floor",1.000,1,"Assets/AOMigrator/MapVisualV063/Generated/Sprites/GRH_4527.asset","Assets/AOMigrator/MapVisualV063/Textures/tex_5026.png",".png",1,1,1,1,1,"","Piso marrón sólido; marrón 1.00, cobertura 1.00"
"OK",4528,"GRH 4528 (tex_5026.png)",24,3,99,"Floor","Floor",1.000,1,"Assets/AOMigrator/MapVisualV063/Generated/Sprites/GRH_4528.asset","Assets/AOMigrator/MapVisualV063/Textures/tex_5026.png",".png",1,1,1,1,1,"","Piso marrón sólido; marrón 1.00, cobertura 1.00"
"OK",85244,"GRH 85244 (tex_6684.png)",20,3,95,"Transition","Transition",0.860,1,"Assets/AOMigrator/MapVisualV063/Generated/Sprites/GRH_85244.asset","Assets/Resources/AOMigrator/WorldV07/Textures/tex_6684.png",".png",1,1,1,1,1,"","Transición: Layer2 100%, cobertura 67%, edge 0.40"
"OK",4517,"GRH 4517 (tex_5026.png)",18,3,93,"Floor","Floor",1.000,1,"Assets/AOMigrator/MapVisualV063/Generated/Sprites/GRH_4517.asset","Assets/AOMigrator/MapVisualV063/Textures/tex_5026.png",".png",1,1,1,1,1,"","Piso marrón sólido; marrón 1.00, cobertura 1.00"
"OK",4522,"GRH 4522 (tex_5026.png)",18,3,93,"Floor","Floor",1.000,1,"Assets/AOMigrator/MapVisualV063/Generated/Sprites/GRH_4522.asset","Assets/AOMigrator/MapVisualV063/Textures/tex_5026.png",".png",1,1,1,1,1,"","Piso marrón sólido; marrón 1.00, cobertura 1.00"
"OK",4526,"GRH 4526 (tex_5026.png)",18,3,93,"Floor","Floor",1.000,1,"Assets/AOMigrator/MapVisualV063/Generated/Sprites/GRH_4526.asset","Assets/AOMigrator/MapVisualV063/Textures/tex_5026.png",".png",1,1,1,1,1,"","Piso marrón sólido; marrón 1.00, cobertura 1.00"
"OK",4530,"GRH 4530 (tex_5026.png)",18,3,93,"Floor","Floor",1.000,1,"Assets/AOMigrator/MapVisualV063/Generated/Sprites/GRH_4530.asset","Assets/AOMigrator/MapVisualV063/Textures/tex_5026.png",".png",1,1,1,1,1,"","Piso marrón sólido; marrón 1.00, cobertura 1.00"
"OK",85274,"GRH 85274 (tex_6684.png)",17,3,92,"Transition","Transition",0.860,1,"Assets/AOMigrator/MapVisualV063/Generated/Sprites/GRH_85274.asset","Assets/Resources/AOMigrator/WorldV07/Textures/tex_6684.png",".png",1,1,1,1,1,"","Transición: Layer2 100%, cobertura 67%, edge 0.33"
"OK",4515,"GRH 4515 (tex_5026.png)",16,3,91,"Floor","Floor",1.000,1,"Assets/AOMigrator/MapVisualV063/Generated/Sprites/GRH_4515.asset","Assets/AOMigrator/MapVisualV063/Textures/tex_5026.png",".png",1,1,1,1,1,"","Piso marrón sólido; marrón 1.00, cobertura 1.00"
"OK",4516,"GRH 4516 (tex_5026.png)",16,3,91,"Floor","Floor",1.000,1,"Assets/AOMigrator/MapVisualV063/Generated/Sprites/GRH_4516.asset","Assets/AOMigrator/MapVisualV063/Textures/tex_5026.png",".png",1,1,1,1,1,"","Piso marrón sólido; marrón 1.00, cobertura 1.00"
"OK",9125,"GRH 9125 (tex_7522.png)",14,3,89,"Floor","Floor",1.000,1,"Assets/AOMigrator/MapVisualV063/Generated/Sprites/GRH_9125.asset","Assets/AOMigrator/MapVisualV063/Textures/tex_7522.png",".png",1,1,1,1,1,"","Piso marrón sólido; marrón 0.77, cobertura 1.00"
"OK",9128,"GRH 9128 (tex_7522.png)",14,3,89,"Floor","Floor",1.000,1,"Assets/AOMigrator/MapVisualV063/Generated/Sprites/GRH_9128.asset","Assets/AOMigrator/MapVisualV063/Textures/tex_7522.png",".png",1,1,1,1,1,"","Piso marrón sólido; marrón 0.77, cobertura 1.00"
"OK",9131,"GRH 9131 (tex_7522.png)",14,3,89,"Floor","Floor",1.000,1,"Assets/AOMigrator/MapVisualV063/Generated/Sprites/GRH_9131.asset","Assets/AOMigrator/MapVisualV063/Textures/tex_7522.png",".png",1,1,1,1,1,"","Piso marrón sólido; marrón 0.97, cobertura 1.00"
"OK",9123,"GRH 9123 (tex_7522.png)",13,3,88,"Floor","Floor",1.000,1,"Assets/AOMigrator/MapVisualV063/Generated/Sprites/GRH_9123.asset","Assets/AOMigrator/MapVisualV063/Textures/tex_7522.png",".png",1,1,1,1,1,"","Piso marrón sólido; marrón 0.71, cobertura 1.00"
"OK",9126,"GRH 9126 (tex_7522.png)",13,3,88,"Floor","Floor",1.000,1,"Assets/AOMigrator/MapVisualV063/Generated/Sprites/GRH_9126.asset","Assets/AOMigrator/MapVisualV063/Textures/tex_7522.png",".png",1,1,1,1,1,"","Piso marrón sólido; marrón 0.80, cobertura 1.00"
"OK",9129,"GRH 9129 (tex_7522.png)",13,3,88,"Floor","Floor",1.000,1,"Assets/AOMigrator/MapVisualV063/Generated/Sprites/GRH_9129.asset","Assets/AOMigrator/MapVisualV063/Textures/tex_7522.png",".png",1,1,1,1,1,"","Piso marrón sólido; marrón 0.95, cobertura 1.00"
"OK",4518,"GRH 4518 (tex_5026.png)",12,3,87,"Floor","Floor",1.000,1,"Assets/AOMigrator/MapVisualV063/Generated/Sprites/GRH_4518.asset","Assets/AOMigrator/MapVisualV063/Textures/tex_5026.png",".png",1,1,1,1,1,"","Piso marrón sólido; marrón 0.99, cobertura 1.00"
"OK",85294,"GRH 85294 (tex_6684.png)",11,3,86,"Transition","Transition",0.860,1,"Assets/AOMigrator/MapVisualV063/Generated/Sprites/GRH_85294.asset","Assets/Resources/AOMigrator/WorldV07/Textures/tex_6684.png",".png",1,1,1,1,1,"","Transición: Layer2 100%, cobertura 67%, edge 0.32"
"OK",9124,"GRH 9124 (tex_7522.png)",10,3,85,"Floor","Floor",1.000,1,"Assets/AOMigrator/MapVisualV063/Generated/Sprites/GRH_9124.asset","Assets/AOMigrator/MapVisualV063/Textures/tex_7522.png",".png",1,1,1,1,1,"","Piso marrón sólido; marrón 0.78, cobertura 1.00"
"OK",9127,"GRH 9127 (tex_7522.png)",10,3,85,"Floor","Floor",1.000,1,"Assets/AOMigrator/MapVisualV063/Generated/Sprites/GRH_9127.asset","Assets/AOMigrator/MapVisualV063/Textures/tex_7522.png",".png",1,1,1,1,1,"","Piso marrón sólido; marrón 0.80, cobertura 1.00"
"OK",9130,"GRH 9130 (tex_7522.png)",10,3,85,"Floor","Floor",1.000,1,"Assets/AOMigrator/MapVisualV063/Generated/Sprites/GRH_9130.asset","Assets/AOMigrator/MapVisualV063/Textures/tex_7522.png",".png",1,1,1,1,1,"","Piso marrón sólido; marrón 0.96, cobertura 1.00"
"OK",85224,"GRH 85224 (tex_6684.png)",10,3,85,"Transition","Transition",0.860,1,"Assets/AOMigrator/MapVisualV063/Generated/Sprites/GRH_85224.asset","Assets/Resources/AOMigrator/WorldV07/Textures/tex_6684.png",".png",1,1,1,1,1,"","Transición: Layer2 100%, cobertura 67%, edge 0.40"
"OK",6519,"GRH 6519 (tex_6215.png)",9,3,84,"Grass","Grass",1.000,1,"Assets/AOMigrator/MapVisualV063/Generated/Sprites/GRH_6519.asset","Assets/AOMigrator/MapVisualV063/Textures/tex_6215.png",".png",1,1,1,1,1,"","Predominio verde 0.90, sat 0.73"
"OK",6522,"GRH 6522 (tex_6215.png)",9,3,84,"Floor","Floor",1.000,1,"Assets/AOMigrator/MapVisualV063/Generated/Sprites/GRH_6522.asset","Assets/AOMigrator/MapVisualV063/Textures/tex_6215.png",".png",1,1,1,1,1,"","Piso marrón sólido; marrón 0.91, cobertura 1.00"
"OK",6526,"GRH 6526 (tex_6215.png)",9,3,84,"Grass","Grass",0.783,1,"Assets/AOMigrator/MapVisualV063/Generated/Sprites/GRH_6526.asset","Assets/AOMigrator/MapVisualV063/Textures/tex_6215.png",".png",1,1,1,1,1,"","Predominio verde 0.23, sat 0.53"
"OK",61828,"GRH 61828 (tex_5087.png)",9,3,84,"Floor","Floor",1.000,1,"Assets/AOMigrator/MapVisualV063/Generated/Sprites/GRH_61828.asset","Assets/AOMigrator/MapVisualV063/Textures/tex_5087.png",".png",1,1,1,1,1,"","Piso marrón sólido; marrón 1.00, cobertura 1.00"
"OK",61832,"GRH 61832 (tex_5087.png)",9,3,84,"Floor","Floor",1.000,1,"Assets/AOMigrator/MapVisualV063/Generated/Sprites/GRH_61832.asset","Assets/AOMigrator/MapVisualV063/Textures/tex_5087.png",".png",1,1,1,1,1,"","Piso marrón sólido; marrón 0.99, cobertura 1.00"
"OK",61612,"GRH 61612 (tex_5087.png)",8,3,83,"Floor","Floor",1.000,1,"Assets/AOMigrator/MapVisualV063/Generated/Sprites/GRH_61612.asset","Assets/AOMigrator/MapVisualV063/Textures/tex_5087.png",".png",1,1,1,1,1,"","Piso marrón sólido; marrón 1.00, cobertura 1.00"
"OK",61616,"GRH 61616 (tex_5087.png)",8,3,83,"Floor","Floor",1.000,1,"Assets/AOMigrator/MapVisualV063/Generated/Sprites/GRH_61616.asset","Assets/AOMigrator/MapVisualV063/Textures/tex_5087.png",".png",1,1,1,1,1,"","Piso marrón sólido; marrón 0.99, cobertura 1.00"
"OK",61620,"GRH 61620 (tex_5087.png)",8,3,83,"Floor","Floor",1.000,1,"Assets/AOMigrator/MapVisualV063/Generated/Sprites/GRH_61620.asset","Assets/AOMigrator/MapVisualV063/Textures/tex_5087.png",".png",1,1,1,1,1,"","Piso marrón sólido; marrón 1.00, cobertura 1.00"
"OK",6472,"GRH 6472 (tex_6215.png)",7,3,82,"Floor","Floor",1.000,1,"Assets/AOMigrator/MapVisualV063/Generated/Sprites/GRH_6472.asset","Assets/AOMigrator/MapVisualV063/Textures/tex_6215.png",".png",1,1,1,1,1,"","Piso marrón sólido; marrón 0.83, cobertura 1.00"
"OK",6473,"GRH 6473 (tex_6215.png)",7,3,82,"Floor","Floor",1.000,1,"Assets/AOMigrator/MapVisualV063/Generated/Sprites/GRH_6473.asset","Assets/AOMigrator/MapVisualV063/Textures/tex_6215.png",".png",1,1,1,1,1,"","Piso marrón sólido; marrón 0.89, cobertura 1.00"
"OK",6474,"GRH 6474 (tex_6215.png)",7,3,82,"Floor","Floor",1.000,1,"Assets/AOMigrator/MapVisualV063/Generated/Sprites/GRH_6474.asset","Assets/AOMigrator/MapVisualV063/Textures/tex_6215.png",".png",1,1,1,1,1,"","Piso marrón sólido; marrón 0.89, cobertura 1.00"
"OK",6476,"GRH 6476 (tex_6215.png)",7,3,82,"Grass","Grass",1.000,1,"Assets/AOMigrator/MapVisualV063/Generated/Sprites/GRH_6476.asset","Assets/AOMigrator/MapVisualV063/Textures/tex_6215.png",".png",1,1,1,1,1,"","Predominio verde 0.78, sat 0.69"
"OK",6515,"GRH 6515 (tex_6215.png)",7,3,82,"Grass","Grass",1.000,1,"Assets/AOMigrator/MapVisualV063/Generated/Sprites/GRH_6515.asset","Assets/AOMigrator/MapVisualV063/Textures/tex_6215.png",".png",1,1,1,1,1,"","Predominio verde 0.94, sat 0.73"
"OK",6523,"GRH 6523 (tex_6215.png)",7,3,82,"Grass","Grass",1.000,1,"Assets/AOMigrator/MapVisualV063/Generated/Sprites/GRH_6523.asset","Assets/AOMigrator/MapVisualV063/Textures/tex_6215.png",".png",1,1,1,1,1,"","Predominio verde 0.85, sat 0.73"
"OK",6527,"GRH 6527 (tex_6215.png)",7,3,82,"Grass","Grass",1.000,1,"Assets/AOMigrator/MapVisualV063/Generated/Sprites/GRH_6527.asset","Assets/AOMigrator/MapVisualV063/Textures/tex_6215.png",".png",1,1,1,1,1,"","Predominio verde 0.94, sat 0.73"
"OK",61644,"GRH 61644 (tex_5087.png)",7,3,82,"Grass","Grass",1.000,1,"Assets/AOMigrator/MapVisualV063/Generated/Sprites/GRH_61644.asset","Assets/AOMigrator/MapVisualV063/Textures/tex_5087.png",".png",1,1,1,1,1,"","Predominio verde 0.80, sat 0.69"
"OK",61645,"GRH 61645 (tex_5087.png)",7,3,82,"Grass","Grass",1.000,1,"Assets/AOMigrator/MapVisualV063/Generated/Sprites/GRH_61645.asset","Assets/AOMigrator/MapVisualV063/Textures/tex_5087.png",".png",1,1,1,1,1,"","Predominio verde 0.54, sat 0.68"
"OK",61648,"GRH 61648 (tex_5087.png)",7,3,82,"Grass","Grass",0.974,1,"Assets/AOMigrator/MapVisualV063/Generated/Sprites/GRH_61648.asset","Assets/AOMigrator/MapVisualV063/Textures/tex_5087.png",".png",1,1,1,1,1,"","Predominio verde 0.44, sat 0.68"
"OK",61649,"GRH 61649 (tex_5087.png)",7,3,82,"Floor","Floor",1.000,1,"Assets/AOMigrator/MapVisualV063/Generated/Sprites/GRH_61649.asset","Assets/AOMigrator/MapVisualV063/Textures/tex_5087.png",".png",1,1,1,1,1,"","Piso marrón sólido; marrón 0.92, cobertura 1.00"
"OK",6545,"GRH 6545 (tex_6004.png)",6,3,81,"Grass","Grass",1.000,1,"Assets/AOMigrator/MapVisualV063/Generated/Sprites/GRH_6545.asset","Assets/Resources/AOMigrator/WorldV07/Textures/tex_6004.png",".png",1,1,1,1,1,"","Predominio verde 0.83, sat 0.73"
"OK",6549,"GRH 6549 (tex_6004.png)",6,3,81,"Grass","Grass",1.000,1,"Assets/AOMigrator/MapVisualV063/Generated/Sprites/GRH_6549.asset","Assets/Resources/AOMigrator/WorldV07/Textures/tex_6004.png",".png",1,1,1,1,1,"","Predominio verde 0.70, sat 0.72"
"OK",6553,"GRH 6553 (tex_6004.png)",6,3,81,"Grass","Grass",1.000,1,"Assets/AOMigrator/MapVisualV063/Generated/Sprites/GRH_6553.asset","Assets/Resources/AOMigrator/WorldV07/Textures/tex_6004.png",".png",1,1,1,1,1,"","Predominio verde 0.76, sat 0.72"
"OK",6557,"GRH 6557 (tex_6004.png)",6,3,81,"Grass","Grass",1.000,1,"Assets/AOMigrator/MapVisualV063/Generated/Sprites/GRH_6557.asset","Assets/Resources/AOMigrator/WorldV07/Textures/tex_6004.png",".png",1,1,1,1,1,"","Predominio verde 0.85, sat 0.73"
"OK",7163,"GRH 7163 (tex_5081.png)",6,3,81,"Transition","Transition",0.919,1,"Assets/AOMigrator/MapVisualV063/Generated/Sprites/GRH_7163.asset","Assets/AOMigrator/MapVisualV063/Textures/tex_5081.png",".png",1,1,1,1,1,"","Transición: Layer2 100%, cobertura 34%, edge 0.48"
"OK",61199,"GRH 61199 (tex_5087.png)",6,3,81,"Grass","Grass",1.000,1,"Assets/AOMigrator/MapVisualV063/Generated/Sprites/GRH_61199.asset","Assets/AOMigrator/MapVisualV063/Textures/tex_5087.png",".png",1,1,1,1,1,"","Predominio verde 0.87, sat 0.68"
"OK",61203,"GRH 61203 (tex_5087.png)",6,3,81,"Grass","Grass",1.000,1,"Assets/AOMigrator/MapVisualV063/Generated/Sprites/GRH_61203.asset","Assets/AOMigrator/MapVisualV063/Textures/tex_5087.png",".png",1,1,1,1,1,"","Predominio verde 0.83, sat 0.67"
"OK",61207,"GRH 61207 (tex_5087.png)",6,3,81,"Grass","Grass",0.936,1,"Assets/AOMigrator/MapVisualV063/Generated/Sprites/GRH_61207.asset","Assets/AOMigrator/MapVisualV063/Textures/tex_5087.png",".png",1,1,1,1,1,"","Predominio verde 0.40, sat 0.60"
"OK",61211,"GRH 61211 (tex_5087.png)",6,3,81,"Floor","Floor",1.000,1,"Assets/AOMigrator/MapVisualV063/Generated/Sprites/GRH_61211.asset","Assets/AOMigrator/MapVisualV063/Textures/tex_5087.png",".png",1,1,1,1,1,"","Piso marrón sólido; marrón 0.98, cobertura 1.00"
"OK",61244,"GRH 61244 (tex_5087.png)",6,3,81,"Floor","Floor",1.000,1,"Assets/AOMigrator/MapVisualV063/Generated/Sprites/GRH_61244.asset","Assets/AOMigrator/MapVisualV063/Textures/tex_5087.png",".png",1,1,1,1,1,"","Piso marrón sólido; marrón 0.95, cobertura 1.00"
"OK",61248,"GRH 61248 (tex_5087.png)",6,3,81,"Grass","Grass",1.000,1,"Assets/AOMigrator/MapVisualV063/Generated/Sprites/GRH_61248.asset","Assets/AOMigrator/MapVisualV063/Textures/tex_5087.png",".png",1,1,1,1,1,"","Predominio verde 0.73, sat 0.65"
"OK",61252,"GRH 61252 (tex_5087.png)",6,3,81,"Grass","Grass",1.000,1,"Assets/AOMigrator/MapVisualV063/Generated/Sprites/GRH_61252.asset","Assets/AOMigrator/MapVisualV063/Textures/tex_5087.png",".png",1,1,1,1,1,"","Predominio verde 0.86, sat 0.68"
"OK",61256,"GRH 61256 (tex_5087.png)",6,3,81,"Grass","Grass",1.000,1,"Assets/AOMigrator/MapVisualV063/Generated/Sprites/GRH_61256.asset","Assets/AOMigrator/MapVisualV063/Textures/tex_5087.png",".png",1,1,1,1,1,"","Predominio verde 0.89, sat 0.69"
"OK",61470,"GRH 61470 (tex_5087.png)",6,3,81,"Grass","Grass",1.000,1,"Assets/AOMigrator/MapVisualV063/Generated/Sprites/GRH_61470.asset","Assets/AOMigrator/MapVisualV063/Textures/tex_5087.png",".png",1,1,1,1,1,"","Predominio verde 0.87, sat 0.69"
"OK",61471,"GRH 61471 (tex_5087.png)",6,3,81,"Grass","Grass",1.000,1,"Assets/AOMigrator/MapVisualV063/Generated/Sprites/GRH_61471.asset","Assets/AOMigrator/MapVisualV063/Textures/tex_5087.png",".png",1,1,1,1,1,"","Predominio verde 0.93, sat 0.69"
"OK",61646,"GRH 61646 (tex_5087.png)",6,3,81,"Grass","Grass",0.924,1,"Assets/AOMigrator/MapVisualV063/Generated/Sprites/GRH_61646.asset","Assets/AOMigrator/MapVisualV063/Textures/tex_5087.png",".png",1,1,1,1,1,"","Predominio verde 0.38, sat 0.67"
"OK",61647,"GRH 61647 (tex_5087.png)",6,3,81,"Grass","Grass",1.000,1,"Assets/AOMigrator/MapVisualV063/Generated/Sprites/GRH_61647.asset","Assets/AOMigrator/MapVisualV063/Textures/tex_5087.png",".png",1,1,1,1,1,"","Predominio verde 0.74, sat 0.69"
"OK",61650,"GRH 61650 (tex_5087.png)",6,3,81,"Floor","Floor",1.000,1,"Assets/AOMigrator/MapVisualV063/Generated/Sprites/GRH_61650.asset","Assets/AOMigrator/MapVisualV063/Textures/tex_5087.png",".png",1,1,1,1,1,"","Piso marrón sólido; marrón 0.95, cobertura 1.00"
"OK",61651,"GRH 61651 (tex_5087.png)",6,3,81,"Grass","Grass",1.000,1,"Assets/AOMigrator/MapVisualV063/Generated/Sprites/GRH_61651.asset","Assets/AOMigrator/MapVisualV063/Textures/tex_5087.png",".png",1,1,1,1,1,"","Predominio verde 0.53, sat 0.68"
"OK",61833,"GRH 61833 (tex_5087.png)",6,3,81,"Floor","Floor",1.000,1,"Assets/AOMigrator/MapVisualV063/Generated/Sprites/GRH_61833.asset","Assets/AOMigrator/MapVisualV063/Textures/tex_5087.png",".png",1,1,1,1,1,"","Piso marrón sólido; marrón 0.99, cobertura 1.00"
"OK",308,"GRH 308 (tex_5132.png)",5,3,80,"Transition","Transition",0.896,1,"Assets/AOMigrator/MapVisualV063/Generated/Sprites/GRH_308.asset","Assets/AOMigrator/MapVisualV063/Textures/tex_5132.png",".png",1,1,1,1,1,"","Transición: Layer2 100%, cobertura 47%, edge 0.23"
"OK",6468,"GRH 6468 (tex_6215.png)",5,3,80,"Floor","Floor",1.000,1,"Assets/AOMigrator/MapVisualV063/Generated/Sprites/GRH_6468.asset","Assets/AOMigrator/MapVisualV063/Textures/tex_6215.png",".png",1,1,1,1,1,"","Piso marrón sólido; marrón 0.97, cobertura 1.00"
"OK",6469,"GRH 6469 (tex_6215.png)",5,3,80,"Floor","Floor",1.000,1,"Assets/AOMigrator/MapVisualV063/Generated/Sprites/GRH_6469.asset","Assets/AOMigrator/MapVisualV063/Textures/tex_6215.png",".png",1,1,1,1,1,"","Piso marrón sólido; marrón 1.00, cobertura 1.00"
"OK",6470,"GRH 6470 (tex_6215.png)",5,3,80,"Floor","Floor",1.000,1,"Assets/AOMigrator/MapVisualV063/Generated/Sprites/GRH_6470.asset","Assets/AOMigrator/MapVisualV063/Textures/tex_6215.png",".png",1,1,1,1,1,"","Piso marrón sólido; marrón 0.99, cobertura 1.00"
"OK",6477,"GRH 6477 (tex_6215.png)",5,3,80,"Grass","Grass",1.000,1,"Assets/AOMigrator/MapVisualV063/Generated/Sprites/GRH_6477.asset","Assets/AOMigrator/MapVisualV063/Textures/tex_6215.png",".png",1,1,1,1,1,"","Predominio verde 0.91, sat 0.72"
"OK",6478,"GRH 6478 (tex_6215.png)",5,3,80,"Grass","Grass",1.000,1,"Assets/AOMigrator/MapVisualV063/Generated/Sprites/GRH_6478.asset","Assets/AOMigrator/MapVisualV063/Textures/tex_6215.png",".png",1,1,1,1,1,"","Predominio verde 0.94, sat 0.72"
"OK",6546,"GRH 6546 (tex_6004.png)",5,3,80,"Grass","Grass",1.000,1,"Assets/AOMigrator/MapVisualV063/Generated/Sprites/GRH_6546.asset","Assets/Resources/AOMigrator/WorldV07/Textures/tex_6004.png",".png",1,1,1,1,1,"","Predominio verde 0.72, sat 0.72"
"OK",6547,"GRH 6547 (tex_6004.png)",5,3,80,"Grass","Grass",1.000,1,"Assets/AOMigrator/MapVisualV063/Generated/Sprites/GRH_6547.asset","Assets/Resources/AOMigrator/WorldV07/Textures/tex_6004.png",".png",1,1,1,1,1,"","Predominio verde 0.90, sat 0.73"
"OK",6550,"GRH 6550 (tex_6004.png)",5,3,80,"Grass","Grass",1.000,1,"Assets/AOMigrator/MapVisualV063/Generated/Sprites/GRH_6550.asset","Assets/Resources/AOMigrator/WorldV07/Textures/tex_6004.png",".png",1,1,1,1,1,"","Predominio verde 0.81, sat 0.72"
"OK",6551,"GRH 6551 (tex_6004.png)",5,3,80,"Grass","Grass",1.000,1,"Assets/AOMigrator/MapVisualV063/Generated/Sprites/GRH_6551.asset","Assets/Resources/AOMigrator/WorldV07/Textures/tex_6004.png",".png",1,1,1,1,1,"","Predominio verde 0.85, sat 0.72"
"OK",6554,"GRH 6554 (tex_6004.png)",5,3,80,"Grass","Grass",1.000,1,"Assets/AOMigrator/MapVisualV063/Generated/Sprites/GRH_6554.asset","Assets/Resources/AOMigrator/WorldV07/Textures/tex_6004.png",".png",1,1,1,1,1,"","Predominio verde 0.71, sat 0.72"
"OK",6555,"GRH 6555 (tex_6004.png)",5,3,80,"Grass","Grass",1.000,1,"Assets/AOMigrator/MapVisualV063/Generated/Sprites/GRH_6555.asset","Assets/Resources/AOMigrator/WorldV07/Textures/tex_6004.png",".png",1,1,1,1,1,"","Predominio verde 0.75, sat 0.72"
"OK",6558,"GRH 6558 (tex_6004.png)",5,3,80,"Grass","Grass",1.000,1,"Assets/AOMigrator/MapVisualV063/Generated/Sprites/GRH_6558.asset","Assets/Resources/AOMigrator/WorldV07/Textures/tex_6004.png",".png",1,1,1,1,1,"","Predominio verde 0.79, sat 0.73"
"OK",6559,"GRH 6559 (tex_6004.png)",5,3,80,"Grass","Grass",1.000,1,"Assets/AOMigrator/MapVisualV063/Generated/Sprites/GRH_6559.asset","Assets/Resources/AOMigrator/WorldV07/Textures/tex_6004.png",".png",1,1,1,1,1,"","Predominio verde 0.86, sat 0.72"
"OK",16180,"GRH 16180 (tex_5065.png)",5,3,80,"Transition","Transition",0.956,1,"Assets/AOMigrator/MapVisualV063/Generated/Sprites/GRH_16180.asset","Assets/AOMigrator/MapVisualV063/Textures/tex_5065.png",".png",1,1,1,1,1,"","Transición: Layer2 100%, cobertura 13%, edge 0.21"
"OK",26113,"GRH 26113 (tex_5236.png)",5,3,80,"Transition","Transition",0.937,1,"Assets/AOMigrator/MapVisualV063/Generated/Sprites/GRH_26113.asset","Assets/Resources/AOMigrator/WorldV07/Textures/tex_5236.png",".png",1,1,1,1,1,"","Transición: Layer2 100%, cobertura 24%, edge 0.41"
"OK",61356,"GRH 61356 (tex_5087.png)",5,3,80,"Floor","Floor",1.000,1,"Assets/AOMigrator/MapVisualV063/Generated/Sprites/GRH_61356.asset","Assets/AOMigrator/MapVisualV063/Textures/tex_5087.png",".png",1,1,1,1,1,"","Piso marrón sólido; marrón 0.88, cobertura 1.00"
"OK",61357,"GRH 61357 (tex_5087.png)",5,3,80,"Floor","Floor",1.000,1,"Assets/AOMigrator/MapVisualV063/Generated/Sprites/GRH_61357.asset","Assets/AOMigrator/MapVisualV063/Textures/tex_5087.png",".png",1,1,1,1,1,"","Piso marrón sólido; marrón 0.98, cobertura 1.00"
"OK",61360,"GRH 61360 (tex_5087.png)",5,3,80,"Grass","Grass",1.000,1,"Assets/AOMigrator/MapVisualV063/Generated/Sprites/GRH_61360.asset","Assets/AOMigrator/MapVisualV063/Textures/tex_5087.png",".png",1,1,1,1,1,"","Predominio verde 0.58, sat 0.64"
"OK",61361,"GRH 61361 (tex_5087.png)",5,3,80,"Grass","Grass",0.811,1,"Assets/AOMigrator/MapVisualV063/Generated/Sprites/GRH_61361.asset","Assets/AOMigrator/MapVisualV063/Textures/tex_5087.png",".png",1,1,1,1,1,"","Predominio verde 0.26, sat 0.59"
"OK",61364,"GRH 61364 (tex_5087.png)",5,3,80,"Grass","Grass",1.000,1,"Assets/AOMigrator/MapVisualV063/Generated/Sprites/GRH_61364.asset","Assets/AOMigrator/MapVisualV063/Textures/tex_5087.png",".png",1,1,1,1,1,"","Predominio verde 0.80, sat 0.67"
"OK",61365,"GRH 61365 (tex_5087.png)",5,3,80,"Grass","Grass",1.000,1,"Assets/AOMigrator/MapVisualV063/Generated/Sprites/GRH_61365.asset","Assets/AOMigrator/MapVisualV063/Textures/tex_5087.png",".png",1,1,1,1,1,"","Predominio verde 0.48, sat 0.61"
"OK",61368,"GRH 61368 (tex_5087.png)",5,3,80,"Grass","Grass",1.000,1,"Assets/AOMigrator/MapVisualV063/Generated/Sprites/GRH_61368.asset","Assets/AOMigrator/MapVisualV063/Textures/tex_5087.png",".png",1,1,1,1,1,"","Predominio verde 0.84, sat 0.68"
"OK",61369,"GRH 61369 (tex_5087.png)",5,3,80,"Grass","Grass",1.000,1,"Assets/AOMigrator/MapVisualV063/Generated/Sprites/GRH_61369.asset","Assets/AOMigrator/MapVisualV063/Textures/tex_5087.png",".png",1,1,1,1,1,"","Predominio verde 0.82, sat 0.67"
"OK",6544,"GRH 6544 (tex_6004.png)",4,3,79,"Grass","Grass",1.000,1,"Assets/AOMigrator/MapVisualV063/Generated/Sprites/GRH_6544.asset","Assets/Resources/AOMigrator/WorldV07/Textures/tex_6004.png",".png",1,1,1,1,1,"","Predominio verde 0.92, sat 0.73"
"OK",6548,"GRH 6548 (tex_6004.png)",4,3,79,"Grass","Grass",1.000,1,"Assets/AOMigrator/MapVisualV063/Generated/Sprites/GRH_6548.asset","Assets/Resources/AOMigrator/WorldV07/Textures/tex_6004.png",".png",1,1,1,1,1,"","Predominio verde 0.90, sat 0.73"
"OK",6552,"GRH 6552 (tex_6004.png)",4,3,79,"Grass","Grass",1.000,1,"Assets/AOMigrator/MapVisualV063/Generated/Sprites/GRH_6552.asset","Assets/Resources/AOMigrator/WorldV07/Textures/tex_6004.png",".png",1,1,1,1,1,"","Predominio verde 0.82, sat 0.72"
"OK",6556,"GRH 6556 (tex_6004.png)",4,3,79,"Grass","Grass",1.000,1,"Assets/AOMigrator/MapVisualV063/Generated/Sprites/GRH_6556.asset","Assets/Resources/AOMigrator/WorldV07/Textures/tex_6004.png",".png",1,1,1,1,1,"","Predominio verde 0.86, sat 0.73"
"OK",16181,"GRH 16181 (tex_5065.png)",4,3,79,"Transition","Transition",0.882,1,"Assets/AOMigrator/MapVisualV063/Generated/Sprites/GRH_16181.asset","Assets/AOMigrator/MapVisualV063/Textures/tex_5065.png",".png",1,1,1,1,1,"","Transición: Layer2 100%, cobertura 55%, edge 0.40"
"OK",550,"GRH 550 (tex_100.png)",28,2,78,"Transition","Transition",0.895,1,"Assets/AOMigrator/MapVisualV063/Generated/Sprites/GRH_550.asset","Assets/AOMigrator/MapVisualV063/Textures/tex_100.png",".png",1,1,1,1,1,"","Transición: Layer2 100%, cobertura 47%, edge 0.52"
"OK",60952,"GRH 60952 (tex_5087.png)",3,3,78,"Floor","Floor",1.000,1,"Assets/AOMigrator/MapVisualV063/Generated/Sprites/GRH_60952.asset","Assets/AOMigrator/MapVisualV063/Textures/tex_5087.png",".png",1,1,1,1,1,"","Piso marrón sólido; marrón 0.83, cobertura 1.00"
"OK",61500,"GRH 61500 (tex_5087.png)",3,3,78,"Floor","Floor",1.000,1,"Assets/AOMigrator/MapVisualV063/Generated/Sprites/GRH_61500.asset","Assets/AOMigrator/MapVisualV063/Textures/tex_5087.png",".png",1,1,1,1,1,"","Piso marrón sólido; marrón 1.00, cobertura 1.00"
"OK",61501,"GRH 61501 (tex_5087.png)",3,3,78,"Floor","Floor",1.000,1,"Assets/AOMigrator/MapVisualV063/Generated/Sprites/GRH_61501.asset","Assets/AOMigrator/MapVisualV063/Textures/tex_5087.png",".png",1,1,1,1,1,"","Piso marrón sólido; marrón 1.00, cobertura 1.00"
"OK",61504,"GRH 61504 (tex_5087.png)",3,3,78,"Floor","Floor",1.000,1,"Assets/AOMigrator/MapVisualV063/Generated/Sprites/GRH_61504.asset","Assets/AOMigrator/MapVisualV063/Textures/tex_5087.png",".png",1,1,1,1,1,"","Piso marrón sólido; marrón 0.97, cobertura 1.00"
"OK",61505,"GRH 61505 (tex_5087.png)",3,3,78,"Floor","Floor",1.000,1,"Assets/AOMigrator/MapVisualV063/Generated/Sprites/GRH_61505.asset","Assets/AOMigrator/MapVisualV063/Textures/tex_5087.png",".png",1,1,1,1,1,"","Piso marrón sólido; marrón 0.97, cobertura 1.00"
"OK",61508,"GRH 61508 (tex_5087.png)",3,3,78,"Floor","Floor",1.000,1,"Assets/AOMigrator/MapVisualV063/Generated/Sprites/GRH_61508.asset","Assets/AOMigrator/MapVisualV063/Textures/tex_5087.png",".png",1,1,1,1,1,"","Piso marrón sólido; marrón 1.00, cobertura 1.00"
"OK",61509,"GRH 61509 (tex_5087.png)",3,3,78,"Floor","Floor",1.000,1,"Assets/AOMigrator/MapVisualV063/Generated/Sprites/GRH_61509.asset","Assets/AOMigrator/MapVisualV063/Textures/tex_5087.png",".png",1,1,1,1,1,"","Piso marrón sólido; marrón 1.00, cobertura 1.00"
"OK",61512,"GRH 61512 (tex_5087.png)",3,3,78,"Floor","Floor",1.000,1,"Assets/AOMigrator/MapVisualV063/Generated/Sprites/GRH_61512.asset","Assets/AOMigrator/MapVisualV063/Textures/tex_5087.png",".png",1,1,1,1,1,"","Piso marrón sólido; marrón 1.00, cobertura 1.00"
"OK",61513,"GRH 61513 (tex_5087.png)",3,3,78,"Floor","Floor",1.000,1,"Assets/AOMigrator/MapVisualV063/Generated/Sprites/GRH_61513.asset","Assets/AOMigrator/MapVisualV063/Textures/tex_5087.png",".png",1,1,1,1,1,"","Piso marrón sólido; marrón 1.00, cobertura 1.00"
"OK",61820,"GRH 61820 (tex_5087.png)",3,3,78,"Floor","Floor",1.000,1,"Assets/AOMigrator/MapVisualV063/Generated/Sprites/GRH_61820.asset","Assets/AOMigrator/MapVisualV063/Textures/tex_5087.png",".png",1,1,1,1,1,"","Piso marrón sólido; marrón 1.00, cobertura 1.00"
"OK",61821,"GRH 61821 (tex_5087.png)",3,3,78,"Floor","Floor",1.000,1,"Assets/AOMigrator/MapVisualV063/Generated/Sprites/GRH_61821.asset","Assets/AOMigrator/MapVisualV063/Textures/tex_5087.png",".png",1,1,1,1,1,"","Piso marrón sólido; marrón 1.00, cobertura 1.00"
"OK",61822,"GRH 61822 (tex_5087.png)",3,3,78,"Floor","Floor",1.000,1,"Assets/AOMigrator/MapVisualV063/Generated/Sprites/GRH_61822.asset","Assets/AOMigrator/MapVisualV063/Textures/tex_5087.png",".png",1,1,1,1,1,"","Piso marrón sólido; marrón 1.00, cobertura 1.00"
"OK",61825,"GRH 61825 (tex_5087.png)",3,3,78,"Floor","Floor",1.000,1,"Assets/AOMigrator/MapVisualV063/Generated/Sprites/GRH_61825.asset","Assets/AOMigrator/MapVisualV063/Textures/tex_5087.png",".png",1,1,1,1,1,"","Piso marrón sólido; marrón 1.00, cobertura 1.00"
"OK",61826,"GRH 61826 (tex_5087.png)",3,3,78,"Floor","Floor",1.000,1,"Assets/AOMigrator/MapVisualV063/Generated/Sprites/GRH_61826.asset","Assets/AOMigrator/MapVisualV063/Textures/tex_5087.png",".png",1,1,1,1,1,"","Piso marrón sólido; marrón 0.99, cobertura 1.00"
"OK",61834,"GRH 61834 (tex_5087.png)",3,3,78,"Floor","Floor",1.000,1,"Assets/AOMigrator/MapVisualV063/Generated/Sprites/GRH_61834.asset","Assets/AOMigrator/MapVisualV063/Textures/tex_5087.png",".png",1,1,1,1,1,"","Piso marrón sólido; marrón 0.99, cobertura 1.00"
"OK",61836,"GRH 61836 (tex_5087.png)",3,3,78,"Grass","Grass",1.000,1,"Assets/AOMigrator/MapVisualV063/Generated/Sprites/GRH_61836.asset","Assets/AOMigrator/MapVisualV063/Textures/tex_5087.png",".png",1,1,1,1,1,"","Predominio verde 0.93, sat 0.69"
"OK",61837,"GRH 61837 (tex_5087.png)",3,3,78,"Grass","Grass",1.000,1,"Assets/AOMigrator/MapVisualV063/Generated/Sprites/GRH_61837.asset","Assets/AOMigrator/MapVisualV063/Textures/tex_5087.png",".png",1,1,1,1,1,"","Predominio verde 0.86, sat 0.68"
"OK",61838,"GRH 61838 (tex_5087.png)",3,3,78,"Grass","Grass",1.000,1,"Assets/AOMigrator/MapVisualV063/Generated/Sprites/GRH_61838.asset","Assets/AOMigrator/MapVisualV063/Textures/tex_5087.png",".png",1,1,1,1,1,"","Predominio verde 0.54, sat 0.63"
"OK",61839,"GRH 61839 (tex_5087.png)",3,3,78,"Grass","Grass",1.000,1,"Assets/AOMigrator/MapVisualV063/Generated/Sprites/GRH_61839.asset","Assets/AOMigrator/MapVisualV063/Textures/tex_5087.png",".png",1,1,1,1,1,"","Predominio verde 0.47, sat 0.57"
"OK",61848,"GRH 61848 (tex_5087.png)",3,3,78,"Floor","Floor",1.000,1,"Assets/AOMigrator/MapVisualV063/Generated/Sprites/GRH_61848.asset","Assets/AOMigrator/MapVisualV063/Textures/tex_5087.png",".png",1,1,1,1,1,"","Piso marrón sólido; marrón 0.95, cobertura 1.00"
"OK",61849,"GRH 61849 (tex_5087.png)",3,3,78,"Floor","Floor",1.000,1,"Assets/AOMigrator/MapVisualV063/Generated/Sprites/GRH_61849.asset","Assets/AOMigrator/MapVisualV063/Textures/tex_5087.png",".png",1,1,1,1,1,"","Piso marrón sólido; marrón 0.87, cobertura 1.00"
"OK",61850,"GRH 61850 (tex_5087.png)",3,3,78,"Floor","Floor",1.000,1,"Assets/AOMigrator/MapVisualV063/Generated/Sprites/GRH_61850.asset","Assets/AOMigrator/MapVisualV063/Textures/tex_5087.png",".png",1,1,1,1,1,"","Piso marrón sólido; marrón 0.90, cobertura 1.00"
"OK",61875,"GRH 61875 (tex_5087.png)",3,3,78,"Grass","Grass",1.000,1,"Assets/AOMigrator/MapVisualV063/Generated/Sprites/GRH_61875.asset","Assets/AOMigrator/MapVisualV063/Textures/tex_5087.png",".png",1,1,1,1,1,"","Predominio verde 0.84, sat 0.67"
"OK",48775,"GRH 48775 (tex_5067.png)",24,2,74,"Dirt","Dirt",1.000,1,"Assets/AOMigrator/MapVisualV063/Generated/Sprites/GRH_48775.asset","Assets/AOMigrator/MapVisualV063/Textures/tex_5067.png",".png",1,1,1,1,1,"","Predominio marrón 1.00, sat 0.70"
"OK",48777,"GRH 48777 (tex_5067.png)",24,2,74,"Dirt","Dirt",1.000,1,"Assets/AOMigrator/MapVisualV063/Generated/Sprites/GRH_48777.asset","Assets/AOMigrator/MapVisualV063/Textures/tex_5067.png",".png",1,1,1,1,1,"","Predominio marrón 1.00, sat 0.70"
"OK",48774,"GRH 48774 (tex_5067.png)",20,2,70,"Dirt","Dirt",1.000,1,"Assets/AOMigrator/MapVisualV063/Generated/Sprites/GRH_48774.asset","Assets/AOMigrator/MapVisualV063/Textures/tex_5067.png",".png",1,1,1,1,1,"","Predominio marrón 1.00, sat 0.70"
"OK",48776,"GRH 48776 (tex_5067.png)",20,2,70,"Dirt","Dirt",1.000,1,"Assets/AOMigrator/MapVisualV063/Generated/Sprites/GRH_48776.asset","Assets/AOMigrator/MapVisualV063/Textures/tex_5067.png",".png",1,1,1,1,1,"","Predominio marrón 1.00, sat 0.70"
"OK",1284,"GRH 1284 (tex_5133.png)",18,2,68,"Floor","Floor",1.000,1,"Assets/AOMigrator/MapVisualV063/Generated/Sprites/GRH_1284.asset","Assets/Resources/AOMigrator/WorldV07/Textures/tex_5133.png",".png",1,1,1,1,1,"","Piso marrón sólido; marrón 1.00, cobertura 1.00"
"OK",1285,"GRH 1285 (tex_5133.png)",18,2,68,"Floor","Floor",1.000,1,"Assets/AOMigrator/MapVisualV063/Generated/Sprites/GRH_1285.asset","Assets/Resources/AOMigrator/WorldV07/Textures/tex_5133.png",".png",1,1,1,1,1,"","Piso marrón sólido; marrón 1.00, cobertura 1.00"
"OK",1286,"GRH 1286 (tex_5133.png)",17,2,67,"Floor","Floor",1.000,1,"Assets/AOMigrator/MapVisualV063/Generated/Sprites/GRH_1286.asset","Assets/Resources/AOMigrator/WorldV07/Textures/tex_5133.png",".png",1,1,1,1,1,"","Piso marrón sólido; marrón 1.00, cobertura 1.00"
"OK",1288,"GRH 1288 (tex_5133.png)",17,2,67,"Floor","Floor",1.000,1,"Assets/AOMigrator/MapVisualV063/Generated/Sprites/GRH_1288.asset","Assets/Resources/AOMigrator/WorldV07/Textures/tex_5133.png",".png",1,1,1,1,1,"","Piso marrón sólido; marrón 1.00, cobertura 1.00"
"OK",1292,"GRH 1292 (tex_5133.png)",17,2,67,"Floor","Floor",1.000,1,"Assets/AOMigrator/MapVisualV063/Generated/Sprites/GRH_1292.asset","Assets/Resources/AOMigrator/WorldV07/Textures/tex_5133.png",".png",1,1,1,1,1,"","Piso marrón sólido; marrón 1.00, cobertura 1.00"
"OK",1296,"GRH 1296 (tex_5133.png)",17,2,67,"Floor","Floor",1.000,1,"Assets/AOMigrator/MapVisualV063/Generated/Sprites/GRH_1296.asset","Assets/Resources/AOMigrator/WorldV07/Textures/tex_5133.png",".png",1,1,1,1,1,"","Piso marrón sólido; marrón 1.00, cobertura 1.00"
"OK",1287,"GRH 1287 (tex_5133.png)",16,2,66,"Floor","Floor",1.000,1,"Assets/AOMigrator/MapVisualV063/Generated/Sprites/GRH_1287.asset","Assets/Resources/AOMigrator/WorldV07/Textures/tex_5133.png",".png",1,1,1,1,1,"","Piso marrón sólido; marrón 1.00, cobertura 1.00"
"OK",1289,"GRH 1289 (tex_5133.png)",16,2,66,"Floor","Floor",1.000,1,"Assets/AOMigrator/MapVisualV063/Generated/Sprites/GRH_1289.asset","Assets/Resources/AOMigrator/WorldV07/Textures/tex_5133.png",".png",1,1,1,1,1,"","Piso marrón sólido; marrón 0.99, cobertura 1.00"
"OK",1290,"GRH 1290 (tex_5133.png)",16,2,66,"Floor","Floor",1.000,1,"Assets/AOMigrator/MapVisualV063/Generated/Sprites/GRH_1290.asset","Assets/Resources/AOMigrator/WorldV07/Textures/tex_5133.png",".png",1,1,1,1,1,"","Piso marrón sólido; marrón 1.00, cobertura 1.00"
"OK",1291,"GRH 1291 (tex_5133.png)",16,2,66,"Floor","Floor",1.000,1,"Assets/AOMigrator/MapVisualV063/Generated/Sprites/GRH_1291.asset","Assets/Resources/AOMigrator/WorldV07/Textures/tex_5133.png",".png",1,1,1,1,1,"","Piso marrón sólido; marrón 1.00, cobertura 1.00"
"OK",1293,"GRH 1293 (tex_5133.png)",16,2,66,"Floor","Floor",1.000,1,"Assets/AOMigrator/MapVisualV063/Generated/Sprites/GRH_1293.asset","Assets/Resources/AOMigrator/WorldV07/Textures/tex_5133.png",".png",1,1,1,1,1,"","Piso marrón sólido; marrón 0.99, cobertura 1.00"
"OK",1294,"GRH 1294 (tex_5133.png)",16,2,66,"Floor","Floor",1.000,1,"Assets/AOMigrator/MapVisualV063/Generated/Sprites/GRH_1294.asset","Assets/Resources/AOMigrator/WorldV07/Textures/tex_5133.png",".png",1,1,1,1,1,"","Piso marrón sólido; marrón 0.99, cobertura 1.00"
"OK",1295,"GRH 1295 (tex_5133.png)",16,2,66,"Floor","Floor",1.000,1,"Assets/AOMigrator/MapVisualV063/Generated/Sprites/GRH_1295.asset","Assets/Resources/AOMigrator/WorldV07/Textures/tex_5133.png",".png",1,1,1,1,1,"","Piso marrón sólido; marrón 1.00, cobertura 1.00"
"OK",1297,"GRH 1297 (tex_5133.png)",16,2,66,"Floor","Floor",1.000,1,"Assets/AOMigrator/MapVisualV063/Generated/Sprites/GRH_1297.asset","Assets/Resources/AOMigrator/WorldV07/Textures/tex_5133.png",".png",1,1,1,1,1,"","Piso marrón sólido; marrón 1.00, cobertura 1.00"
"OK",1298,"GRH 1298 (tex_5133.png)",16,2,66,"Floor","Floor",1.000,1,"Assets/AOMigrator/MapVisualV063/Generated/Sprites/GRH_1298.asset","Assets/Resources/AOMigrator/WorldV07/Textures/tex_5133.png",".png",1,1,1,1,1,"","Piso marrón sólido; marrón 1.00, cobertura 1.00"
"OK",1299,"GRH 1299 (tex_5133.png)",16,2,66,"Floor","Floor",1.000,1,"Assets/AOMigrator/MapVisualV063/Generated/Sprites/GRH_1299.asset","Assets/Resources/AOMigrator/WorldV07/Textures/tex_5133.png",".png",1,1,1,1,1,"","Piso marrón sólido; marrón 0.99, cobertura 1.00"
"OK",15299,"GRH 15299 (tex_5095.png)",39,1,64,"Transition","Transition",0.813,1,"Assets/AOMigrator/MapVisualV063/Generated/Sprites/GRH_15299.asset","Assets/Resources/AOMigrator/WorldV07/Textures/tex_5095.png",".png",1,1,1,1,1,"","Transición: Layer2 100%, cobertura 93%, edge 0.16"
"OK",1353,"GRH 1353 (tex_5133.png)",13,2,63,"Floor","Floor",1.000,1,"Assets/AOMigrator/MapVisualV063/Generated/Sprites/GRH_1353.asset","Assets/Resources/AOMigrator/WorldV07/Textures/tex_5133.png",".png",1,1,1,1,1,"","Piso marrón sólido; marrón 0.97, cobertura 1.00"
"OK",1354,"GRH 1354 (tex_5133.png)",13,2,63,"Floor","Floor",1.000,1,"Assets/AOMigrator/MapVisualV063/Generated/Sprites/GRH_1354.asset","Assets/Resources/AOMigrator/WorldV07/Textures/tex_5133.png",".png",1,1,1,1,1,"","Piso marrón sólido; marrón 1.00, cobertura 1.00"
"OK",1355,"GRH 1355 (tex_5133.png)",13,2,63,"Floor","Floor",1.000,1,"Assets/AOMigrator/MapVisualV063/Generated/Sprites/GRH_1355.asset","Assets/Resources/AOMigrator/WorldV07/Textures/tex_5133.png",".png",1,1,1,1,1,"","Piso marrón sólido; marrón 0.99, cobertura 1.00"
"OK",1357,"GRH 1357 (tex_5133.png)",13,2,63,"Floor","Floor",1.000,1,"Assets/AOMigrator/MapVisualV063/Generated/Sprites/GRH_1357.asset","Assets/Resources/AOMigrator/WorldV07/Textures/tex_5133.png",".png",1,1,1,1,1,"","Piso marrón sólido; marrón 0.99, cobertura 1.00"
"OK",1358,"GRH 1358 (tex_5133.png)",13,2,63,"Floor","Floor",1.000,1,"Assets/AOMigrator/MapVisualV063/Generated/Sprites/GRH_1358.asset","Assets/Resources/AOMigrator/WorldV07/Textures/tex_5133.png",".png",1,1,1,1,1,"","Piso marrón sólido; marrón 1.00, cobertura 1.00"
"OK",1359,"GRH 1359 (tex_5133.png)",13,2,63,"Floor","Floor",1.000,1,"Assets/AOMigrator/MapVisualV063/Generated/Sprites/GRH_1359.asset","Assets/Resources/AOMigrator/WorldV07/Textures/tex_5133.png",".png",1,1,1,1,1,"","Piso marrón sólido; marrón 1.00, cobertura 1.00"
"OK",1535,"GRH 1535 (tex_5133.png)",13,2,63,"Floor","Floor",1.000,1,"Assets/AOMigrator/MapVisualV063/Generated/Sprites/GRH_1535.asset","Assets/Resources/AOMigrator/WorldV07/Textures/tex_5133.png",".png",1,1,1,1,1,"","Piso marrón sólido; marrón 1.00, cobertura 1.00"
"OK",1536,"GRH 1536 (tex_5133.png)",13,2,63,"Floor","Floor",1.000,1,"Assets/AOMigrator/MapVisualV063/Generated/Sprites/GRH_1536.asset","Assets/Resources/AOMigrator/WorldV07/Textures/tex_5133.png",".png",1,1,1,1,1,"","Piso marrón sólido; marrón 1.00, cobertura 1.00"
"OK",1537,"GRH 1537 (tex_5133.png)",13,2,63,"Floor","Floor",1.000,1,"Assets/AOMigrator/MapVisualV063/Generated/Sprites/GRH_1537.asset","Assets/Resources/AOMigrator/WorldV07/Textures/tex_5133.png",".png",1,1,1,1,1,"","Piso marrón sólido; marrón 1.00, cobertura 1.00"
"OK",1352,"GRH 1352 (tex_5133.png)",12,2,62,"Floor","Floor",1.000,1,"Assets/AOMigrator/MapVisualV063/Generated/Sprites/GRH_1352.asset","Assets/Resources/AOMigrator/WorldV07/Textures/tex_5133.png",".png",1,1,1,1,1,"","Piso marrón sólido; marrón 1.00, cobertura 1.00"
"OK",1356,"GRH 1356 (tex_5133.png)",12,2,62,"Floor","Floor",1.000,1,"Assets/AOMigrator/MapVisualV063/Generated/Sprites/GRH_1356.asset","Assets/Resources/AOMigrator/WorldV07/Textures/tex_5133.png",".png",1,1,1,1,1,"","Piso marrón sólido; marrón 1.00, cobertura 1.00"
"OK",1363,"GRH 1363 (tex_5133.png)",12,2,62,"Floor","Floor",1.000,1,"Assets/AOMigrator/MapVisualV063/Generated/Sprites/GRH_1363.asset","Assets/Resources/AOMigrator/WorldV07/Textures/tex_5133.png",".png",1,1,1,1,1,"","Piso marrón sólido; marrón 1.00, cobertura 1.00"
"OK",1523,"GRH 1523 (tex_5133.png)",12,2,62,"Floor","Floor",1.000,1,"Assets/AOMigrator/MapVisualV063/Generated/Sprites/GRH_1523.asset","Assets/Resources/AOMigrator/WorldV07/Textures/tex_5133.png",".png",1,1,1,1,1,"","Piso marrón sólido; marrón 1.00, cobertura 1.00"
"OK",1524,"GRH 1524 (tex_5133.png)",12,2,62,"Floor","Floor",1.000,1,"Assets/AOMigrator/MapVisualV063/Generated/Sprites/GRH_1524.asset","Assets/Resources/AOMigrator/WorldV07/Textures/tex_5133.png",".png",1,1,1,1,1,"","Piso marrón sólido; marrón 1.00, cobertura 1.00"
"OK",1525,"GRH 1525 (tex_5133.png)",12,2,62,"Floor","Floor",1.000,1,"Assets/AOMigrator/MapVisualV063/Generated/Sprites/GRH_1525.asset","Assets/Resources/AOMigrator/WorldV07/Textures/tex_5133.png",".png",1,1,1,1,1,"","Piso marrón sólido; marrón 1.00, cobertura 1.00"
"OK",1527,"GRH 1527 (tex_5133.png)",12,2,62,"Floor","Floor",1.000,1,"Assets/AOMigrator/MapVisualV063/Generated/Sprites/GRH_1527.asset","Assets/Resources/AOMigrator/WorldV07/Textures/tex_5133.png",".png",1,1,1,1,1,"","Piso marrón sólido; marrón 1.00, cobertura 1.00"
"OK",1528,"GRH 1528 (tex_5133.png)",12,2,62,"Floor","Floor",1.000,1,"Assets/AOMigrator/MapVisualV063/Generated/Sprites/GRH_1528.asset","Assets/Resources/AOMigrator/WorldV07/Textures/tex_5133.png",".png",1,1,1,1,1,"","Piso marrón sólido; marrón 1.00, cobertura 1.00"
"OK",1529,"GRH 1529 (tex_5133.png)",12,2,62,"Floor","Floor",1.000,1,"Assets/AOMigrator/MapVisualV063/Generated/Sprites/GRH_1529.asset","Assets/Resources/AOMigrator/WorldV07/Textures/tex_5133.png",".png",1,1,1,1,1,"","Piso marrón sólido; marrón 1.00, cobertura 1.00"
"OK",1531,"GRH 1531 (tex_5133.png)",12,2,62,"Floor","Floor",1.000,1,"Assets/AOMigrator/MapVisualV063/Generated/Sprites/GRH_1531.asset","Assets/Resources/AOMigrator/WorldV07/Textures/tex_5133.png",".png",1,1,1,1,1,"","Piso marrón sólido; marrón 1.00, cobertura 1.00"
"OK",1532,"GRH 1532 (tex_5133.png)",12,2,62,"Floor","Floor",1.000,1,"Assets/AOMigrator/MapVisualV063/Generated/Sprites/GRH_1532.asset","Assets/Resources/AOMigrator/WorldV07/Textures/tex_5133.png",".png",1,1,1,1,1,"","Piso marrón sólido; marrón 1.00, cobertura 1.00"
"OK",1533,"GRH 1533 (tex_5133.png)",12,2,62,"Floor","Floor",1.000,1,"Assets/AOMigrator/MapVisualV063/Generated/Sprites/GRH_1533.asset","Assets/Resources/AOMigrator/WorldV07/Textures/tex_5133.png",".png",1,1,1,1,1,"","Piso marrón sólido; marrón 1.00, cobertura 1.00"
"OK",1534,"GRH 1534 (tex_5133.png)",12,2,62,"Floor","Floor",1.000,1,"Assets/AOMigrator/MapVisualV063/Generated/Sprites/GRH_1534.asset","Assets/Resources/AOMigrator/WorldV07/Textures/tex_5133.png",".png",1,1,1,1,1,"","Piso marrón sólido; marrón 1.00, cobertura 1.00"
"OK",1349,"GRH 1349 (tex_5133.png)",11,2,61,"Floor","Floor",1.000,1,"Assets/AOMigrator/MapVisualV063/Generated/Sprites/GRH_1349.asset","Assets/Resources/AOMigrator/WorldV07/Textures/tex_5133.png",".png",1,1,1,1,1,"","Piso marrón sólido; marrón 0.99, cobertura 1.00"
"OK",1351,"GRH 1351 (tex_5133.png)",11,2,61,"Floor","Floor",1.000,1,"Assets/AOMigrator/MapVisualV063/Generated/Sprites/GRH_1351.asset","Assets/Resources/AOMigrator/WorldV07/Textures/tex_5133.png",".png",1,1,1,1,1,"","Piso marrón sólido; marrón 0.99, cobertura 1.00"
"OK",1361,"GRH 1361 (tex_5133.png)",11,2,61,"Floor","Floor",1.000,1,"Assets/AOMigrator/MapVisualV063/Generated/Sprites/GRH_1361.asset","Assets/Resources/AOMigrator/WorldV07/Textures/tex_5133.png",".png",1,1,1,1,1,"","Piso marrón sólido; marrón 1.00, cobertura 1.00"
"OK",1362,"GRH 1362 (tex_5133.png)",11,2,61,"Floor","Floor",1.000,1,"Assets/AOMigrator/MapVisualV063/Generated/Sprites/GRH_1362.asset","Assets/Resources/AOMigrator/WorldV07/Textures/tex_5133.png",".png",1,1,1,1,1,"","Piso marrón sólido; marrón 0.99, cobertura 1.00"
"OK",1522,"GRH 1522 (tex_5133.png)",11,2,61,"Floor","Floor",1.000,1,"Assets/AOMigrator/MapVisualV063/Generated/Sprites/GRH_1522.asset","Assets/Resources/AOMigrator/WorldV07/Textures/tex_5133.png",".png",1,1,1,1,1,"","Piso marrón sólido; marrón 1.00, cobertura 1.00"
"OK",1526,"GRH 1526 (tex_5133.png)",11,2,61,"Floor","Floor",1.000,1,"Assets/AOMigrator/MapVisualV063/Generated/Sprites/GRH_1526.asset","Assets/Resources/AOMigrator/WorldV07/Textures/tex_5133.png",".png",1,1,1,1,1,"","Piso marrón sólido; marrón 1.00, cobertura 1.00"
"OK",1530,"GRH 1530 (tex_5133.png)",11,2,61,"Floor","Floor",1.000,1,"Assets/AOMigrator/MapVisualV063/Generated/Sprites/GRH_1530.asset","Assets/Resources/AOMigrator/WorldV07/Textures/tex_5133.png",".png",1,1,1,1,1,"","Piso marrón sólido; marrón 1.00, cobertura 1.00"
"OK",1348,"GRH 1348 (tex_5133.png)",10,2,60,"Floor","Floor",1.000,1,"Assets/AOMigrator/MapVisualV063/Generated/Sprites/GRH_1348.asset","Assets/Resources/AOMigrator/WorldV07/Textures/tex_5133.png",".png",1,1,1,1,1,"","Piso marrón sólido; marrón 1.00, cobertura 1.00"
"OK",1350,"GRH 1350 (tex_5133.png)",10,2,60,"Floor","Floor",1.000,1,"Assets/AOMigrator/MapVisualV063/Generated/Sprites/GRH_1350.asset","Assets/Resources/AOMigrator/WorldV07/Textures/tex_5133.png",".png",1,1,1,1,1,"","Piso marrón sólido; marrón 1.00, cobertura 1.00"
"OK",1360,"GRH 1360 (tex_5133.png)",10,2,60,"Floor","Floor",1.000,1,"Assets/AOMigrator/MapVisualV063/Generated/Sprites/GRH_1360.asset","Assets/Resources/AOMigrator/WorldV07/Textures/tex_5133.png",".png",1,1,1,1,1,"","Piso marrón sólido; marrón 1.00, cobertura 1.00"
"OK",1139,"GRH 1139 (tex_5133.png)",9,2,59,"Dirt","Dirt",1.000,1,"Assets/AOMigrator/MapVisualV063/Generated/Sprites/GRH_1139.asset","Assets/Resources/AOMigrator/WorldV07/Textures/tex_5133.png",".png",1,1,1,1,1,"","Predominio marrón 0.91, sat 0.77"
"OK",1179,"GRH 1179 (tex_5133.png)",9,2,59,"Transition","Transition",0.920,1,"Assets/AOMigrator/MapVisualV063/Generated/Sprites/GRH_1179.asset","Assets/Resources/AOMigrator/WorldV07/Textures/tex_5133.png",".png",1,1,1,1,1,"","Transición: Layer2 100%, cobertura 33%, edge 0.10"
"OK",1566,"GRH 1566 (tex_5133.png)",8,2,58,"Floor","Floor",1.000,1,"Assets/AOMigrator/MapVisualV063/Generated/Sprites/GRH_1566.asset","Assets/Resources/AOMigrator/WorldV07/Textures/tex_5133.png",".png",1,1,1,1,1,"","Piso marrón sólido; marrón 0.99, cobertura 1.00"
"OK",1567,"GRH 1567 (tex_5133.png)",8,2,58,"Floor","Floor",1.000,1,"Assets/AOMigrator/MapVisualV063/Generated/Sprites/GRH_1567.asset","Assets/Resources/AOMigrator/WorldV07/Textures/tex_5133.png",".png",1,1,1,1,1,"","Piso marrón sólido; marrón 1.00, cobertura 1.00"
"OK",1568,"GRH 1568 (tex_5133.png)",8,2,58,"Floor","Floor",1.000,1,"Assets/AOMigrator/MapVisualV063/Generated/Sprites/GRH_1568.asset","Assets/Resources/AOMigrator/WorldV07/Textures/tex_5133.png",".png",1,1,1,1,1,"","Piso marrón sólido; marrón 1.00, cobertura 1.00"
"OK",1569,"GRH 1569 (tex_5133.png)",8,2,58,"Floor","Floor",1.000,1,"Assets/AOMigrator/MapVisualV063/Generated/Sprites/GRH_1569.asset","Assets/Resources/AOMigrator/WorldV07/Textures/tex_5133.png",".png",1,1,1,1,1,"","Piso marrón sólido; marrón 1.00, cobertura 1.00"
"OK",1132,"GRH 1132 (tex_5133.png)",7,2,57,"Dirt","Dirt",1.000,1,"Assets/AOMigrator/MapVisualV063/Generated/Sprites/GRH_1132.asset","Assets/Resources/AOMigrator/WorldV07/Textures/tex_5133.png",".png",1,1,1,1,1,"","Predominio marrón 0.75, sat 0.66"
"OK",1180,"GRH 1180 (tex_5133.png)",6,2,56,"Transition","Transition",0.917,1,"Assets/AOMigrator/MapVisualV063/Generated/Sprites/GRH_1180.asset","Assets/Resources/AOMigrator/WorldV07/Textures/tex_5133.png",".png",1,1,1,1,1,"","Transición: Layer2 100%, cobertura 35%, edge 0.10"
"OK",1268,"GRH 1268 (tex_5133.png)",6,2,56,"Floor","Floor",1.000,1,"Assets/AOMigrator/MapVisualV063/Generated/Sprites/GRH_1268.asset","Assets/Resources/AOMigrator/WorldV07/Textures/tex_5133.png",".png",1,1,1,1,1,"","Piso marrón sólido; marrón 1.00, cobertura 1.00"
"OK",1269,"GRH 1269 (tex_5133.png)",6,2,56,"Floor","Floor",1.000,1,"Assets/AOMigrator/MapVisualV063/Generated/Sprites/GRH_1269.asset","Assets/Resources/AOMigrator/WorldV07/Textures/tex_5133.png",".png",1,1,1,1,1,"","Piso marrón sólido; marrón 1.00, cobertura 1.00"
"OK",1270,"GRH 1270 (tex_5133.png)",6,2,56,"Floor","Floor",1.000,1,"Assets/AOMigrator/MapVisualV063/Generated/Sprites/GRH_1270.asset","Assets/Resources/AOMigrator/WorldV07/Textures/tex_5133.png",".png",1,1,1,1,1,"","Piso marrón sólido; marrón 1.00, cobertura 1.00"
"OK",1271,"GRH 1271 (tex_5133.png)",6,2,56,"Floor","Floor",1.000,1,"Assets/AOMigrator/MapVisualV063/Generated/Sprites/GRH_1271.asset","Assets/Resources/AOMigrator/WorldV07/Textures/tex_5133.png",".png",1,1,1,1,1,"","Piso marrón sólido; marrón 1.00, cobertura 1.00"
"OK",1272,"GRH 1272 (tex_5133.png)",6,2,56,"Floor","Floor",1.000,1,"Assets/AOMigrator/MapVisualV063/Generated/Sprites/GRH_1272.asset","Assets/Resources/AOMigrator/WorldV07/Textures/tex_5133.png",".png",1,1,1,1,1,"","Piso marrón sólido; marrón 1.00, cobertura 1.00"
"OK",1273,"GRH 1273 (tex_5133.png)",6,2,56,"Floor","Floor",1.000,1,"Assets/AOMigrator/MapVisualV063/Generated/Sprites/GRH_1273.asset","Assets/Resources/AOMigrator/WorldV07/Textures/tex_5133.png",".png",1,1,1,1,1,"","Piso marrón sólido; marrón 1.00, cobertura 1.00"
"OK",1274,"GRH 1274 (tex_5133.png)",6,2,56,"Floor","Floor",1.000,1,"Assets/AOMigrator/MapVisualV063/Generated/Sprites/GRH_1274.asset","Assets/Resources/AOMigrator/WorldV07/Textures/tex_5133.png",".png",1,1,1,1,1,"","Piso marrón sólido; marrón 1.00, cobertura 1.00"
"OK",1275,"GRH 1275 (tex_5133.png)",6,2,56,"Floor","Floor",1.000,1,"Assets/AOMigrator/MapVisualV063/Generated/Sprites/GRH_1275.asset","Assets/Resources/AOMigrator/WorldV07/Textures/tex_5133.png",".png",1,1,1,1,1,"","Piso marrón sólido; marrón 1.00, cobertura 1.00"
"OK",1277,"GRH 1277 (tex_5133.png)",6,2,56,"Floor","Floor",1.000,1,"Assets/AOMigrator/MapVisualV063/Generated/Sprites/GRH_1277.asset","Assets/Resources/AOMigrator/WorldV07/Textures/tex_5133.png",".png",1,1,1,1,1,"","Piso marrón sólido; marrón 1.00, cobertura 1.00"
"OK",1278,"GRH 1278 (tex_5133.png)",6,2,56,"Floor","Floor",1.000,1,"Assets/AOMigrator/MapVisualV063/Generated/Sprites/GRH_1278.asset","Assets/Resources/AOMigrator/WorldV07/Textures/tex_5133.png",".png",1,1,1,1,1,"","Piso marrón sólido; marrón 1.00, cobertura 1.00"
"OK",1279,"GRH 1279 (tex_5133.png)",6,2,56,"Floor","Floor",1.000,1,"Assets/AOMigrator/MapVisualV063/Generated/Sprites/GRH_1279.asset","Assets/Resources/AOMigrator/WorldV07/Textures/tex_5133.png",".png",1,1,1,1,1,"","Piso marrón sólido; marrón 1.00, cobertura 1.00"
"OK",1281,"GRH 1281 (tex_5133.png)",6,2,56,"Floor","Floor",1.000,1,"Assets/AOMigrator/MapVisualV063/Generated/Sprites/GRH_1281.asset","Assets/Resources/AOMigrator/WorldV07/Textures/tex_5133.png",".png",1,1,1,1,1,"","Piso marrón sólido; marrón 1.00, cobertura 1.00"
"OK",1282,"GRH 1282 (tex_5133.png)",6,2,56,"Floor","Floor",1.000,1,"Assets/AOMigrator/MapVisualV063/Generated/Sprites/GRH_1282.asset","Assets/Resources/AOMigrator/WorldV07/Textures/tex_5133.png",".png",1,1,1,1,1,"","Piso marrón sólido; marrón 1.00, cobertura 1.00"
"OK",1283,"GRH 1283 (tex_5133.png)",6,2,56,"Floor","Floor",1.000,1,"Assets/AOMigrator/MapVisualV063/Generated/Sprites/GRH_1283.asset","Assets/Resources/AOMigrator/WorldV07/Textures/tex_5133.png",".png",1,1,1,1,1,"","Piso marrón sólido; marrón 1.00, cobertura 1.00"
"OK",1302,"GRH 1302 (tex_5133.png)",6,2,56,"Floor","Floor",1.000,1,"Assets/AOMigrator/MapVisualV063/Generated/Sprites/GRH_1302.asset","Assets/Resources/AOMigrator/WorldV07/Textures/tex_5133.png",".png",1,1,1,1,1,"","Piso marrón sólido; marrón 0.96, cobertura 1.00"
"OK",1303,"GRH 1303 (tex_5133.png)",6,2,56,"Floor","Floor",1.000,1,"Assets/AOMigrator/MapVisualV063/Generated/Sprites/GRH_1303.asset","Assets/Resources/AOMigrator/WorldV07/Textures/tex_5133.png",".png",1,1,1,1,1,"","Piso marrón sólido; marrón 1.00, cobertura 1.00"
"OK",1304,"GRH 1304 (tex_5133.png)",6,2,56,"Floor","Floor",1.000,1,"Assets/AOMigrator/MapVisualV063/Generated/Sprites/GRH_1304.asset","Assets/Resources/AOMigrator/WorldV07/Textures/tex_5133.png",".png",1,1,1,1,1,"","Piso marrón sólido; marrón 1.00, cobertura 1.00"
"OK",1305,"GRH 1305 (tex_5133.png)",6,2,56,"Floor","Floor",1.000,1,"Assets/AOMigrator/MapVisualV063/Generated/Sprites/GRH_1305.asset","Assets/Resources/AOMigrator/WorldV07/Textures/tex_5133.png",".png",1,1,1,1,1,"","Piso marrón sólido; marrón 0.97, cobertura 1.00"
"OK",1306,"GRH 1306 (tex_5133.png)",6,2,56,"Floor","Floor",1.000,1,"Assets/AOMigrator/MapVisualV063/Generated/Sprites/GRH_1306.asset","Assets/Resources/AOMigrator/WorldV07/Textures/tex_5133.png",".png",1,1,1,1,1,"","Piso marrón sólido; marrón 0.99, cobertura 1.00"
"OK",1307,"GRH 1307 (tex_5133.png)",6,2,56,"Floor","Floor",1.000,1,"Assets/AOMigrator/MapVisualV063/Generated/Sprites/GRH_1307.asset","Assets/Resources/AOMigrator/WorldV07/Textures/tex_5133.png",".png",1,1,1,1,1,"","Piso marrón sólido; marrón 1.00, cobertura 1.00"
"OK",1308,"GRH 1308 (tex_5133.png)",6,2,56,"Floor","Floor",1.000,1,"Assets/AOMigrator/MapVisualV063/Generated/Sprites/GRH_1308.asset","Assets/Resources/AOMigrator/WorldV07/Textures/tex_5133.png",".png",1,1,1,1,1,"","Piso marrón sólido; marrón 1.00, cobertura 1.00"
"OK",1309,"GRH 1309 (tex_5133.png)",6,2,56,"Floor","Floor",1.000,1,"Assets/AOMigrator/MapVisualV063/Generated/Sprites/GRH_1309.asset","Assets/Resources/AOMigrator/WorldV07/Textures/tex_5133.png",".png",1,1,1,1,1,"","Piso marrón sólido; marrón 0.99, cobertura 1.00"
"OK",1310,"GRH 1310 (tex_5133.png)",6,2,56,"Floor","Floor",1.000,1,"Assets/AOMigrator/MapVisualV063/Generated/Sprites/GRH_1310.asset","Assets/Resources/AOMigrator/WorldV07/Textures/tex_5133.png",".png",1,1,1,1,1,"","Piso marrón sólido; marrón 1.00, cobertura 1.00"
"OK",1311,"GRH 1311 (tex_5133.png)",6,2,56,"Floor","Floor",1.000,1,"Assets/AOMigrator/MapVisualV063/Generated/Sprites/GRH_1311.asset","Assets/Resources/AOMigrator/WorldV07/Textures/tex_5133.png",".png",1,1,1,1,1,"","Piso marrón sólido; marrón 0.98, cobertura 1.00"
"OK",1312,"GRH 1312 (tex_5133.png)",6,2,56,"Floor","Floor",1.000,1,"Assets/AOMigrator/MapVisualV063/Generated/Sprites/GRH_1312.asset","Assets/Resources/AOMigrator/WorldV07/Textures/tex_5133.png",".png",1,1,1,1,1,"","Piso marrón sólido; marrón 1.00, cobertura 1.00"
"OK",1313,"GRH 1313 (tex_5133.png)",6,2,56,"Floor","Floor",1.000,1,"Assets/AOMigrator/MapVisualV063/Generated/Sprites/GRH_1313.asset","Assets/Resources/AOMigrator/WorldV07/Textures/tex_5133.png",".png",1,1,1,1,1,"","Piso marrón sólido; marrón 1.00, cobertura 1.00"
"OK",1314,"GRH 1314 (tex_5133.png)",6,2,56,"Floor","Floor",1.000,1,"Assets/AOMigrator/MapVisualV063/Generated/Sprites/GRH_1314.asset","Assets/Resources/AOMigrator/WorldV07/Textures/tex_5133.png",".png",1,1,1,1,1,"","Piso marrón sólido; marrón 1.00, cobertura 1.00"
"OK",1315,"GRH 1315 (tex_5133.png)",6,2,56,"Floor","Floor",1.000,1,"Assets/AOMigrator/MapVisualV063/Generated/Sprites/GRH_1315.asset","Assets/Resources/AOMigrator/WorldV07/Textures/tex_5133.png",".png",1,1,1,1,1,"","Piso marrón sólido; marrón 0.99, cobertura 1.00"
"OK",1554,"GRH 1554 (tex_5133.png)",6,2,56,"Floor","Floor",1.000,1,"Assets/AOMigrator/MapVisualV063/Generated/Sprites/GRH_1554.asset","Assets/Resources/AOMigrator/WorldV07/Textures/tex_5133.png",".png",1,1,1,1,1,"","Piso marrón sólido; marrón 0.98, cobertura 1.00"
"OK",1555,"GRH 1555 (tex_5133.png)",6,2,56,"Floor","Floor",1.000,1,"Assets/AOMigrator/MapVisualV063/Generated/Sprites/GRH_1555.asset","Assets/Resources/AOMigrator/WorldV07/Textures/tex_5133.png",".png",1,1,1,1,1,"","Piso marrón sólido; marrón 1.00, cobertura 1.00"
"OK",1556,"GRH 1556 (tex_5133.png)",6,2,56,"Floor","Floor",1.000,1,"Assets/AOMigrator/MapVisualV063/Generated/Sprites/GRH_1556.asset","Assets/Resources/AOMigrator/WorldV07/Textures/tex_5133.png",".png",1,1,1,1,1,"","Piso marrón sólido; marrón 0.99, cobertura 1.00"
"OK",1557,"GRH 1557 (tex_5133.png)",6,2,56,"Floor","Floor",1.000,1,"Assets/AOMigrator/MapVisualV063/Generated/Sprites/GRH_1557.asset","Assets/Resources/AOMigrator/WorldV07/Textures/tex_5133.png",".png",1,1,1,1,1,"","Piso marrón sólido; marrón 1.00, cobertura 1.00"
"OK",1558,"GRH 1558 (tex_5133.png)",6,2,56,"Floor","Floor",1.000,1,"Assets/AOMigrator/MapVisualV063/Generated/Sprites/GRH_1558.asset","Assets/Resources/AOMigrator/WorldV07/Textures/tex_5133.png",".png",1,1,1,1,1,"","Piso marrón sólido; marrón 1.00, cobertura 1.00"
"OK",1559,"GRH 1559 (tex_5133.png)",6,2,56,"Floor","Floor",1.000,1,"Assets/AOMigrator/MapVisualV063/Generated/Sprites/GRH_1559.asset","Assets/Resources/AOMigrator/WorldV07/Textures/tex_5133.png",".png",1,1,1,1,1,"","Piso marrón sólido; marrón 1.00, cobertura 1.00"
"OK",1560,"GRH 1560 (tex_5133.png)",6,2,56,"Floor","Floor",1.000,1,"Assets/AOMigrator/MapVisualV063/Generated/Sprites/GRH_1560.asset","Assets/Resources/AOMigrator/WorldV07/Textures/tex_5133.png",".png",1,1,1,1,1,"","Piso marrón sólido; marrón 1.00, cobertura 1.00"
"OK",1561,"GRH 1561 (tex_5133.png)",6,2,56,"Floor","Floor",1.000,1,"Assets/AOMigrator/MapVisualV063/Generated/Sprites/GRH_1561.asset","Assets/Resources/AOMigrator/WorldV07/Textures/tex_5133.png",".png",1,1,1,1,1,"","Piso marrón sólido; marrón 0.99, cobertura 1.00"
"OK",1562,"GRH 1562 (tex_5133.png)",6,2,56,"Floor","Floor",1.000,1,"Assets/AOMigrator/MapVisualV063/Generated/Sprites/GRH_1562.asset","Assets/Resources/AOMigrator/WorldV07/Textures/tex_5133.png",".png",1,1,1,1,1,"","Piso marrón sólido; marrón 0.99, cobertura 1.00"
"OK",1563,"GRH 1563 (tex_5133.png)",6,2,56,"Floor","Floor",1.000,1,"Assets/AOMigrator/MapVisualV063/Generated/Sprites/GRH_1563.asset","Assets/Resources/AOMigrator/WorldV07/Textures/tex_5133.png",".png",1,1,1,1,1,"","Piso marrón sólido; marrón 0.99, cobertura 1.00"
"OK",1564,"GRH 1564 (tex_5133.png)",6,2,56,"Floor","Floor",1.000,1,"Assets/AOMigrator/MapVisualV063/Generated/Sprites/GRH_1564.asset","Assets/Resources/AOMigrator/WorldV07/Textures/tex_5133.png",".png",1,1,1,1,1,"","Piso marrón sólido; marrón 1.00, cobertura 1.00"
"OK",1565,"GRH 1565 (tex_5133.png)",6,2,56,"Floor","Floor",1.000,1,"Assets/AOMigrator/MapVisualV063/Generated/Sprites/GRH_1565.asset","Assets/Resources/AOMigrator/WorldV07/Textures/tex_5133.png",".png",1,1,1,1,1,"","Piso marrón sólido; marrón 0.99, cobertura 1.00"
"OK",15304,"GRH 15304 (tex_5095.png)",31,1,56,"Transition","Transition",0.881,1,"Assets/AOMigrator/MapVisualV063/Generated/Sprites/GRH_15304.asset","Assets/Resources/AOMigrator/WorldV07/Textures/tex_5095.png",".png",1,1,1,1,1,"","Transición: Layer2 100%, cobertura 55%, edge 0.22"
"OK",61009,"GRH 61009 (tex_5087.png)",6,2,56,"Grass","Grass",0.830,1,"Assets/AOMigrator/MapVisualV063/Generated/Sprites/GRH_61009.asset","Assets/AOMigrator/MapVisualV063/Textures/tex_5087.png",".png",1,1,1,1,1,"","Predominio verde 0.28, sat 0.58"
"OK",1124,"GRH 1124 (tex_5133.png)",5,2,55,"Transition","Transition",0.836,1,"Assets/AOMigrator/MapVisualV063/Generated/Sprites/GRH_1124.asset","Assets/Resources/AOMigrator/WorldV07/Textures/tex_5133.png",".png",1,1,1,1,1,"","Transición: Layer2 100%, cobertura 80%, edge 0.06"
"OK",1300,"GRH 1300 (tex_5133.png)",5,2,55,"Floor","Floor",1.000,1,"Assets/AOMigrator/MapVisualV063/Generated/Sprites/GRH_1300.asset","Assets/Resources/AOMigrator/WorldV07/Textures/tex_5133.png",".png",1,1,1,1,1,"","Piso marrón sólido; marrón 1.00, cobertura 1.00"
"OK",1301,"GRH 1301 (tex_5133.png)",5,2,55,"Floor","Floor",1.000,1,"Assets/AOMigrator/MapVisualV063/Generated/Sprites/GRH_1301.asset","Assets/Resources/AOMigrator/WorldV07/Textures/tex_5133.png",".png",1,1,1,1,1,"","Piso marrón sólido; marrón 0.97, cobertura 1.00"
"OK",15303,"GRH 15303 (tex_5095.png)",30,1,55,"Transition","Transition",0.870,1,"Assets/AOMigrator/MapVisualV063/Generated/Sprites/GRH_15303.asset","Assets/Resources/AOMigrator/WorldV07/Textures/tex_5095.png",".png",1,1,1,1,1,"","Transición: Layer2 100%, cobertura 61%, edge 0.19"
"OK",61652,"GRH 61652 (tex_5087.png)",5,2,55,"Grass","Grass",0.970,1,"Assets/AOMigrator/MapVisualV063/Generated/Sprites/GRH_61652.asset","Assets/AOMigrator/MapVisualV063/Textures/tex_5087.png",".png",1,1,1,1,1,"","Predominio verde 0.43, sat 0.67"
"OK",61653,"GRH 61653 (tex_5087.png)",5,2,55,"Floor","Floor",1.000,1,"Assets/AOMigrator/MapVisualV063/Generated/Sprites/GRH_61653.asset","Assets/AOMigrator/MapVisualV063/Textures/tex_5087.png",".png",1,1,1,1,1,"","Piso marrón sólido; marrón 0.84, cobertura 1.00"
"OK",61656,"GRH 61656 (tex_5087.png)",5,2,55,"Grass","Grass",1.000,1,"Assets/AOMigrator/MapVisualV063/Generated/Sprites/GRH_61656.asset","Assets/AOMigrator/MapVisualV063/Textures/tex_5087.png",".png",1,1,1,1,1,"","Predominio verde 0.58, sat 0.68"
"OK",61657,"GRH 61657 (tex_5087.png)",5,2,55,"Grass","Grass",1.000,1,"Assets/AOMigrator/MapVisualV063/Generated/Sprites/GRH_61657.asset","Assets/AOMigrator/MapVisualV063/Textures/tex_5087.png",".png",1,1,1,1,1,"","Predominio verde 0.62, sat 0.68"
"OK",1367,"GRH 1367 (tex_5133.png)",4,2,54,"Floor","Floor",1.000,1,"Assets/AOMigrator/MapVisualV063/Generated/Sprites/GRH_1367.asset","Assets/Resources/AOMigrator/WorldV07/Textures/tex_5133.png",".png",1,1,1,1,1,"","Piso marrón sólido; marrón 1.00, cobertura 1.00"
"OK",1368,"GRH 1368 (tex_5133.png)",4,2,54,"Floor","Floor",1.000,1,"Assets/AOMigrator/MapVisualV063/Generated/Sprites/GRH_1368.asset","Assets/Resources/AOMigrator/WorldV07/Textures/tex_5133.png",".png",1,1,1,1,1,"","Piso marrón sólido; marrón 1.00, cobertura 1.00"
"OK",1369,"GRH 1369 (tex_5133.png)",4,2,54,"Floor","Floor",1.000,1,"Assets/AOMigrator/MapVisualV063/Generated/Sprites/GRH_1369.asset","Assets/Resources/AOMigrator/WorldV07/Textures/tex_5133.png",".png",1,1,1,1,1,"","Piso marrón sólido; marrón 0.98, cobertura 1.00"
"OK",1370,"GRH 1370 (tex_5133.png)",4,2,54,"Floor","Floor",1.000,1,"Assets/AOMigrator/MapVisualV063/Generated/Sprites/GRH_1370.asset","Assets/Resources/AOMigrator/WorldV07/Textures/tex_5133.png",".png",1,1,1,1,1,"","Piso marrón sólido; marrón 1.00, cobertura 1.00"
"OK",1371,"GRH 1371 (tex_5133.png)",4,2,54,"Floor","Floor",1.000,1,"Assets/AOMigrator/MapVisualV063/Generated/Sprites/GRH_1371.asset","Assets/Resources/AOMigrator/WorldV07/Textures/tex_5133.png",".png",1,1,1,1,1,"","Piso marrón sólido; marrón 1.00, cobertura 1.00"
"OK",1372,"GRH 1372 (tex_5133.png)",4,2,54,"Floor","Floor",1.000,1,"Assets/AOMigrator/MapVisualV063/Generated/Sprites/GRH_1372.asset","Assets/Resources/AOMigrator/WorldV07/Textures/tex_5133.png",".png",1,1,1,1,1,"","Piso marrón sólido; marrón 1.00, cobertura 1.00"
"OK",1373,"GRH 1373 (tex_5133.png)",4,2,54,"Floor","Floor",1.000,1,"Assets/AOMigrator/MapVisualV063/Generated/Sprites/GRH_1373.asset","Assets/Resources/AOMigrator/WorldV07/Textures/tex_5133.png",".png",1,1,1,1,1,"","Piso marrón sólido; marrón 1.00, cobertura 1.00"
"OK",1374,"GRH 1374 (tex_5133.png)",4,2,54,"Floor","Floor",1.000,1,"Assets/AOMigrator/MapVisualV063/Generated/Sprites/GRH_1374.asset","Assets/Resources/AOMigrator/WorldV07/Textures/tex_5133.png",".png",1,1,1,1,1,"","Piso marrón sólido; marrón 1.00, cobertura 1.00"
"OK",1375,"GRH 1375 (tex_5133.png)",4,2,54,"Floor","Floor",1.000,1,"Assets/AOMigrator/MapVisualV063/Generated/Sprites/GRH_1375.asset","Assets/Resources/AOMigrator/WorldV07/Textures/tex_5133.png",".png",1,1,1,1,1,"","Piso marrón sólido; marrón 1.00, cobertura 1.00"
"OK",1376,"GRH 1376 (tex_5133.png)",4,2,54,"Floor","Floor",1.000,1,"Assets/AOMigrator/MapVisualV063/Generated/Sprites/GRH_1376.asset","Assets/Resources/AOMigrator/WorldV07/Textures/tex_5133.png",".png",1,1,1,1,1,"","Piso marrón sólido; marrón 1.00, cobertura 1.00"
"OK",1377,"GRH 1377 (tex_5133.png)",4,2,54,"Floor","Floor",1.000,1,"Assets/AOMigrator/MapVisualV063/Generated/Sprites/GRH_1377.asset","Assets/Resources/AOMigrator/WorldV07/Textures/tex_5133.png",".png",1,1,1,1,1,"","Piso marrón sólido; marrón 1.00, cobertura 1.00"
"OK",1378,"GRH 1378 (tex_5133.png)",4,2,54,"Floor","Floor",1.000,1,"Assets/AOMigrator/MapVisualV063/Generated/Sprites/GRH_1378.asset","Assets/Resources/AOMigrator/WorldV07/Textures/tex_5133.png",".png",1,1,1,1,1,"","Piso marrón sólido; marrón 1.00, cobertura 1.00"
"OK",1379,"GRH 1379 (tex_5133.png)",4,2,54,"Floor","Floor",1.000,1,"Assets/AOMigrator/MapVisualV063/Generated/Sprites/GRH_1379.asset","Assets/Resources/AOMigrator/WorldV07/Textures/tex_5133.png",".png",1,1,1,1,1,"","Piso marrón sólido; marrón 1.00, cobertura 1.00"
"OK",1380,"GRH 1380 (tex_5133.png)",4,2,54,"Floor","Floor",1.000,1,"Assets/AOMigrator/MapVisualV063/Generated/Sprites/GRH_1380.asset","Assets/Resources/AOMigrator/WorldV07/Textures/tex_5133.png",".png",1,1,1,1,1,"","Piso marrón sólido; marrón 1.00, cobertura 1.00"
"OK",1381,"GRH 1381 (tex_5133.png)",4,2,54,"Floor","Floor",1.000,1,"Assets/AOMigrator/MapVisualV063/Generated/Sprites/GRH_1381.asset","Assets/Resources/AOMigrator/WorldV07/Textures/tex_5133.png",".png",1,1,1,1,1,"","Piso marrón sólido; marrón 1.00, cobertura 1.00"
"OK",1382,"GRH 1382 (tex_5133.png)",4,2,54,"Floor","Floor",1.000,1,"Assets/AOMigrator/MapVisualV063/Generated/Sprites/GRH_1382.asset","Assets/Resources/AOMigrator/WorldV07/Textures/tex_5133.png",".png",1,1,1,1,1,"","Piso marrón sólido; marrón 0.99, cobertura 1.00"
"OK",1383,"GRH 1383 (tex_5133.png)",4,2,54,"Floor","Floor",1.000,1,"Assets/AOMigrator/MapVisualV063/Generated/Sprites/GRH_1383.asset","Assets/Resources/AOMigrator/WorldV07/Textures/tex_5133.png",".png",1,1,1,1,1,"","Piso marrón sólido; marrón 0.98, cobertura 1.00"
"OK",1384,"GRH 1384 (tex_5133.png)",4,2,54,"Floor","Floor",1.000,1,"Assets/AOMigrator/MapVisualV063/Generated/Sprites/GRH_1384.asset","Assets/Resources/AOMigrator/WorldV07/Textures/tex_5133.png",".png",1,1,1,1,1,"","Piso marrón sólido; marrón 0.98, cobertura 1.00"
"OK",1385,"GRH 1385 (tex_5133.png)",4,2,54,"Floor","Floor",1.000,1,"Assets/AOMigrator/MapVisualV063/Generated/Sprites/GRH_1385.asset","Assets/Resources/AOMigrator/WorldV07/Textures/tex_5133.png",".png",1,1,1,1,1,"","Piso marrón sólido; marrón 0.98, cobertura 1.00"
"OK",1386,"GRH 1386 (tex_5133.png)",4,2,54,"Floor","Floor",1.000,1,"Assets/AOMigrator/MapVisualV063/Generated/Sprites/GRH_1386.asset","Assets/Resources/AOMigrator/WorldV07/Textures/tex_5133.png",".png",1,1,1,1,1,"","Piso marrón sólido; marrón 0.96, cobertura 1.00"
"OK",1387,"GRH 1387 (tex_5133.png)",4,2,54,"Floor","Floor",1.000,1,"Assets/AOMigrator/MapVisualV063/Generated/Sprites/GRH_1387.asset","Assets/Resources/AOMigrator/WorldV07/Textures/tex_5133.png",".png",1,1,1,1,1,"","Piso marrón sólido; marrón 0.98, cobertura 1.00"
"OK",1388,"GRH 1388 (tex_5133.png)",4,2,54,"Floor","Floor",1.000,1,"Assets/AOMigrator/MapVisualV063/Generated/Sprites/GRH_1388.asset","Assets/Resources/AOMigrator/WorldV07/Textures/tex_5133.png",".png",1,1,1,1,1,"","Piso marrón sólido; marrón 1.00, cobertura 1.00"
"OK",1389,"GRH 1389 (tex_5133.png)",4,2,54,"Floor","Floor",1.000,1,"Assets/AOMigrator/MapVisualV063/Generated/Sprites/GRH_1389.asset","Assets/Resources/AOMigrator/WorldV07/Textures/tex_5133.png",".png",1,1,1,1,1,"","Piso marrón sólido; marrón 1.00, cobertura 1.00"
"OK",1390,"GRH 1390 (tex_5133.png)",4,2,54,"Floor","Floor",1.000,1,"Assets/AOMigrator/MapVisualV063/Generated/Sprites/GRH_1390.asset","Assets/Resources/AOMigrator/WorldV07/Textures/tex_5133.png",".png",1,1,1,1,1,"","Piso marrón sólido; marrón 0.99, cobertura 1.00"
"OK",1391,"GRH 1391 (tex_5133.png)",4,2,54,"Floor","Floor",1.000,1,"Assets/AOMigrator/MapVisualV063/Generated/Sprites/GRH_1391.asset","Assets/Resources/AOMigrator/WorldV07/Textures/tex_5133.png",".png",1,1,1,1,1,"","Piso marrón sólido; marrón 1.00, cobertura 1.00"
"OK",1392,"GRH 1392 (tex_5133.png)",4,2,54,"Floor","Floor",1.000,1,"Assets/AOMigrator/MapVisualV063/Generated/Sprites/GRH_1392.asset","Assets/Resources/AOMigrator/WorldV07/Textures/tex_5133.png",".png",1,1,1,1,1,"","Piso marrón sólido; marrón 1.00, cobertura 1.00"
"OK",1393,"GRH 1393 (tex_5133.png)",4,2,54,"Floor","Floor",1.000,1,"Assets/AOMigrator/MapVisualV063/Generated/Sprites/GRH_1393.asset","Assets/Resources/AOMigrator/WorldV07/Textures/tex_5133.png",".png",1,1,1,1,1,"","Piso marrón sólido; marrón 0.99, cobertura 1.00"
"OK",1394,"GRH 1394 (tex_5133.png)",4,2,54,"Floor","Floor",1.000,1,"Assets/AOMigrator/MapVisualV063/Generated/Sprites/GRH_1394.asset","Assets/Resources/AOMigrator/WorldV07/Textures/tex_5133.png",".png",1,1,1,1,1,"","Piso marrón sólido; marrón 1.00, cobertura 1.00"
"OK",1395,"GRH 1395 (tex_5133.png)",4,2,54,"Floor","Floor",1.000,1,"Assets/AOMigrator/MapVisualV063/Generated/Sprites/GRH_1395.asset","Assets/Resources/AOMigrator/WorldV07/Textures/tex_5133.png",".png",1,1,1,1,1,"","Piso marrón sólido; marrón 1.00, cobertura 1.00"
"OK",1586,"GRH 1586 (tex_5133.png)",4,2,54,"Floor","Floor",1.000,1,"Assets/AOMigrator/MapVisualV063/Generated/Sprites/GRH_1586.asset","Assets/Resources/AOMigrator/WorldV07/Textures/tex_5133.png",".png",1,1,1,1,1,"","Piso marrón sólido; marrón 0.99, cobertura 1.00"
"OK",1587,"GRH 1587 (tex_5133.png)",4,2,54,"Floor","Floor",1.000,1,"Assets/AOMigrator/MapVisualV063/Generated/Sprites/GRH_1587.asset","Assets/Resources/AOMigrator/WorldV07/Textures/tex_5133.png",".png",1,1,1,1,1,"","Piso marrón sólido; marrón 1.00, cobertura 1.00"
"OK",1588,"GRH 1588 (tex_5133.png)",4,2,54,"Floor","Floor",1.000,1,"Assets/AOMigrator/MapVisualV063/Generated/Sprites/GRH_1588.asset","Assets/Resources/AOMigrator/WorldV07/Textures/tex_5133.png",".png",1,1,1,1,1,"","Piso marrón sólido; marrón 1.00, cobertura 1.00"
"OK",1590,"GRH 1590 (tex_5133.png)",4,2,54,"Floor","Floor",1.000,1,"Assets/AOMigrator/MapVisualV063/Generated/Sprites/GRH_1590.asset","Assets/Resources/AOMigrator/WorldV07/Textures/tex_5133.png",".png",1,1,1,1,1,"","Piso marrón sólido; marrón 0.98, cobertura 1.00"
"OK",1591,"GRH 1591 (tex_5133.png)",4,2,54,"Floor","Floor",1.000,1,"Assets/AOMigrator/MapVisualV063/Generated/Sprites/GRH_1591.asset","Assets/Resources/AOMigrator/WorldV07/Textures/tex_5133.png",".png",1,1,1,1,1,"","Piso marrón sólido; marrón 1.00, cobertura 1.00"
"OK",1592,"GRH 1592 (tex_5133.png)",4,2,54,"Floor","Floor",1.000,1,"Assets/AOMigrator/MapVisualV063/Generated/Sprites/GRH_1592.asset","Assets/Resources/AOMigrator/WorldV07/Textures/tex_5133.png",".png",1,1,1,1,1,"","Piso marrón sólido; marrón 1.00, cobertura 1.00"
"OK",1594,"GRH 1594 (tex_5133.png)",4,2,54,"Floor","Floor",1.000,1,"Assets/AOMigrator/MapVisualV063/Generated/Sprites/GRH_1594.asset","Assets/Resources/AOMigrator/WorldV07/Textures/tex_5133.png",".png",1,1,1,1,1,"","Piso marrón sólido; marrón 1.00, cobertura 1.00"
"OK",1595,"GRH 1595 (tex_5133.png)",4,2,54,"Floor","Floor",1.000,1,"Assets/AOMigrator/MapVisualV063/Generated/Sprites/GRH_1595.asset","Assets/Resources/AOMigrator/WorldV07/Textures/tex_5133.png",".png",1,1,1,1,1,"","Piso marrón sólido; marrón 0.99, cobertura 1.00"
"OK",1596,"GRH 1596 (tex_5133.png)",4,2,54,"Floor","Floor",1.000,1,"Assets/AOMigrator/MapVisualV063/Generated/Sprites/GRH_1596.asset","Assets/Resources/AOMigrator/WorldV07/Textures/tex_5133.png",".png",1,1,1,1,1,"","Piso marrón sólido; marrón 0.99, cobertura 1.00"
"OK",1598,"GRH 1598 (tex_5133.png)",4,2,54,"Floor","Floor",1.000,1,"Assets/AOMigrator/MapVisualV063/Generated/Sprites/GRH_1598.asset","Assets/Resources/AOMigrator/WorldV07/Textures/tex_5133.png",".png",1,1,1,1,1,"","Piso marrón sólido; marrón 1.00, cobertura 1.00"
"OK",1599,"GRH 1599 (tex_5133.png)",4,2,54,"Floor","Floor",1.000,1,"Assets/AOMigrator/MapVisualV063/Generated/Sprites/GRH_1599.asset","Assets/Resources/AOMigrator/WorldV07/Textures/tex_5133.png",".png",1,1,1,1,1,"","Piso marrón sólido; marrón 0.98, cobertura 1.00"
"OK",1600,"GRH 1600 (tex_5133.png)",4,2,54,"Floor","Floor",1.000,1,"Assets/AOMigrator/MapVisualV063/Generated/Sprites/GRH_1600.asset","Assets/Resources/AOMigrator/WorldV07/Textures/tex_5133.png",".png",1,1,1,1,1,"","Piso marrón sólido; marrón 0.97, cobertura 1.00"
"OK",1601,"GRH 1601 (tex_5133.png)",4,2,54,"Floor","Floor",1.000,1,"Assets/AOMigrator/MapVisualV063/Generated/Sprites/GRH_1601.asset","Assets/Resources/AOMigrator/WorldV07/Textures/tex_5133.png",".png",1,1,1,1,1,"","Piso marrón sólido; marrón 1.00, cobertura 1.00"
"OK",6176,"GRH 6176 (tex_6002.png)",4,2,54,"Grass","Grass",1.000,1,"Assets/AOMigrator/MapVisualV063/Generated/Sprites/GRH_6176.asset","Assets/Resources/AOMigrator/WorldV07/Textures/tex_6002.png",".png",1,1,1,1,1,"","Predominio verde 0.87, sat 0.71"
"OK",6177,"GRH 6177 (tex_6002.png)",4,2,54,"Grass","Grass",1.000,1,"Assets/AOMigrator/MapVisualV063/Generated/Sprites/GRH_6177.asset","Assets/Resources/AOMigrator/WorldV07/Textures/tex_6002.png",".png",1,1,1,1,1,"","Predominio verde 0.80, sat 0.71"
"OK",6178,"GRH 6178 (tex_6002.png)",4,2,54,"Grass","Grass",1.000,1,"Assets/AOMigrator/MapVisualV063/Generated/Sprites/GRH_6178.asset","Assets/Resources/AOMigrator/WorldV07/Textures/tex_6002.png",".png",1,1,1,1,1,"","Predominio verde 0.59, sat 0.70"
"OK",6180,"GRH 6180 (tex_6002.png)",4,2,54,"Grass","Grass",1.000,1,"Assets/AOMigrator/MapVisualV063/Generated/Sprites/GRH_6180.asset","Assets/Resources/AOMigrator/WorldV07/Textures/tex_6002.png",".png",1,1,1,1,1,"","Predominio verde 0.85, sat 0.71"
"OK",6181,"GRH 6181 (tex_6002.png)",4,2,54,"Grass","Grass",1.000,1,"Assets/AOMigrator/MapVisualV063/Generated/Sprites/GRH_6181.asset","Assets/Resources/AOMigrator/WorldV07/Textures/tex_6002.png",".png",1,1,1,1,1,"","Predominio verde 0.71, sat 0.71"
"OK",6182,"GRH 6182 (tex_6002.png)",4,2,54,"Grass","Grass",1.000,1,"Assets/AOMigrator/MapVisualV063/Generated/Sprites/GRH_6182.asset","Assets/Resources/AOMigrator/WorldV07/Textures/tex_6002.png",".png",1,1,1,1,1,"","Predominio verde 0.55, sat 0.70"
"OK",6184,"GRH 6184 (tex_6002.png)",4,2,54,"Grass","Grass",1.000,1,"Assets/AOMigrator/MapVisualV063/Generated/Sprites/GRH_6184.asset","Assets/Resources/AOMigrator/WorldV07/Textures/tex_6002.png",".png",1,1,1,1,1,"","Predominio verde 0.63, sat 0.68"
"OK",6185,"GRH 6185 (tex_6002.png)",4,2,54,"Grass","Grass",1.000,1,"Assets/AOMigrator/MapVisualV063/Generated/Sprites/GRH_6185.asset","Assets/Resources/AOMigrator/WorldV07/Textures/tex_6002.png",".png",1,1,1,1,1,"","Predominio verde 0.66, sat 0.70"
"OK",6186,"GRH 6186 (tex_6002.png)",4,2,54,"Grass","Grass",1.000,1,"Assets/AOMigrator/MapVisualV063/Generated/Sprites/GRH_6186.asset","Assets/Resources/AOMigrator/WorldV07/Textures/tex_6002.png",".png",1,1,1,1,1,"","Predominio verde 0.65, sat 0.70"
"OK",6188,"GRH 6188 (tex_6002.png)",4,2,54,"Grass","Grass",1.000,1,"Assets/AOMigrator/MapVisualV063/Generated/Sprites/GRH_6188.asset","Assets/Resources/AOMigrator/WorldV07/Textures/tex_6002.png",".png",1,1,1,1,1,"","Predominio verde 0.79, sat 0.70"
"OK",6189,"GRH 6189 (tex_6002.png)",4,2,54,"Grass","Grass",1.000,1,"Assets/AOMigrator/MapVisualV063/Generated/Sprites/GRH_6189.asset","Assets/Resources/AOMigrator/WorldV07/Textures/tex_6002.png",".png",1,1,1,1,1,"","Predominio verde 0.84, sat 0.71"
"OK",6190,"GRH 6190 (tex_6002.png)",4,2,54,"Grass","Grass",1.000,1,"Assets/AOMigrator/MapVisualV063/Generated/Sprites/GRH_6190.asset","Assets/Resources/AOMigrator/WorldV07/Textures/tex_6002.png",".png",1,1,1,1,1,"","Predominio verde 0.81, sat 0.71"
"OK",6191,"GRH 6191 (tex_6002.png)",4,2,54,"Grass","Grass",1.000,1,"Assets/AOMigrator/MapVisualV063/Generated/Sprites/GRH_6191.asset","Assets/Resources/AOMigrator/WorldV07/Textures/tex_6002.png",".png",1,1,1,1,1,"","Predominio verde 0.85, sat 0.71"
"OK",6464,"GRH 6464 (tex_6215.png)",4,2,54,"Grass","Grass",1.000,1,"Assets/AOMigrator/MapVisualV063/Generated/Sprites/GRH_6464.asset","Assets/AOMigrator/MapVisualV063/Textures/tex_6215.png",".png",1,1,1,1,1,"","Predominio verde 0.67, sat 0.67"
"OK",6465,"GRH 6465 (tex_6215.png)",4,2,54,"Floor","Floor",1.000,1,"Assets/AOMigrator/MapVisualV063/Generated/Sprites/GRH_6465.asset","Assets/AOMigrator/MapVisualV063/Textures/tex_6215.png",".png",1,1,1,1,1,"","Piso marrón sólido; marrón 0.98, cobertura 1.00"
"OK",6466,"GRH 6466 (tex_6215.png)",4,2,54,"Floor","Floor",1.000,1,"Assets/AOMigrator/MapVisualV063/Generated/Sprites/GRH_6466.asset","Assets/AOMigrator/MapVisualV063/Textures/tex_6215.png",".png",1,1,1,1,1,"","Piso marrón sólido; marrón 0.93, cobertura 1.00"
"OK",61005,"GRH 61005 (tex_5087.png)",4,2,54,"Floor","Floor",1.000,1,"Assets/AOMigrator/MapVisualV063/Generated/Sprites/GRH_61005.asset","Assets/AOMigrator/MapVisualV063/Textures/tex_5087.png",".png",1,1,1,1,1,"","Piso marrón sólido; marrón 0.97, cobertura 1.00"
"OK",61006,"GRH 61006 (tex_5087.png)",4,2,54,"Floor","Floor",1.000,1,"Assets/AOMigrator/MapVisualV063/Generated/Sprites/GRH_61006.asset","Assets/AOMigrator/MapVisualV063/Textures/tex_5087.png",".png",1,1,1,1,1,"","Piso marrón sólido; marrón 0.93, cobertura 1.00"
"OK",61358,"GRH 61358 (tex_5087.png)",4,2,54,"Floor","Floor",1.000,1,"Assets/AOMigrator/MapVisualV063/Generated/Sprites/GRH_61358.asset","Assets/AOMigrator/MapVisualV063/Textures/tex_5087.png",".png",1,1,1,1,1,"","Piso marrón sólido; marrón 0.97, cobertura 1.00"
"OK",61359,"GRH 61359 (tex_5087.png)",4,2,54,"Floor","Floor",1.000,1,"Assets/AOMigrator/MapVisualV063/Generated/Sprites/GRH_61359.asset","Assets/AOMigrator/MapVisualV063/Textures/tex_5087.png",".png",1,1,1,1,1,"","Piso marrón sólido; marrón 0.87, cobertura 1.00"
"OK",61362,"GRH 61362 (tex_5087.png)",4,2,54,"Floor","Floor",1.000,1,"Assets/AOMigrator/MapVisualV063/Generated/Sprites/GRH_61362.asset","Assets/AOMigrator/MapVisualV063/Textures/tex_5087.png",".png",1,1,1,1,1,"","Piso marrón sólido; marrón 0.96, cobertura 1.00"
"OK",61363,"GRH 61363 (tex_5087.png)",4,2,54,"Floor","Floor",1.000,1,"Assets/AOMigrator/MapVisualV063/Generated/Sprites/GRH_61363.asset","Assets/AOMigrator/MapVisualV063/Textures/tex_5087.png",".png",1,1,1,1,1,"","Piso marrón sólido; marrón 0.99, cobertura 1.00"
"OK",61366,"GRH 61366 (tex_5087.png)",4,2,54,"Grass","Grass",0.785,1,"Assets/AOMigrator/MapVisualV063/Generated/Sprites/GRH_61366.asset","Assets/AOMigrator/MapVisualV063/Textures/tex_5087.png",".png",1,1,1,1,1,"","Predominio verde 0.23, sat 0.58"
"OK",61367,"GRH 61367 (tex_5087.png)",4,2,54,"Floor","Floor",1.000,1,"Assets/AOMigrator/MapVisualV063/Generated/Sprites/GRH_61367.asset","Assets/AOMigrator/MapVisualV063/Textures/tex_5087.png",".png",1,1,1,1,1,"","Piso marrón sólido; marrón 0.93, cobertura 1.00"
"OK",61370,"GRH 61370 (tex_5087.png)",4,2,54,"Grass","Grass",0.988,1,"Assets/AOMigrator/MapVisualV063/Generated/Sprites/GRH_61370.asset","Assets/AOMigrator/MapVisualV063/Textures/tex_5087.png",".png",1,1,1,1,1,"","Predominio verde 0.45, sat 0.62"
"OK",61371,"GRH 61371 (tex_5087.png)",4,2,54,"Grass","Grass",0.794,1,"Assets/AOMigrator/MapVisualV063/Generated/Sprites/GRH_61371.asset","Assets/AOMigrator/MapVisualV063/Textures/tex_5087.png",".png",1,1,1,1,1,"","Predominio verde 0.24, sat 0.58"
"OK",61654,"GRH 61654 (tex_5087.png)",4,2,54,"Grass","Grass",1.000,1,"Assets/AOMigrator/MapVisualV063/Generated/Sprites/GRH_61654.asset","Assets/AOMigrator/MapVisualV063/Textures/tex_5087.png",".png",1,1,1,1,1,"","Predominio verde 0.47, sat 0.67"
"OK",61655,"GRH 61655 (tex_5087.png)",4,2,54,"Grass","Grass",1.000,1,"Assets/AOMigrator/MapVisualV063/Generated/Sprites/GRH_61655.asset","Assets/AOMigrator/MapVisualV063/Textures/tex_5087.png",".png",1,1,1,1,1,"","Predominio verde 0.79, sat 0.69"
"OK",61658,"GRH 61658 (tex_5087.png)",4,2,54,"Grass","Grass",1.000,1,"Assets/AOMigrator/MapVisualV063/Generated/Sprites/GRH_61658.asset","Assets/AOMigrator/MapVisualV063/Textures/tex_5087.png",".png",1,1,1,1,1,"","Predominio verde 0.90, sat 0.70"
"OK",61659,"GRH 61659 (tex_5087.png)",4,2,54,"Grass","Grass",1.000,1,"Assets/AOMigrator/MapVisualV063/Generated/Sprites/GRH_61659.asset","Assets/AOMigrator/MapVisualV063/Textures/tex_5087.png",".png",1,1,1,1,1,"","Predominio verde 0.92, sat 0.69"
"OK",1316,"GRH 1316 (tex_5133.png)",3,2,53,"Floor","Floor",1.000,1,"Assets/AOMigrator/MapVisualV063/Generated/Sprites/GRH_1316.asset","Assets/Resources/AOMigrator/WorldV07/Textures/tex_5133.png",".png",1,1,1,1,1,"","Piso marrón sólido; marrón 0.99, cobertura 1.00"
"OK",1317,"GRH 1317 (tex_5133.png)",3,2,53,"Floor","Floor",1.000,1,"Assets/AOMigrator/MapVisualV063/Generated/Sprites/GRH_1317.asset","Assets/Resources/AOMigrator/WorldV07/Textures/tex_5133.png",".png",1,1,1,1,1,"","Piso marrón sólido; marrón 1.00, cobertura 1.00"
"OK",1318,"GRH 1318 (tex_5133.png)",3,2,53,"Floor","Floor",1.000,1,"Assets/AOMigrator/MapVisualV063/Generated/Sprites/GRH_1318.asset","Assets/Resources/AOMigrator/WorldV07/Textures/tex_5133.png",".png",1,1,1,1,1,"","Piso marrón sólido; marrón 0.99, cobertura 1.00"
"OK",1319,"GRH 1319 (tex_5133.png)",3,2,53,"Floor","Floor",1.000,1,"Assets/AOMigrator/MapVisualV063/Generated/Sprites/GRH_1319.asset","Assets/Resources/AOMigrator/WorldV07/Textures/tex_5133.png",".png",1,1,1,1,1,"","Piso marrón sólido; marrón 1.00, cobertura 1.00"
"OK",1320,"GRH 1320 (tex_5133.png)",3,2,53,"Floor","Floor",1.000,1,"Assets/AOMigrator/MapVisualV063/Generated/Sprites/GRH_1320.asset","Assets/Resources/AOMigrator/WorldV07/Textures/tex_5133.png",".png",1,1,1,1,1,"","Piso marrón sólido; marrón 0.96, cobertura 1.00"
"OK",1321,"GRH 1321 (tex_5133.png)",3,2,53,"Floor","Floor",1.000,1,"Assets/AOMigrator/MapVisualV063/Generated/Sprites/GRH_1321.asset","Assets/Resources/AOMigrator/WorldV07/Textures/tex_5133.png",".png",1,1,1,1,1,"","Piso marrón sólido; marrón 0.95, cobertura 1.00"
"OK",1322,"GRH 1322 (tex_5133.png)",3,2,53,"Floor","Floor",1.000,1,"Assets/AOMigrator/MapVisualV063/Generated/Sprites/GRH_1322.asset","Assets/Resources/AOMigrator/WorldV07/Textures/tex_5133.png",".png",1,1,1,1,1,"","Piso marrón sólido; marrón 0.98, cobertura 1.00"
"OK",1323,"GRH 1323 (tex_5133.png)",3,2,53,"Floor","Floor",1.000,1,"Assets/AOMigrator/MapVisualV063/Generated/Sprites/GRH_1323.asset","Assets/Resources/AOMigrator/WorldV07/Textures/tex_5133.png",".png",1,1,1,1,1,"","Piso marrón sólido; marrón 0.99, cobertura 1.00"
"OK",1324,"GRH 1324 (tex_5133.png)",3,2,53,"Floor","Floor",1.000,1,"Assets/AOMigrator/MapVisualV063/Generated/Sprites/GRH_1324.asset","Assets/Resources/AOMigrator/WorldV07/Textures/tex_5133.png",".png",1,1,1,1,1,"","Piso marrón sólido; marrón 0.99, cobertura 1.00"
"OK",1325,"GRH 1325 (tex_5133.png)",3,2,53,"Floor","Floor",1.000,1,"Assets/AOMigrator/MapVisualV063/Generated/Sprites/GRH_1325.asset","Assets/Resources/AOMigrator/WorldV07/Textures/tex_5133.png",".png",1,1,1,1,1,"","Piso marrón sólido; marrón 0.97, cobertura 1.00"
"OK",1326,"GRH 1326 (tex_5133.png)",3,2,53,"Floor","Floor",1.000,1,"Assets/AOMigrator/MapVisualV063/Generated/Sprites/GRH_1326.asset","Assets/Resources/AOMigrator/WorldV07/Textures/tex_5133.png",".png",1,1,1,1,1,"","Piso marrón sólido; marrón 0.95, cobertura 1.00"
"OK",1327,"GRH 1327 (tex_5133.png)",3,2,53,"Floor","Floor",1.000,1,"Assets/AOMigrator/MapVisualV063/Generated/Sprites/GRH_1327.asset","Assets/Resources/AOMigrator/WorldV07/Textures/tex_5133.png",".png",1,1,1,1,1,"","Piso marrón sólido; marrón 0.97, cobertura 1.00"
"OK",1328,"GRH 1328 (tex_5133.png)",3,2,53,"Floor","Floor",1.000,1,"Assets/AOMigrator/MapVisualV063/Generated/Sprites/GRH_1328.asset","Assets/Resources/AOMigrator/WorldV07/Textures/tex_5133.png",".png",1,1,1,1,1,"","Piso marrón sólido; marrón 1.00, cobertura 1.00"
"OK",1329,"GRH 1329 (tex_5133.png)",3,2,53,"Floor","Floor",1.000,1,"Assets/AOMigrator/MapVisualV063/Generated/Sprites/GRH_1329.asset","Assets/Resources/AOMigrator/WorldV07/Textures/tex_5133.png",".png",1,1,1,1,1,"","Piso marrón sólido; marrón 0.99, cobertura 1.00"
"OK",1330,"GRH 1330 (tex_5133.png)",3,2,53,"Floor","Floor",1.000,1,"Assets/AOMigrator/MapVisualV063/Generated/Sprites/GRH_1330.asset","Assets/Resources/AOMigrator/WorldV07/Textures/tex_5133.png",".png",1,1,1,1,1,"","Piso marrón sólido; marrón 0.97, cobertura 1.00"
"OK",1331,"GRH 1331 (tex_5133.png)",3,2,53,"Floor","Floor",1.000,1,"Assets/AOMigrator/MapVisualV063/Generated/Sprites/GRH_1331.asset","Assets/Resources/AOMigrator/WorldV07/Textures/tex_5133.png",".png",1,1,1,1,1,"","Piso marrón sólido; marrón 0.99, cobertura 1.00"
"OK",1364,"GRH 1364 (tex_5133.png)",3,2,53,"Floor","Floor",1.000,1,"Assets/AOMigrator/MapVisualV063/Generated/Sprites/GRH_1364.asset","Assets/Resources/AOMigrator/WorldV07/Textures/tex_5133.png",".png",1,1,1,1,1,"","Piso marrón sólido; marrón 1.00, cobertura 1.00"
"OK",1365,"GRH 1365 (tex_5133.png)",3,2,53,"Floor","Floor",1.000,1,"Assets/AOMigrator/MapVisualV063/Generated/Sprites/GRH_1365.asset","Assets/Resources/AOMigrator/WorldV07/Textures/tex_5133.png",".png",1,1,1,1,1,"","Piso marrón sólido; marrón 1.00, cobertura 1.00"
"OK",1366,"GRH 1366 (tex_5133.png)",3,2,53,"Floor","Floor",1.000,1,"Assets/AOMigrator/MapVisualV063/Generated/Sprites/GRH_1366.asset","Assets/Resources/AOMigrator/WorldV07/Textures/tex_5133.png",".png",1,1,1,1,1,"","Piso marrón sólido; marrón 1.00, cobertura 1.00"
"OK",1589,"GRH 1589 (tex_5133.png)",3,2,53,"Floor","Floor",1.000,1,"Assets/AOMigrator/MapVisualV063/Generated/Sprites/GRH_1589.asset","Assets/Resources/AOMigrator/WorldV07/Textures/tex_5133.png",".png",1,1,1,1,1,"","Piso marrón sólido; marrón 1.00, cobertura 1.00"
"OK",1593,"GRH 1593 (tex_5133.png)",3,2,53,"Floor","Floor",1.000,1,"Assets/AOMigrator/MapVisualV063/Generated/Sprites/GRH_1593.asset","Assets/Resources/AOMigrator/WorldV07/Textures/tex_5133.png",".png",1,1,1,1,1,"","Piso marrón sólido; marrón 0.99, cobertura 1.00"
"OK",1597,"GRH 1597 (tex_5133.png)",3,2,53,"Floor","Floor",1.000,1,"Assets/AOMigrator/MapVisualV063/Generated/Sprites/GRH_1597.asset","Assets/Resources/AOMigrator/WorldV07/Textures/tex_5133.png",".png",1,1,1,1,1,"","Piso marrón sólido; marrón 0.99, cobertura 1.00"
"OK",6144,"GRH 6144 (tex_6002.png)",3,2,53,"Grass","Grass",1.000,1,"Assets/AOMigrator/MapVisualV063/Generated/Sprites/GRH_6144.asset","Assets/Resources/AOMigrator/WorldV07/Textures/tex_6002.png",".png",1,1,1,1,1,"","Predominio verde 0.88, sat 0.70"
"OK",6145,"GRH 6145 (tex_6002.png)",3,2,53,"Grass","Grass",1.000,1,"Assets/AOMigrator/MapVisualV063/Generated/Sprites/GRH_6145.asset","Assets/Resources/AOMigrator/WorldV07/Textures/tex_6002.png",".png",1,1,1,1,1,"","Predominio verde 0.83, sat 0.70"
"OK",6146,"GRH 6146 (tex_6002.png)",3,2,53,"Grass","Grass",1.000,1,"Assets/AOMigrator/MapVisualV063/Generated/Sprites/GRH_6146.asset","Assets/Resources/AOMigrator/WorldV07/Textures/tex_6002.png",".png",1,1,1,1,1,"","Predominio verde 0.76, sat 0.71"
"OK",6148,"GRH 6148 (tex_6002.png)",3,2,53,"Grass","Grass",1.000,1,"Assets/AOMigrator/MapVisualV063/Generated/Sprites/GRH_6148.asset","Assets/Resources/AOMigrator/WorldV07/Textures/tex_6002.png",".png",1,1,1,1,1,"","Predominio verde 0.79, sat 0.59"
"OK",6149,"GRH 6149 (tex_6002.png)",3,2,53,"Grass","Grass",1.000,1,"Assets/AOMigrator/MapVisualV063/Generated/Sprites/GRH_6149.asset","Assets/Resources/AOMigrator/WorldV07/Textures/tex_6002.png",".png",1,1,1,1,1,"","Predominio verde 0.71, sat 0.64"
"OK",6150,"GRH 6150 (tex_6002.png)",3,2,53,"Grass","Grass",1.000,1,"Assets/AOMigrator/MapVisualV063/Generated/Sprites/GRH_6150.asset","Assets/Resources/AOMigrator/WorldV07/Textures/tex_6002.png",".png",1,1,1,1,1,"","Predominio verde 0.78, sat 0.68"
"OK",6152,"GRH 6152 (tex_6002.png)",3,2,53,"Grass","Grass",1.000,1,"Assets/AOMigrator/MapVisualV063/Generated/Sprites/GRH_6152.asset","Assets/Resources/AOMigrator/WorldV07/Textures/tex_6002.png",".png",1,1,1,1,1,"","Predominio verde 0.69, sat 0.56"
"OK",6153,"GRH 6153 (tex_6002.png)",3,2,53,"Grass","Grass",1.000,1,"Assets/AOMigrator/MapVisualV063/Generated/Sprites/GRH_6153.asset","Assets/Resources/AOMigrator/WorldV07/Textures/tex_6002.png",".png",1,1,1,1,1,"","Predominio verde 0.72, sat 0.59"
"OK",6154,"GRH 6154 (tex_6002.png)",3,2,53,"Grass","Grass",1.000,1,"Assets/AOMigrator/MapVisualV063/Generated/Sprites/GRH_6154.asset","Assets/Resources/AOMigrator/WorldV07/Textures/tex_6002.png",".png",1,1,1,1,1,"","Predominio verde 0.64, sat 0.69"
"OK",6156,"GRH 6156 (tex_6002.png)",3,2,53,"Grass","Grass",1.000,1,"Assets/AOMigrator/MapVisualV063/Generated/Sprites/GRH_6156.asset","Assets/Resources/AOMigrator/WorldV07/Textures/tex_6002.png",".png",1,1,1,1,1,"","Predominio verde 0.75, sat 0.64"
"OK",6157,"GRH 6157 (tex_6002.png)",3,2,53,"Grass","Grass",1.000,1,"Assets/AOMigrator/MapVisualV063/Generated/Sprites/GRH_6157.asset","Assets/Resources/AOMigrator/WorldV07/Textures/tex_6002.png",".png",1,1,1,1,1,"","Predominio verde 0.79, sat 0.66"
"OK",6158,"GRH 6158 (tex_6002.png)",3,2,53,"Grass","Grass",1.000,1,"Assets/AOMigrator/MapVisualV063/Generated/Sprites/GRH_6158.asset","Assets/Resources/AOMigrator/WorldV07/Textures/tex_6002.png",".png",1,1,1,1,1,"","Predominio verde 0.61, sat 0.70"
"OK",6159,"GRH 6159 (tex_6002.png)",3,2,53,"Grass","Grass",1.000,1,"Assets/AOMigrator/MapVisualV063/Generated/Sprites/GRH_6159.asset","Assets/Resources/AOMigrator/WorldV07/Textures/tex_6002.png",".png",1,1,1,1,1,"","Predominio verde 0.80, sat 0.71"
"OK",1252,"GRH 1252 (tex_5133.png)",2,2,52,"Floor","Floor",1.000,1,"Assets/AOMigrator/MapVisualV063/Generated/Sprites/GRH_1252.asset","Assets/Resources/AOMigrator/WorldV07/Textures/tex_5133.png",".png",1,1,1,1,1,"","Piso marrón sólido; marrón 1.00, cobertura 1.00"
"OK",1253,"GRH 1253 (tex_5133.png)",2,2,52,"Floor","Floor",1.000,1,"Assets/AOMigrator/MapVisualV063/Generated/Sprites/GRH_1253.asset","Assets/Resources/AOMigrator/WorldV07/Textures/tex_5133.png",".png",1,1,1,1,1,"","Piso marrón sólido; marrón 1.00, cobertura 1.00"
"OK",1254,"GRH 1254 (tex_5133.png)",2,2,52,"Floor","Floor",1.000,1,"Assets/AOMigrator/MapVisualV063/Generated/Sprites/GRH_1254.asset","Assets/Resources/AOMigrator/WorldV07/Textures/tex_5133.png",".png",1,1,1,1,1,"","Piso marrón sólido; marrón 0.99, cobertura 1.00"
"OK",1255,"GRH 1255 (tex_5133.png)",2,2,52,"Floor","Floor",1.000,1,"Assets/AOMigrator/MapVisualV063/Generated/Sprites/GRH_1255.asset","Assets/Resources/AOMigrator/WorldV07/Textures/tex_5133.png",".png",1,1,1,1,1,"","Piso marrón sólido; marrón 1.00, cobertura 1.00"
"OK",1256,"GRH 1256 (tex_5133.png)",2,2,52,"Floor","Floor",1.000,1,"Assets/AOMigrator/MapVisualV063/Generated/Sprites/GRH_1256.asset","Assets/Resources/AOMigrator/WorldV07/Textures/tex_5133.png",".png",1,1,1,1,1,"","Piso marrón sólido; marrón 0.95, cobertura 1.00"
"OK",1257,"GRH 1257 (tex_5133.png)",2,2,52,"Floor","Floor",1.000,1,"Assets/AOMigrator/MapVisualV063/Generated/Sprites/GRH_1257.asset","Assets/Resources/AOMigrator/WorldV07/Textures/tex_5133.png",".png",1,1,1,1,1,"","Piso marrón sólido; marrón 0.96, cobertura 1.00"
"OK",1258,"GRH 1258 (tex_5133.png)",2,2,52,"Floor","Floor",1.000,1,"Assets/AOMigrator/MapVisualV063/Generated/Sprites/GRH_1258.asset","Assets/Resources/AOMigrator/WorldV07/Textures/tex_5133.png",".png",1,1,1,1,1,"","Piso marrón sólido; marrón 0.97, cobertura 1.00"
"OK",1259,"GRH 1259 (tex_5133.png)",2,2,52,"Floor","Floor",1.000,1,"Assets/AOMigrator/MapVisualV063/Generated/Sprites/GRH_1259.asset","Assets/Resources/AOMigrator/WorldV07/Textures/tex_5133.png",".png",1,1,1,1,1,"","Piso marrón sólido; marrón 1.00, cobertura 1.00"
"OK",1260,"GRH 1260 (tex_5133.png)",2,2,52,"Floor","Floor",1.000,1,"Assets/AOMigrator/MapVisualV063/Generated/Sprites/GRH_1260.asset","Assets/Resources/AOMigrator/WorldV07/Textures/tex_5133.png",".png",1,1,1,1,1,"","Piso marrón sólido; marrón 0.92, cobertura 1.00"
"OK",1261,"GRH 1261 (tex_5133.png)",2,2,52,"Floor","Floor",1.000,1,"Assets/AOMigrator/MapVisualV063/Generated/Sprites/GRH_1261.asset","Assets/Resources/AOMigrator/WorldV07/Textures/tex_5133.png",".png",1,1,1,1,1,"","Piso marrón sólido; marrón 0.88, cobertura 1.00"
"OK",1262,"GRH 1262 (tex_5133.png)",2,2,52,"Floor","Floor",1.000,1,"Assets/AOMigrator/MapVisualV063/Generated/Sprites/GRH_1262.asset","Assets/Resources/AOMigrator/WorldV07/Textures/tex_5133.png",".png",1,1,1,1,1,"","Piso marrón sólido; marrón 0.91, cobertura 1.00"
"OK",1263,"GRH 1263 (tex_5133.png)",2,2,52,"Floor","Floor",1.000,1,"Assets/AOMigrator/MapVisualV063/Generated/Sprites/GRH_1263.asset","Assets/Resources/AOMigrator/WorldV07/Textures/tex_5133.png",".png",1,1,1,1,1,"","Piso marrón sólido; marrón 0.94, cobertura 1.00"
"OK",1264,"GRH 1264 (tex_5133.png)",2,2,52,"Floor","Floor",1.000,1,"Assets/AOMigrator/MapVisualV063/Generated/Sprites/GRH_1264.asset","Assets/Resources/AOMigrator/WorldV07/Textures/tex_5133.png",".png",1,1,1,1,1,"","Piso marrón sólido; marrón 1.00, cobertura 1.00"
"OK",1265,"GRH 1265 (tex_5133.png)",2,2,52,"Floor","Floor",1.000,1,"Assets/AOMigrator/MapVisualV063/Generated/Sprites/GRH_1265.asset","Assets/Resources/AOMigrator/WorldV07/Textures/tex_5133.png",".png",1,1,1,1,1,"","Piso marrón sólido; marrón 1.00, cobertura 1.00"
"OK",1266,"GRH 1266 (tex_5133.png)",2,2,52,"Floor","Floor",1.000,1,"Assets/AOMigrator/MapVisualV063/Generated/Sprites/GRH_1266.asset","Assets/Resources/AOMigrator/WorldV07/Textures/tex_5133.png",".png",1,1,1,1,1,"","Piso marrón sólido; marrón 0.97, cobertura 1.00"
"OK",1267,"GRH 1267 (tex_5133.png)",2,2,52,"Floor","Floor",1.000,1,"Assets/AOMigrator/MapVisualV063/Generated/Sprites/GRH_1267.asset","Assets/Resources/AOMigrator/WorldV07/Textures/tex_5133.png",".png",1,1,1,1,1,"","Piso marrón sólido; marrón 0.98, cobertura 1.00"
"OK",1332,"GRH 1332 (tex_5133.png)",2,2,52,"Floor","Floor",1.000,1,"Assets/AOMigrator/MapVisualV063/Generated/Sprites/GRH_1332.asset","Assets/Resources/AOMigrator/WorldV07/Textures/tex_5133.png",".png",1,1,1,1,1,"","Piso marrón sólido; marrón 1.00, cobertura 1.00"
"OK",1333,"GRH 1333 (tex_5133.png)",2,2,52,"Floor","Floor",1.000,1,"Assets/AOMigrator/MapVisualV063/Generated/Sprites/GRH_1333.asset","Assets/Resources/AOMigrator/WorldV07/Textures/tex_5133.png",".png",1,1,1,1,1,"","Piso marrón sólido; marrón 1.00, cobertura 1.00"
"OK",1334,"GRH 1334 (tex_5133.png)",2,2,52,"Floor","Floor",1.000,1,"Assets/AOMigrator/MapVisualV063/Generated/Sprites/GRH_1334.asset","Assets/Resources/AOMigrator/WorldV07/Textures/tex_5133.png",".png",1,1,1,1,1,"","Piso marrón sólido; marrón 1.00, cobertura 1.00"
"OK",1335,"GRH 1335 (tex_5133.png)",2,2,52,"Floor","Floor",1.000,1,"Assets/AOMigrator/MapVisualV063/Generated/Sprites/GRH_1335.asset","Assets/Resources/AOMigrator/WorldV07/Textures/tex_5133.png",".png",1,1,1,1,1,"","Piso marrón sólido; marrón 0.99, cobertura 1.00"
"OK",1336,"GRH 1336 (tex_5133.png)",2,2,52,"Floor","Floor",1.000,1,"Assets/AOMigrator/MapVisualV063/Generated/Sprites/GRH_1336.asset","Assets/Resources/AOMigrator/WorldV07/Textures/tex_5133.png",".png",1,1,1,1,1,"","Piso marrón sólido; marrón 1.00, cobertura 1.00"
"OK",1337,"GRH 1337 (tex_5133.png)",2,2,52,"Floor","Floor",1.000,1,"Assets/AOMigrator/MapVisualV063/Generated/Sprites/GRH_1337.asset","Assets/Resources/AOMigrator/WorldV07/Textures/tex_5133.png",".png",1,1,1,1,1,"","Piso marrón sólido; marrón 1.00, cobertura 1.00"
"OK",1338,"GRH 1338 (tex_5133.png)",2,2,52,"Floor","Floor",1.000,1,"Assets/AOMigrator/MapVisualV063/Generated/Sprites/GRH_1338.asset","Assets/Resources/AOMigrator/WorldV07/Textures/tex_5133.png",".png",1,1,1,1,1,"","Piso marrón sólido; marrón 0.99, cobertura 1.00"
"OK",1339,"GRH 1339 (tex_5133.png)",2,2,52,"Floor","Floor",1.000,1,"Assets/AOMigrator/MapVisualV063/Generated/Sprites/GRH_1339.asset","Assets/Resources/AOMigrator/WorldV07/Textures/tex_5133.png",".png",1,1,1,1,1,"","Piso marrón sólido; marrón 0.98, cobertura 1.00"
"OK",1340,"GRH 1340 (tex_5133.png)",2,2,52,"Floor","Floor",1.000,1,"Assets/AOMigrator/MapVisualV063/Generated/Sprites/GRH_1340.asset","Assets/Resources/AOMigrator/WorldV07/Textures/tex_5133.png",".png",1,1,1,1,1,"","Piso marrón sólido; marrón 0.99, cobertura 1.00"
"OK",1341,"GRH 1341 (tex_5133.png)",2,2,52,"Floor","Floor",1.000,1,"Assets/AOMigrator/MapVisualV063/Generated/Sprites/GRH_1341.asset","Assets/Resources/AOMigrator/WorldV07/Textures/tex_5133.png",".png",1,1,1,1,1,"","Piso marrón sólido; marrón 0.96, cobertura 1.00"
"OK",1342,"GRH 1342 (tex_5133.png)",2,2,52,"Floor","Floor",1.000,1,"Assets/AOMigrator/MapVisualV063/Generated/Sprites/GRH_1342.asset","Assets/Resources/AOMigrator/WorldV07/Textures/tex_5133.png",".png",1,1,1,1,1,"","Piso marrón sólido; marrón 0.98, cobertura 1.00"
"OK",1343,"GRH 1343 (tex_5133.png)",2,2,52,"Floor","Floor",1.000,1,"Assets/AOMigrator/MapVisualV063/Generated/Sprites/GRH_1343.asset","Assets/Resources/AOMigrator/WorldV07/Textures/tex_5133.png",".png",1,1,1,1,1,"","Piso marrón sólido; marrón 1.00, cobertura 1.00"
"OK",1344,"GRH 1344 (tex_5133.png)",2,2,52,"Floor","Floor",1.000,1,"Assets/AOMigrator/MapVisualV063/Generated/Sprites/GRH_1344.asset","Assets/Resources/AOMigrator/WorldV07/Textures/tex_5133.png",".png",1,1,1,1,1,"","Piso marrón sólido; marrón 1.00, cobertura 1.00"
"OK",1345,"GRH 1345 (tex_5133.png)",2,2,52,"Floor","Floor",1.000,1,"Assets/AOMigrator/MapVisualV063/Generated/Sprites/GRH_1345.asset","Assets/Resources/AOMigrator/WorldV07/Textures/tex_5133.png",".png",1,1,1,1,1,"","Piso marrón sólido; marrón 0.99, cobertura 1.00"
"OK",1346,"GRH 1346 (tex_5133.png)",2,2,52,"Floor","Floor",1.000,1,"Assets/AOMigrator/MapVisualV063/Generated/Sprites/GRH_1346.asset","Assets/Resources/AOMigrator/WorldV07/Textures/tex_5133.png",".png",1,1,1,1,1,"","Piso marrón sólido; marrón 0.99, cobertura 1.00"
"OK",1347,"GRH 1347 (tex_5133.png)",2,2,52,"Floor","Floor",1.000,1,"Assets/AOMigrator/MapVisualV063/Generated/Sprites/GRH_1347.asset","Assets/Resources/AOMigrator/WorldV07/Textures/tex_5133.png",".png",1,1,1,1,1,"","Piso marrón sólido; marrón 1.00, cobertura 1.00"
"OK",5694,"GRH 5694 (tex_5089.png)",2,2,52,"Transition","Transition",0.917,1,"Assets/AOMigrator/MapVisualV063/Generated/Sprites/GRH_5694.asset","Assets/Resources/AOMigrator/WorldV07/Textures/tex_5089.png",".png",1,1,1,1,1,"","Transición: Layer2 100%, cobertura 35%, edge 0.12"
"OK",5695,"GRH 5695 (tex_5089.png)",2,2,52,"Transition","Transition",0.869,1,"Assets/AOMigrator/MapVisualV063/Generated/Sprites/GRH_5695.asset","Assets/Resources/AOMigrator/WorldV07/Textures/tex_5089.png",".png",1,1,1,1,1,"","Transición: Layer2 100%, cobertura 62%, edge 0.15"
"OK",5696,"GRH 5696 (tex_5089.png)",2,2,52,"Transition","Transition",0.911,1,"Assets/AOMigrator/MapVisualV063/Generated/Sprites/GRH_5696.asset","Assets/Resources/AOMigrator/WorldV07/Textures/tex_5089.png",".png",1,1,1,1,1,"","Transición: Layer2 100%, cobertura 38%, edge 0.12"
"OK",5697,"GRH 5697 (tex_5089.png)",2,2,52,"Transition","Transition",0.889,1,"Assets/AOMigrator/MapVisualV063/Generated/Sprites/GRH_5697.asset","Assets/Resources/AOMigrator/WorldV07/Textures/tex_5089.png",".png",1,1,1,1,1,"","Transición: Layer2 100%, cobertura 51%, edge 0.12"
"OK",6155,"GRH 6155 (tex_6002.png)",2,2,52,"Grass","Grass",1.000,1,"Assets/AOMigrator/MapVisualV063/Generated/Sprites/GRH_6155.asset","Assets/Resources/AOMigrator/WorldV07/Textures/tex_6002.png",".png",1,1,1,1,1,"","Predominio verde 0.71, sat 0.71"
"OK",6276,"GRH 6276 (tex_6004.png)",2,2,52,"Grass","Grass",1.000,1,"Assets/AOMigrator/MapVisualV063/Generated/Sprites/GRH_6276.asset","Assets/Resources/AOMigrator/WorldV07/Textures/tex_6004.png",".png",1,1,1,1,1,"","Predominio verde 0.90, sat 0.73"
"OK",6277,"GRH 6277 (tex_6004.png)",2,2,52,"Grass","Grass",1.000,1,"Assets/AOMigrator/MapVisualV063/Generated/Sprites/GRH_6277.asset","Assets/Resources/AOMigrator/WorldV07/Textures/tex_6004.png",".png",1,1,1,1,1,"","Predominio verde 0.76, sat 0.73"
"OK",6278,"GRH 6278 (tex_6004.png)",2,2,52,"Grass","Grass",1.000,1,"Assets/AOMigrator/MapVisualV063/Generated/Sprites/GRH_6278.asset","Assets/Resources/AOMigrator/WorldV07/Textures/tex_6004.png",".png",1,1,1,1,1,"","Predominio verde 0.83, sat 0.73"
"OK",6279,"GRH 6279 (tex_6004.png)",2,2,52,"Grass","Grass",1.000,1,"Assets/AOMigrator/MapVisualV063/Generated/Sprites/GRH_6279.asset","Assets/Resources/AOMigrator/WorldV07/Textures/tex_6004.png",".png",1,1,1,1,1,"","Predominio verde 0.89, sat 0.73"
"OK",6280,"GRH 6280 (tex_6004.png)",2,2,52,"Grass","Grass",1.000,1,"Assets/AOMigrator/MapVisualV063/Generated/Sprites/GRH_6280.asset","Assets/Resources/AOMigrator/WorldV07/Textures/tex_6004.png",".png",1,1,1,1,1,"","Predominio verde 0.71, sat 0.72"
"OK",6281,"GRH 6281 (tex_6004.png)",2,2,52,"Grass","Grass",1.000,1,"Assets/AOMigrator/MapVisualV063/Generated/Sprites/GRH_6281.asset","Assets/Resources/AOMigrator/WorldV07/Textures/tex_6004.png",".png",1,1,1,1,1,"","Predominio verde 0.75, sat 0.73"
"OK",6282,"GRH 6282 (tex_6004.png)",2,2,52,"Grass","Grass",1.000,1,"Assets/AOMigrator/MapVisualV063/Generated/Sprites/GRH_6282.asset","Assets/Resources/AOMigrator/WorldV07/Textures/tex_6004.png",".png",1,1,1,1,1,"","Predominio verde 0.72, sat 0.73"
"OK",6283,"GRH 6283 (tex_6004.png)",2,2,52,"Grass","Grass",1.000,1,"Assets/AOMigrator/MapVisualV063/Generated/Sprites/GRH_6283.asset","Assets/Resources/AOMigrator/WorldV07/Textures/tex_6004.png",".png",1,1,1,1,1,"","Predominio verde 0.70, sat 0.72"
"OK",6284,"GRH 6284 (tex_6004.png)",2,2,52,"Grass","Grass",1.000,1,"Assets/AOMigrator/MapVisualV063/Generated/Sprites/GRH_6284.asset","Assets/Resources/AOMigrator/WorldV07/Textures/tex_6004.png",".png",1,1,1,1,1,"","Predominio verde 0.83, sat 0.73"
"OK",6285,"GRH 6285 (tex_6004.png)",2,2,52,"Grass","Grass",1.000,1,"Assets/AOMigrator/MapVisualV063/Generated/Sprites/GRH_6285.asset","Assets/Resources/AOMigrator/WorldV07/Textures/tex_6004.png",".png",1,1,1,1,1,"","Predominio verde 0.84, sat 0.73"
"OK",6286,"GRH 6286 (tex_6004.png)",2,2,52,"Grass","Grass",1.000,1,"Assets/AOMigrator/MapVisualV063/Generated/Sprites/GRH_6286.asset","Assets/Resources/AOMigrator/WorldV07/Textures/tex_6004.png",".png",1,1,1,1,1,"","Predominio verde 0.80, sat 0.73"
"OK",6287,"GRH 6287 (tex_6004.png)",2,2,52,"Grass","Grass",1.000,1,"Assets/AOMigrator/MapVisualV063/Generated/Sprites/GRH_6287.asset","Assets/Resources/AOMigrator/WorldV07/Textures/tex_6004.png",".png",1,1,1,1,1,"","Predominio verde 0.88, sat 0.73"
"OK",6467,"GRH 6467 (tex_6215.png)",2,2,52,"Grass","Grass",1.000,1,"Assets/AOMigrator/MapVisualV063/Generated/Sprites/GRH_6467.asset","Assets/AOMigrator/MapVisualV063/Textures/tex_6215.png",".png",1,1,1,1,1,"","Predominio verde 0.72, sat 0.67"
"OK",6471,"GRH 6471 (tex_6215.png)",2,2,52,"Floor","Floor",1.000,1,"Assets/AOMigrator/MapVisualV063/Generated/Sprites/GRH_6471.asset","Assets/AOMigrator/MapVisualV063/Textures/tex_6215.png",".png",1,1,1,1,1,"","Piso marrón sólido; marrón 0.96, cobertura 1.00"
"OK",6475,"GRH 6475 (tex_6215.png)",2,2,52,"Floor","Floor",1.000,1,"Assets/AOMigrator/MapVisualV063/Generated/Sprites/GRH_6475.asset","Assets/AOMigrator/MapVisualV063/Textures/tex_6215.png",".png",1,1,1,1,1,"","Piso marrón sólido; marrón 0.89, cobertura 1.00"
"OK",6479,"GRH 6479 (tex_6215.png)",2,2,52,"Grass","Grass",1.000,1,"Assets/AOMigrator/MapVisualV063/Generated/Sprites/GRH_6479.asset","Assets/AOMigrator/MapVisualV063/Textures/tex_6215.png",".png",1,1,1,1,1,"","Predominio verde 0.95, sat 0.72"
"OK",15097,"GRH 15097 (tex_5086.png)",2,2,52,"Transition","Transition",0.896,1,"Assets/AOMigrator/MapVisualV063/Generated/Sprites/GRH_15097.asset","Assets/AOMigrator/MapVisualV063/Textures/tex_5086.png",".png",1,1,1,1,1,"","Transición: Layer2 100%, cobertura 46%, edge 0.11"
"OK",15098,"GRH 15098 (tex_5086.png)",2,2,52,"Transition","Transition",0.879,1,"Assets/AOMigrator/MapVisualV063/Generated/Sprites/GRH_15098.asset","Assets/AOMigrator/MapVisualV063/Textures/tex_5086.png",".png",1,1,1,1,1,"","Transición: Layer2 100%, cobertura 56%, edge 0.11"
"OK",15099,"GRH 15099 (tex_5086.png)",2,2,52,"Transition","Transition",0.921,1,"Assets/AOMigrator/MapVisualV063/Generated/Sprites/GRH_15099.asset","Assets/AOMigrator/MapVisualV063/Textures/tex_5086.png",".png",1,1,1,1,1,"","Transición: Layer2 100%, cobertura 33%, edge 0.08"
"OK",17837,"GRH 17837 (tex_5121.png)",2,2,52,"Dirt","Dirt",1.000,1,"Assets/AOMigrator/MapVisualV063/Generated/Sprites/GRH_17837.asset","Assets/AOMigrator/MapVisualV063/Textures/tex_5121.png",".png",1,1,1,1,1,"","Predominio marrón 0.94, sat 0.26"
"OK",28254,"GRH 28254 (tex_2649.png)",2,2,52,"Transition","Transition",0.944,1,"Assets/AOMigrator/MapVisualV063/Generated/Sprites/GRH_28254.asset","Assets/AOMigrator/MapVisualV063/Textures/tex_2649.png",".png",1,1,1,1,1,"","Transición: Layer2 100%, cobertura 20%, edge 0.67"
"OK",50848,"GRH 50848 (tex_5048.png)",2,2,52,"Transition","Transition",0.864,1,"Assets/AOMigrator/MapVisualV063/Generated/Sprites/GRH_50848.asset","Assets/AOMigrator/MapVisualV063/Textures/tex_5048.png",".png",1,1,1,1,1,"","Transición: Layer2 100%, cobertura 64%, edge 0.30"
"OK",61004,"GRH 61004 (tex_5087.png)",2,2,52,"Floor","Floor",1.000,1,"Assets/AOMigrator/MapVisualV063/Generated/Sprites/GRH_61004.asset","Assets/AOMigrator/MapVisualV063/Textures/tex_5087.png",".png",1,1,1,1,1,"","Piso marrón sólido; marrón 1.00, cobertura 1.00"
"OK",61007,"GRH 61007 (tex_5087.png)",2,2,52,"Floor","Floor",1.000,1,"Assets/AOMigrator/MapVisualV063/Generated/Sprites/GRH_61007.asset","Assets/AOMigrator/MapVisualV063/Textures/tex_5087.png",".png",1,1,1,1,1,"","Piso marrón sólido; marrón 0.83, cobertura 1.00"
"OK",61008,"GRH 61008 (tex_5087.png)",2,2,52,"Floor","Floor",1.000,1,"Assets/AOMigrator/MapVisualV063/Generated/Sprites/GRH_61008.asset","Assets/AOMigrator/MapVisualV063/Textures/tex_5087.png",".png",1,1,1,1,1,"","Piso marrón sólido; marrón 0.96, cobertura 1.00"
"OK",61010,"GRH 61010 (tex_5087.png)",2,2,52,"Floor","Floor",1.000,1,"Assets/AOMigrator/MapVisualV063/Generated/Sprites/GRH_61010.asset","Assets/AOMigrator/MapVisualV063/Textures/tex_5087.png",".png",1,1,1,1,1,"","Piso marrón sólido; marrón 0.93, cobertura 1.00"
"OK",61011,"GRH 61011 (tex_5087.png)",2,2,52,"Floor","Floor",1.000,1,"Assets/AOMigrator/MapVisualV063/Generated/Sprites/GRH_61011.asset","Assets/AOMigrator/MapVisualV063/Textures/tex_5087.png",".png",1,1,1,1,1,"","Piso marrón sólido; marrón 0.92, cobertura 1.00"
"OK",61012,"GRH 61012 (tex_5087.png)",2,2,52,"Floor","Floor",1.000,1,"Assets/AOMigrator/MapVisualV063/Generated/Sprites/GRH_61012.asset","Assets/AOMigrator/MapVisualV063/Textures/tex_5087.png",".png",1,1,1,1,1,"","Piso marrón sólido; marrón 1.00, cobertura 1.00"
"OK",61013,"GRH 61013 (tex_5087.png)",2,2,52,"Floor","Floor",1.000,1,"Assets/AOMigrator/MapVisualV063/Generated/Sprites/GRH_61013.asset","Assets/AOMigrator/MapVisualV063/Textures/tex_5087.png",".png",1,1,1,1,1,"","Piso marrón sólido; marrón 1.00, cobertura 1.00"
"OK",61014,"GRH 61014 (tex_5087.png)",2,2,52,"Floor","Floor",1.000,1,"Assets/AOMigrator/MapVisualV063/Generated/Sprites/GRH_61014.asset","Assets/AOMigrator/MapVisualV063/Textures/tex_5087.png",".png",1,1,1,1,1,"","Piso marrón sólido; marrón 1.00, cobertura 1.00"
"OK",9002,"GRH 9002 (tex_10151.png)",24,1,49,"Floor","Floor",1.000,1,"Assets/AOMigrator/MapVisualV063/Generated/Sprites/GRH_9002.asset","Assets/Resources/AOMigrator/WorldV07/Textures/tex_10151.png",".png",1,1,1,1,1,"","Piso marrón sólido; marrón 0.70, cobertura 1.00"
"OK",9003,"GRH 9003 (tex_10151.png)",24,1,49,"Floor","Floor",1.000,1,"Assets/AOMigrator/MapVisualV063/Generated/Sprites/GRH_9003.asset","Assets/Resources/AOMigrator/WorldV07/Textures/tex_10151.png",".png",1,1,1,1,1,"","Piso marrón sólido; marrón 0.70, cobertura 1.00"
"OK",9004,"GRH 9004 (tex_10151.png)",24,1,49,"Floor","Floor",1.000,1,"Assets/AOMigrator/MapVisualV063/Generated/Sprites/GRH_9004.asset","Assets/Resources/AOMigrator/WorldV07/Textures/tex_10151.png",".png",1,1,1,1,1,"","Piso marrón sólido; marrón 0.70, cobertura 1.00"
"OK",9005,"GRH 9005 (tex_10151.png)",24,1,49,"Floor","Floor",1.000,1,"Assets/AOMigrator/MapVisualV063/Generated/Sprites/GRH_9005.asset","Assets/Resources/AOMigrator/WorldV07/Textures/tex_10151.png",".png",1,1,1,1,1,"","Piso marrón sólido; marrón 0.73, cobertura 1.00"
"OK",1145,"GRH 1145 (tex_5133.png)",12,1,37,"Unclassified","Other",0.340,1,"Assets/AOMigrator/MapVisualV063/Generated/Sprites/GRH_1145.asset","Assets/Resources/AOMigrator/WorldV07/Textures/tex_5133.png",".png",1,1,1,1,1,"","Sin patrón fuerte. verde 0.00, marrón 0.07, gris 0.86, azul 0.00"
"OK",1129,"GRH 1129 (tex_5133.png)",10,1,35,"Transition","Transition",0.836,1,"Assets/AOMigrator/MapVisualV063/Generated/Sprites/GRH_1129.asset","Assets/Resources/AOMigrator/WorldV07/Textures/tex_5133.png",".png",1,1,1,1,1,"","Transición: Layer2 100%, cobertura 80%, edge 0.06"
"OK",1181,"GRH 1181 (tex_5133.png)",10,1,35,"Transition","Transition",0.922,1,"Assets/AOMigrator/MapVisualV063/Generated/Sprites/GRH_1181.asset","Assets/Resources/AOMigrator/WorldV07/Textures/tex_5133.png",".png",1,1,1,1,1,"","Transición: Layer2 100%, cobertura 32%, edge 0.07"
"OK",15301,"GRH 15301 (tex_5095.png)",10,1,35,"Water","Water",1.000,1,"Assets/AOMigrator/MapVisualV063/Generated/Sprites/GRH_15301.asset","Assets/Resources/AOMigrator/WorldV07/Textures/tex_5095.png",".png",1,1,1,1,1,"","Predominio azul 0.60, sat 0.19"
"OK",48770,"GRH 48770 (tex_5067.png)",8,1,33,"Dirt","Dirt",1.000,1,"Assets/AOMigrator/MapVisualV063/Generated/Sprites/GRH_48770.asset","Assets/AOMigrator/MapVisualV063/Textures/tex_5067.png",".png",1,1,1,1,1,"","Predominio marrón 1.00, sat 0.70"
"OK",48771,"GRH 48771 (tex_5067.png)",8,1,33,"Dirt","Dirt",1.000,1,"Assets/AOMigrator/MapVisualV063/Generated/Sprites/GRH_48771.asset","Assets/AOMigrator/MapVisualV063/Textures/tex_5067.png",".png",1,1,1,1,1,"","Predominio marrón 1.00, sat 0.70"
"OK",48772,"GRH 48772 (tex_5067.png)",8,1,33,"Dirt","Dirt",1.000,1,"Assets/AOMigrator/MapVisualV063/Generated/Sprites/GRH_48772.asset","Assets/AOMigrator/MapVisualV063/Textures/tex_5067.png",".png",1,1,1,1,1,"","Predominio marrón 1.00, sat 0.70"
"OK",48773,"GRH 48773 (tex_5067.png)",8,1,33,"Dirt","Dirt",1.000,1,"Assets/AOMigrator/MapVisualV063/Generated/Sprites/GRH_48773.asset","Assets/AOMigrator/MapVisualV063/Textures/tex_5067.png",".png",1,1,1,1,1,"","Predominio marrón 1.00, sat 0.70"
"OK",1538,"GRH 1538 (tex_5133.png)",7,1,32,"Floor","Floor",1.000,1,"Assets/AOMigrator/MapVisualV063/Generated/Sprites/GRH_1538.asset","Assets/Resources/AOMigrator/WorldV07/Textures/tex_5133.png",".png",1,1,1,1,1,"","Piso marrón sólido; marrón 1.00, cobertura 1.00"
"OK",1539,"GRH 1539 (tex_5133.png)",7,1,32,"Floor","Floor",1.000,1,"Assets/AOMigrator/MapVisualV063/Generated/Sprites/GRH_1539.asset","Assets/Resources/AOMigrator/WorldV07/Textures/tex_5133.png",".png",1,1,1,1,1,"","Piso marrón sólido; marrón 0.99, cobertura 1.00"
"OK",1540,"GRH 1540 (tex_5133.png)",7,1,32,"Floor","Floor",1.000,1,"Assets/AOMigrator/MapVisualV063/Generated/Sprites/GRH_1540.asset","Assets/Resources/AOMigrator/WorldV07/Textures/tex_5133.png",".png",1,1,1,1,1,"","Piso marrón sólido; marrón 1.00, cobertura 1.00"
"OK",1541,"GRH 1541 (tex_5133.png)",7,1,32,"Floor","Floor",1.000,1,"Assets/AOMigrator/MapVisualV063/Generated/Sprites/GRH_1541.asset","Assets/Resources/AOMigrator/WorldV07/Textures/tex_5133.png",".png",1,1,1,1,1,"","Piso marrón sólido; marrón 1.00, cobertura 1.00"
"OK",1542,"GRH 1542 (tex_5133.png)",7,1,32,"Floor","Floor",1.000,1,"Assets/AOMigrator/MapVisualV063/Generated/Sprites/GRH_1542.asset","Assets/Resources/AOMigrator/WorldV07/Textures/tex_5133.png",".png",1,1,1,1,1,"","Piso marrón sólido; marrón 0.99, cobertura 1.00"
"OK",1543,"GRH 1543 (tex_5133.png)",7,1,32,"Floor","Floor",1.000,1,"Assets/AOMigrator/MapVisualV063/Generated/Sprites/GRH_1543.asset","Assets/Resources/AOMigrator/WorldV07/Textures/tex_5133.png",".png",1,1,1,1,1,"","Piso marrón sólido; marrón 0.99, cobertura 1.00"
"OK",1544,"GRH 1544 (tex_5133.png)",7,1,32,"Floor","Floor",1.000,1,"Assets/AOMigrator/MapVisualV063/Generated/Sprites/GRH_1544.asset","Assets/Resources/AOMigrator/WorldV07/Textures/tex_5133.png",".png",1,1,1,1,1,"","Piso marrón sólido; marrón 0.99, cobertura 1.00"
"OK",1545,"GRH 1545 (tex_5133.png)",7,1,32,"Floor","Floor",1.000,1,"Assets/AOMigrator/MapVisualV063/Generated/Sprites/GRH_1545.asset","Assets/Resources/AOMigrator/WorldV07/Textures/tex_5133.png",".png",1,1,1,1,1,"","Piso marrón sólido; marrón 1.00, cobertura 1.00"
"OK",1546,"GRH 1546 (tex_5133.png)",7,1,32,"Floor","Floor",1.000,1,"Assets/AOMigrator/MapVisualV063/Generated/Sprites/GRH_1546.asset","Assets/Resources/AOMigrator/WorldV07/Textures/tex_5133.png",".png",1,1,1,1,1,"","Piso marrón sólido; marrón 1.00, cobertura 1.00"
"OK",1547,"GRH 1547 (tex_5133.png)",7,1,32,"Floor","Floor",1.000,1,"Assets/AOMigrator/MapVisualV063/Generated/Sprites/GRH_1547.asset","Assets/Resources/AOMigrator/WorldV07/Textures/tex_5133.png",".png",1,1,1,1,1,"","Piso marrón sólido; marrón 0.99, cobertura 1.00"
"OK",1548,"GRH 1548 (tex_5133.png)",7,1,32,"Floor","Floor",1.000,1,"Assets/AOMigrator/MapVisualV063/Generated/Sprites/GRH_1548.asset","Assets/Resources/AOMigrator/WorldV07/Textures/tex_5133.png",".png",1,1,1,1,1,"","Piso marrón sólido; marrón 0.99, cobertura 1.00"
"OK",1549,"GRH 1549 (tex_5133.png)",7,1,32,"Floor","Floor",1.000,1,"Assets/AOMigrator/MapVisualV063/Generated/Sprites/GRH_1549.asset","Assets/Resources/AOMigrator/WorldV07/Textures/tex_5133.png",".png",1,1,1,1,1,"","Piso marrón sólido; marrón 1.00, cobertura 1.00"
"OK",15298,"GRH 15298 (tex_5095.png)",7,1,32,"Water","Water",1.000,1,"Assets/AOMigrator/MapVisualV063/Generated/Sprites/GRH_15298.asset","Assets/Resources/AOMigrator/WorldV07/Textures/tex_5095.png",".png",1,1,1,1,1,"","Predominio azul 0.57, sat 0.18"
"OK",15300,"GRH 15300 (tex_5095.png)",7,1,32,"Water","Water",1.000,1,"Assets/AOMigrator/MapVisualV063/Generated/Sprites/GRH_15300.asset","Assets/Resources/AOMigrator/WorldV07/Textures/tex_5095.png",".png",1,1,1,1,1,"","Predominio azul 0.76, sat 0.23"
"OK",1140,"GRH 1140 (tex_5133.png)",6,1,31,"Transition","Transition",0.929,1,"Assets/AOMigrator/MapVisualV063/Generated/Sprites/GRH_1140.asset","Assets/Resources/AOMigrator/WorldV07/Textures/tex_5133.png",".png",1,1,1,1,1,"","Transición: Layer2 100%, cobertura 28%, edge 0.08"
"OK",1550,"GRH 1550 (tex_5133.png)",6,1,31,"Floor","Floor",1.000,1,"Assets/AOMigrator/MapVisualV063/Generated/Sprites/GRH_1550.asset","Assets/Resources/AOMigrator/WorldV07/Textures/tex_5133.png",".png",1,1,1,1,1,"","Piso marrón sólido; marrón 1.00, cobertura 1.00"
"OK",1551,"GRH 1551 (tex_5133.png)",6,1,31,"Floor","Floor",1.000,1,"Assets/AOMigrator/MapVisualV063/Generated/Sprites/GRH_1551.asset","Assets/Resources/AOMigrator/WorldV07/Textures/tex_5133.png",".png",1,1,1,1,1,"","Piso marrón sólido; marrón 1.00, cobertura 1.00"
"OK",1552,"GRH 1552 (tex_5133.png)",6,1,31,"Floor","Floor",1.000,1,"Assets/AOMigrator/MapVisualV063/Generated/Sprites/GRH_1552.asset","Assets/Resources/AOMigrator/WorldV07/Textures/tex_5133.png",".png",1,1,1,1,1,"","Piso marrón sólido; marrón 0.99, cobertura 1.00"
"OK",1553,"GRH 1553 (tex_5133.png)",6,1,31,"Floor","Floor",1.000,1,"Assets/AOMigrator/MapVisualV063/Generated/Sprites/GRH_1553.asset","Assets/Resources/AOMigrator/WorldV07/Textures/tex_5133.png",".png",1,1,1,1,1,"","Piso marrón sólido; marrón 0.99, cobertura 1.00"
"OK",1131,"GRH 1131 (tex_5133.png)",5,1,30,"Dirt","Dirt",1.000,1,"Assets/AOMigrator/MapVisualV063/Generated/Sprites/GRH_1131.asset","Assets/Resources/AOMigrator/WorldV07/Textures/tex_5133.png",".png",1,1,1,1,1,"","Predominio marrón 0.71, sat 0.64"
"OK",1141,"GRH 1141 (tex_5133.png)",5,1,30,"Transition","Transition",0.857,1,"Assets/AOMigrator/MapVisualV063/Generated/Sprites/GRH_1141.asset","Assets/Resources/AOMigrator/WorldV07/Textures/tex_5133.png",".png",1,1,1,1,1,"","Transición: Layer2 100%, cobertura 68%, edge 0.06"
"OK",1142,"GRH 1142 (tex_5133.png)",5,1,30,"Transition","Transition",0.929,1,"Assets/AOMigrator/MapVisualV063/Generated/Sprites/GRH_1142.asset","Assets/Resources/AOMigrator/WorldV07/Textures/tex_5133.png",".png",1,1,1,1,1,"","Transición: Layer2 100%, cobertura 28%, edge 0.06"
"OK",1276,"GRH 1276 (tex_5133.png)",5,1,30,"Floor","Floor",1.000,1,"Assets/AOMigrator/MapVisualV063/Generated/Sprites/GRH_1276.asset","Assets/Resources/AOMigrator/WorldV07/Textures/tex_5133.png",".png",1,1,1,1,1,"","Piso marrón sólido; marrón 1.00, cobertura 1.00"
"OK",1280,"GRH 1280 (tex_5133.png)",5,1,30,"Floor","Floor",1.000,1,"Assets/AOMigrator/MapVisualV063/Generated/Sprites/GRH_1280.asset","Assets/Resources/AOMigrator/WorldV07/Textures/tex_5133.png",".png",1,1,1,1,1,"","Piso marrón sólido; marrón 1.00, cobertura 1.00"
"OK",1570,"GRH 1570 (tex_5133.png)",2,1,27,"Floor","Floor",1.000,1,"Assets/AOMigrator/MapVisualV063/Generated/Sprites/GRH_1570.asset","Assets/Resources/AOMigrator/WorldV07/Textures/tex_5133.png",".png",1,1,1,1,1,"","Piso marrón sólido; marrón 0.99, cobertura 1.00"
"OK",1571,"GRH 1571 (tex_5133.png)",2,1,27,"Floor","Floor",1.000,1,"Assets/AOMigrator/MapVisualV063/Generated/Sprites/GRH_1571.asset","Assets/Resources/AOMigrator/WorldV07/Textures/tex_5133.png",".png",1,1,1,1,1,"","Piso marrón sólido; marrón 0.90, cobertura 1.00"
"OK",1572,"GRH 1572 (tex_5133.png)",2,1,27,"Floor","Floor",1.000,1,"Assets/AOMigrator/MapVisualV063/Generated/Sprites/GRH_1572.asset","Assets/Resources/AOMigrator/WorldV07/Textures/tex_5133.png",".png",1,1,1,1,1,"","Piso marrón sólido; marrón 0.90, cobertura 1.00"
"OK",1573,"GRH 1573 (tex_5133.png)",2,1,27,"Floor","Floor",1.000,1,"Assets/AOMigrator/MapVisualV063/Generated/Sprites/GRH_1573.asset","Assets/Resources/AOMigrator/WorldV07/Textures/tex_5133.png",".png",1,1,1,1,1,"","Piso marrón sólido; marrón 0.97, cobertura 1.00"
"OK",6016,"GRH 6016 (tex_6000.png)",2,1,27,"Grass","Grass",1.000,1,"Assets/AOMigrator/MapVisualV063/Generated/Sprites/GRH_6016.asset","Assets/AOMigrator/MapVisualV063/Textures/tex_6000.png",".png",1,1,1,1,1,"","Predominio verde 0.88, sat 0.70"
"OK",6017,"GRH 6017 (tex_6000.png)",2,1,27,"Grass","Grass",1.000,1,"Assets/AOMigrator/MapVisualV063/Generated/Sprites/GRH_6017.asset","Assets/AOMigrator/MapVisualV063/Textures/tex_6000.png",".png",1,1,1,1,1,"","Predominio verde 0.71, sat 0.69"
"OK",6018,"GRH 6018 (tex_6000.png)",2,1,27,"Grass","Grass",1.000,1,"Assets/AOMigrator/MapVisualV063/Generated/Sprites/GRH_6018.asset","Assets/AOMigrator/MapVisualV063/Textures/tex_6000.png",".png",1,1,1,1,1,"","Predominio verde 0.59, sat 0.69"
"OK",6019,"GRH 6019 (tex_6000.png)",2,1,27,"Grass","Grass",1.000,1,"Assets/AOMigrator/MapVisualV063/Generated/Sprites/GRH_6019.asset","Assets/AOMigrator/MapVisualV063/Textures/tex_6000.png",".png",1,1,1,1,1,"","Predominio verde 0.78, sat 0.69"
"OK",6020,"GRH 6020 (tex_6000.png)",2,1,27,"Grass","Grass",1.000,1,"Assets/AOMigrator/MapVisualV063/Generated/Sprites/GRH_6020.asset","Assets/AOMigrator/MapVisualV063/Textures/tex_6000.png",".png",1,1,1,1,1,"","Predominio verde 0.73, sat 0.70"
"OK",6021,"GRH 6021 (tex_6000.png)",2,1,27,"Floor","Floor",1.000,1,"Assets/AOMigrator/MapVisualV063/Generated/Sprites/GRH_6021.asset","Assets/AOMigrator/MapVisualV063/Textures/tex_6000.png",".png",1,1,1,1,1,"","Piso marrón sólido; marrón 0.79, cobertura 1.00"
"OK",6022,"GRH 6022 (tex_6000.png)",2,1,27,"Floor","Floor",1.000,1,"Assets/AOMigrator/MapVisualV063/Generated/Sprites/GRH_6022.asset","Assets/AOMigrator/MapVisualV063/Textures/tex_6000.png",".png",1,1,1,1,1,"","Piso marrón sólido; marrón 0.82, cobertura 1.00"
"OK",6023,"GRH 6023 (tex_6000.png)",2,1,27,"Grass","Grass",1.000,1,"Assets/AOMigrator/MapVisualV063/Generated/Sprites/GRH_6023.asset","Assets/AOMigrator/MapVisualV063/Textures/tex_6000.png",".png",1,1,1,1,1,"","Predominio verde 0.66, sat 0.69"
"OK",7748,"GRH 7748 (tex_5095.png)",2,1,27,"Transition","Transition",0.851,1,"Assets/AOMigrator/MapVisualV063/Generated/Sprites/GRH_7748.asset","Assets/Resources/AOMigrator/WorldV07/Textures/tex_5095.png",".png",1,1,1,1,1,"","Transición: Layer2 100%, cobertura 72%, edge 0.17"
"OK",7859,"GRH 7859 (tex_5095.png)",2,1,27,"Floor","Floor",1.000,1,"Assets/AOMigrator/MapVisualV063/Generated/Sprites/GRH_7859.asset","Assets/Resources/AOMigrator/WorldV07/Textures/tex_5095.png",".png",1,1,1,1,1,"","Piso neutro; gris 0.81, sat 0.10"
"OK",7863,"GRH 7863 (tex_5095.png)",2,1,27,"Floor","Floor",1.000,1,"Assets/AOMigrator/MapVisualV063/Generated/Sprites/GRH_7863.asset","Assets/Resources/AOMigrator/WorldV07/Textures/tex_5095.png",".png",1,1,1,1,1,"","Piso neutro; gris 0.82, sat 0.10"
"OK",16407,"GRH 16407 (tex_5114.png)",2,1,27,"Grass","Grass",1.000,1,"Assets/AOMigrator/MapVisualV063/Generated/Sprites/GRH_16407.asset","Assets/Resources/AOMigrator/WorldV07/Textures/tex_5114.png",".png",1,1,1,1,1,"","Predominio verde 0.67, sat 0.23"
"OK",17056,"GRH 17056 (tex_5041.png)",2,1,27,"Transition","Transition",0.904,1,"Assets/AOMigrator/MapVisualV063/Generated/Sprites/GRH_17056.asset","Assets/AOMigrator/MapVisualV063/Textures/tex_5041.png",".png",1,1,1,1,1,"","Transición: Layer2 100%, cobertura 42%, edge 0.37"
"OK",18952,"GRH 18952 (tex_5114.png)",2,1,27,"Transition","Transition",0.824,1,"Assets/AOMigrator/MapVisualV063/Generated/Sprites/GRH_18952.asset","Assets/Resources/AOMigrator/WorldV07/Textures/tex_5114.png",".png",1,1,1,1,1,"","Transición: Layer2 100%, cobertura 86%, edge 0.18"
"OK",61088,"GRH 61088 (tex_5087.png)",2,1,27,"Floor","Floor",1.000,1,"Assets/AOMigrator/MapVisualV063/Generated/Sprites/GRH_61088.asset","Assets/AOMigrator/MapVisualV063/Textures/tex_5087.png",".png",1,1,1,1,1,"","Piso marrón sólido; marrón 0.99, cobertura 1.00"
"OK",61092,"GRH 61092 (tex_5087.png)",2,1,27,"Floor","Floor",1.000,1,"Assets/AOMigrator/MapVisualV063/Generated/Sprites/GRH_61092.asset","Assets/AOMigrator/MapVisualV063/Textures/tex_5087.png",".png",1,1,1,1,1,"","Piso marrón sólido; marrón 1.00, cobertura 1.00"
"OK",61096,"GRH 61096 (tex_5087.png)",2,1,27,"Floor","Floor",1.000,1,"Assets/AOMigrator/MapVisualV063/Generated/Sprites/GRH_61096.asset","Assets/AOMigrator/MapVisualV063/Textures/tex_5087.png",".png",1,1,1,1,1,"","Piso marrón sólido; marrón 0.98, cobertura 1.00"
"OK",85316,"GRH 85316 (tex_6684.png)",2,1,27,"Transition","Transition",0.860,1,"Assets/AOMigrator/MapVisualV063/Generated/Sprites/GRH_85316.asset","Assets/Resources/AOMigrator/WorldV07/Textures/tex_6684.png",".png",1,1,1,1,1,"","Transición: Layer2 100%, cobertura 67%, edge 0.35"
"OK",85326,"GRH 85326 (tex_6684.png)",2,1,27,"Transition","Transition",0.860,1,"Assets/AOMigrator/MapVisualV063/Generated/Sprites/GRH_85326.asset","Assets/Resources/AOMigrator/WorldV07/Textures/tex_6684.png",".png",1,1,1,1,1,"","Transición: Layer2 100%, cobertura 67%, edge 0.34"
"OK",736,"GRH 736 (tex_5133.png)",1,1,26,"Dirt","Dirt",1.000,1,"Assets/AOMigrator/MapVisualV063/Generated/Sprites/GRH_736.asset","Assets/Resources/AOMigrator/WorldV07/Textures/tex_5133.png",".png",1,1,1,1,1,"","Predominio marrón 0.79, sat 0.68"
"OK",835,"GRH 835 (tex_5133.png)",1,1,26,"Dirt","Dirt",1.000,1,"Assets/AOMigrator/MapVisualV063/Generated/Sprites/GRH_835.asset","Assets/Resources/AOMigrator/WorldV07/Textures/tex_5133.png",".png",1,1,1,1,1,"","Predominio marrón 0.81, sat 0.70"
"OK",1134,"GRH 1134 (tex_5133.png)",1,1,26,"Dirt","Dirt",1.000,1,"Assets/AOMigrator/MapVisualV063/Generated/Sprites/GRH_1134.asset","Assets/Resources/AOMigrator/WorldV07/Textures/tex_5133.png",".png",1,1,1,1,1,"","Predominio marrón 0.86, sat 0.77"
"OK",1220,"GRH 1220 (tex_5133.png)",1,1,26,"Floor","Floor",1.000,1,"Assets/AOMigrator/MapVisualV063/Generated/Sprites/GRH_1220.asset","Assets/Resources/AOMigrator/WorldV07/Textures/tex_5133.png",".png",1,1,1,1,1,"","Piso marrón sólido; marrón 1.00, cobertura 1.00"
"OK",1221,"GRH 1221 (tex_5133.png)",1,1,26,"Floor","Floor",1.000,1,"Assets/AOMigrator/MapVisualV063/Generated/Sprites/GRH_1221.asset","Assets/Resources/AOMigrator/WorldV07/Textures/tex_5133.png",".png",1,1,1,1,1,"","Piso marrón sólido; marrón 1.00, cobertura 1.00"
"OK",1222,"GRH 1222 (tex_5133.png)",1,1,26,"Floor","Floor",1.000,1,"Assets/AOMigrator/MapVisualV063/Generated/Sprites/GRH_1222.asset","Assets/Resources/AOMigrator/WorldV07/Textures/tex_5133.png",".png",1,1,1,1,1,"","Piso marrón sólido; marrón 1.00, cobertura 1.00"
"OK",1223,"GRH 1223 (tex_5133.png)",1,1,26,"Floor","Floor",1.000,1,"Assets/AOMigrator/MapVisualV063/Generated/Sprites/GRH_1223.asset","Assets/Resources/AOMigrator/WorldV07/Textures/tex_5133.png",".png",1,1,1,1,1,"","Piso marrón sólido; marrón 1.00, cobertura 1.00"
"OK",1224,"GRH 1224 (tex_5133.png)",1,1,26,"Floor","Floor",1.000,1,"Assets/AOMigrator/MapVisualV063/Generated/Sprites/GRH_1224.asset","Assets/Resources/AOMigrator/WorldV07/Textures/tex_5133.png",".png",1,1,1,1,1,"","Piso marrón sólido; marrón 0.97, cobertura 1.00"
"OK",1225,"GRH 1225 (tex_5133.png)",1,1,26,"Floor","Floor",1.000,1,"Assets/AOMigrator/MapVisualV063/Generated/Sprites/GRH_1225.asset","Assets/Resources/AOMigrator/WorldV07/Textures/tex_5133.png",".png",1,1,1,1,1,"","Piso marrón sólido; marrón 1.00, cobertura 1.00"
"OK",1226,"GRH 1226 (tex_5133.png)",1,1,26,"Floor","Floor",1.000,1,"Assets/AOMigrator/MapVisualV063/Generated/Sprites/GRH_1226.asset","Assets/Resources/AOMigrator/WorldV07/Textures/tex_5133.png",".png",1,1,1,1,1,"","Piso marrón sólido; marrón 0.99, cobertura 1.00"
"OK",1227,"GRH 1227 (tex_5133.png)",1,1,26,"Floor","Floor",1.000,1,"Assets/AOMigrator/MapVisualV063/Generated/Sprites/GRH_1227.asset","Assets/Resources/AOMigrator/WorldV07/Textures/tex_5133.png",".png",1,1,1,1,1,"","Piso marrón sólido; marrón 0.99, cobertura 1.00"
"OK",1228,"GRH 1228 (tex_5133.png)",1,1,26,"Floor","Floor",1.000,1,"Assets/AOMigrator/MapVisualV063/Generated/Sprites/GRH_1228.asset","Assets/Resources/AOMigrator/WorldV07/Textures/tex_5133.png",".png",1,1,1,1,1,"","Piso marrón sólido; marrón 0.86, cobertura 1.00"
"OK",1229,"GRH 1229 (tex_5133.png)",1,1,26,"Floor","Floor",1.000,1,"Assets/AOMigrator/MapVisualV063/Generated/Sprites/GRH_1229.asset","Assets/Resources/AOMigrator/WorldV07/Textures/tex_5133.png",".png",1,1,1,1,1,"","Piso marrón sólido; marrón 1.00, cobertura 1.00"
"OK",1230,"GRH 1230 (tex_5133.png)",1,1,26,"Floor","Floor",1.000,1,"Assets/AOMigrator/MapVisualV063/Generated/Sprites/GRH_1230.asset","Assets/Resources/AOMigrator/WorldV07/Textures/tex_5133.png",".png",1,1,1,1,1,"","Piso marrón sólido; marrón 0.95, cobertura 1.00"
"OK",1231,"GRH 1231 (tex_5133.png)",1,1,26,"Floor","Floor",1.000,1,"Assets/AOMigrator/MapVisualV063/Generated/Sprites/GRH_1231.asset","Assets/Resources/AOMigrator/WorldV07/Textures/tex_5133.png",".png",1,1,1,1,1,"","Piso marrón sólido; marrón 0.94, cobertura 1.00"
"OK",1232,"GRH 1232 (tex_5133.png)",1,1,26,"Floor","Floor",1.000,1,"Assets/AOMigrator/MapVisualV063/Generated/Sprites/GRH_1232.asset","Assets/Resources/AOMigrator/WorldV07/Textures/tex_5133.png",".png",1,1,1,1,1,"","Piso marrón sólido; marrón 0.99, cobertura 1.00"
"OK",1233,"GRH 1233 (tex_5133.png)",1,1,26,"Floor","Floor",1.000,1,"Assets/AOMigrator/MapVisualV063/Generated/Sprites/GRH_1233.asset","Assets/Resources/AOMigrator/WorldV07/Textures/tex_5133.png",".png",1,1,1,1,1,"","Piso marrón sólido; marrón 1.00, cobertura 1.00"
"OK",1234,"GRH 1234 (tex_5133.png)",1,1,26,"Floor","Floor",1.000,1,"Assets/AOMigrator/MapVisualV063/Generated/Sprites/GRH_1234.asset","Assets/Resources/AOMigrator/WorldV07/Textures/tex_5133.png",".png",1,1,1,1,1,"","Piso marrón sólido; marrón 0.92, cobertura 1.00"
"OK",1235,"GRH 1235 (tex_5133.png)",1,1,26,"Floor","Floor",1.000,1,"Assets/AOMigrator/MapVisualV063/Generated/Sprites/GRH_1235.asset","Assets/Resources/AOMigrator/WorldV07/Textures/tex_5133.png",".png",1,1,1,1,1,"","Piso marrón sólido; marrón 0.95, cobertura 1.00"
"OK",1435,"GRH 1435 (tex_5133.png)",1,1,26,"Transition","Transition",0.885,1,"Assets/AOMigrator/MapVisualV063/Generated/Sprites/GRH_1435.asset","Assets/Resources/AOMigrator/WorldV07/Textures/tex_5133.png",".png",1,1,1,1,1,"","Transición: Layer2 100%, cobertura 53%, edge 0.07"
"OK",1574,"GRH 1574 (tex_5133.png)",1,1,26,"Floor","Floor",1.000,1,"Assets/AOMigrator/MapVisualV063/Generated/Sprites/GRH_1574.asset","Assets/Resources/AOMigrator/WorldV07/Textures/tex_5133.png",".png",1,1,1,1,1,"","Piso marrón sólido; marrón 0.98, cobertura 1.00"
"OK",1575,"GRH 1575 (tex_5133.png)",1,1,26,"Floor","Floor",1.000,1,"Assets/AOMigrator/MapVisualV063/Generated/Sprites/GRH_1575.asset","Assets/Resources/AOMigrator/WorldV07/Textures/tex_5133.png",".png",1,1,1,1,1,"","Piso marrón sólido; marrón 0.86, cobertura 1.00"
"OK",1576,"GRH 1576 (tex_5133.png)",1,1,26,"Floor","Floor",1.000,1,"Assets/AOMigrator/MapVisualV063/Generated/Sprites/GRH_1576.asset","Assets/Resources/AOMigrator/WorldV07/Textures/tex_5133.png",".png",1,1,1,1,1,"","Piso marrón sólido; marrón 0.85, cobertura 1.00"
"OK",1577,"GRH 1577 (tex_5133.png)",1,1,26,"Floor","Floor",1.000,1,"Assets/AOMigrator/MapVisualV063/Generated/Sprites/GRH_1577.asset","Assets/Resources/AOMigrator/WorldV07/Textures/tex_5133.png",".png",1,1,1,1,1,"","Piso marrón sólido; marrón 0.91, cobertura 1.00"
"OK",1578,"GRH 1578 (tex_5133.png)",1,1,26,"Floor","Floor",1.000,1,"Assets/AOMigrator/MapVisualV063/Generated/Sprites/GRH_1578.asset","Assets/Resources/AOMigrator/WorldV07/Textures/tex_5133.png",".png",1,1,1,1,1,"","Piso marrón sólido; marrón 0.99, cobertura 1.00"
"OK",1579,"GRH 1579 (tex_5133.png)",1,1,26,"Floor","Floor",1.000,1,"Assets/AOMigrator/MapVisualV063/Generated/Sprites/GRH_1579.asset","Assets/Resources/AOMigrator/WorldV07/Textures/tex_5133.png",".png",1,1,1,1,1,"","Piso marrón sólido; marrón 0.99, cobertura 1.00"
"OK",1580,"GRH 1580 (tex_5133.png)",1,1,26,"Floor","Floor",1.000,1,"Assets/AOMigrator/MapVisualV063/Generated/Sprites/GRH_1580.asset","Assets/Resources/AOMigrator/WorldV07/Textures/tex_5133.png",".png",1,1,1,1,1,"","Piso marrón sólido; marrón 0.96, cobertura 1.00"
"OK",1581,"GRH 1581 (tex_5133.png)",1,1,26,"Floor","Floor",1.000,1,"Assets/AOMigrator/MapVisualV063/Generated/Sprites/GRH_1581.asset","Assets/Resources/AOMigrator/WorldV07/Textures/tex_5133.png",".png",1,1,1,1,1,"","Piso marrón sólido; marrón 0.94, cobertura 1.00"
"OK",5698,"GRH 5698 (tex_5089.png)",1,1,26,"Transition","Transition",0.876,1,"Assets/AOMigrator/MapVisualV063/Generated/Sprites/GRH_5698.asset","Assets/Resources/AOMigrator/WorldV07/Textures/tex_5089.png",".png",1,1,1,1,1,"","Transición: Layer2 100%, cobertura 58%, edge 0.12"
"OK",5699,"GRH 5699 (tex_5089.png)",1,1,26,"Transition","Transition",0.843,1,"Assets/AOMigrator/MapVisualV063/Generated/Sprites/GRH_5699.asset","Assets/Resources/AOMigrator/WorldV07/Textures/tex_5089.png",".png",1,1,1,1,1,"","Transición: Layer2 100%, cobertura 76%, edge 0.12"
"OK",5700,"GRH 5700 (tex_5089.png)",1,1,26,"Transition","Transition",0.822,1,"Assets/AOMigrator/MapVisualV063/Generated/Sprites/GRH_5700.asset","Assets/Resources/AOMigrator/WorldV07/Textures/tex_5089.png",".png",1,1,1,1,1,"","Transición: Layer2 100%, cobertura 88%, edge 0.10"
"OK",5701,"GRH 5701 (tex_5089.png)",1,1,26,"Transition","Transition",0.874,1,"Assets/AOMigrator/MapVisualV063/Generated/Sprites/GRH_5701.asset","Assets/Resources/AOMigrator/WorldV07/Textures/tex_5089.png",".png",1,1,1,1,1,"","Transición: Layer2 100%, cobertura 59%, edge 0.09"
"OK",6024,"GRH 6024 (tex_6000.png)",1,1,26,"Grass","Grass",1.000,1,"Assets/AOMigrator/MapVisualV063/Generated/Sprites/GRH_6024.asset","Assets/AOMigrator/MapVisualV063/Textures/tex_6000.png",".png",1,1,1,1,1,"","Predominio verde 0.66, sat 0.69"
"OK",6025,"GRH 6025 (tex_6000.png)",1,1,26,"Floor","Floor",1.000,1,"Assets/AOMigrator/MapVisualV063/Generated/Sprites/GRH_6025.asset","Assets/AOMigrator/MapVisualV063/Textures/tex_6000.png",".png",1,1,1,1,1,"","Piso marrón sólido; marrón 0.80, cobertura 1.00"
"OK",6026,"GRH 6026 (tex_6000.png)",1,1,26,"Floor","Floor",1.000,1,"Assets/AOMigrator/MapVisualV063/Generated/Sprites/GRH_6026.asset","Assets/AOMigrator/MapVisualV063/Textures/tex_6000.png",".png",1,1,1,1,1,"","Piso marrón sólido; marrón 0.83, cobertura 1.00"
"OK",6027,"GRH 6027 (tex_6000.png)",1,1,26,"Grass","Grass",1.000,1,"Assets/AOMigrator/MapVisualV063/Generated/Sprites/GRH_6027.asset","Assets/AOMigrator/MapVisualV063/Textures/tex_6000.png",".png",1,1,1,1,1,"","Predominio verde 0.53, sat 0.69"
"OK",6028,"GRH 6028 (tex_6000.png)",1,1,26,"Grass","Grass",1.000,1,"Assets/AOMigrator/MapVisualV063/Generated/Sprites/GRH_6028.asset","Assets/AOMigrator/MapVisualV063/Textures/tex_6000.png",".png",1,1,1,1,1,"","Predominio verde 0.59, sat 0.69"
"OK",6029,"GRH 6029 (tex_6000.png)",1,1,26,"Grass","Grass",1.000,1,"Assets/AOMigrator/MapVisualV063/Generated/Sprites/GRH_6029.asset","Assets/AOMigrator/MapVisualV063/Textures/tex_6000.png",".png",1,1,1,1,1,"","Predominio verde 0.50, sat 0.69"
"OK",6030,"GRH 6030 (tex_6000.png)",1,1,26,"Grass","Grass",1.000,1,"Assets/AOMigrator/MapVisualV063/Generated/Sprites/GRH_6030.asset","Assets/AOMigrator/MapVisualV063/Textures/tex_6000.png",".png",1,1,1,1,1,"","Predominio verde 0.58, sat 0.69"
"OK",6031,"GRH 6031 (tex_6000.png)",1,1,26,"Grass","Grass",1.000,1,"Assets/AOMigrator/MapVisualV063/Generated/Sprites/GRH_6031.asset","Assets/AOMigrator/MapVisualV063/Textures/tex_6000.png",".png",1,1,1,1,1,"","Predominio verde 0.76, sat 0.69"
"OK",6128,"GRH 6128 (tex_6002.png)",1,1,26,"Grass","Grass",1.000,1,"Assets/AOMigrator/MapVisualV063/Generated/Sprites/GRH_6128.asset","Assets/Resources/AOMigrator/WorldV07/Textures/tex_6002.png",".png",1,1,1,1,1,"","Predominio verde 0.88, sat 0.71"
"OK",6129,"GRH 6129 (tex_6002.png)",1,1,26,"Grass","Grass",1.000,1,"Assets/AOMigrator/MapVisualV063/Generated/Sprites/GRH_6129.asset","Assets/Resources/AOMigrator/WorldV07/Textures/tex_6002.png",".png",1,1,1,1,1,"","Predominio verde 0.83, sat 0.70"
"OK",6130,"GRH 6130 (tex_6002.png)",1,1,26,"Grass","Grass",1.000,1,"Assets/AOMigrator/MapVisualV063/Generated/Sprites/GRH_6130.asset","Assets/Resources/AOMigrator/WorldV07/Textures/tex_6002.png",".png",1,1,1,1,1,"","Predominio verde 0.77, sat 0.71"
"OK",6131,"GRH 6131 (tex_6002.png)",1,1,26,"Grass","Grass",1.000,1,"Assets/AOMigrator/MapVisualV063/Generated/Sprites/GRH_6131.asset","Assets/Resources/AOMigrator/WorldV07/Textures/tex_6002.png",".png",1,1,1,1,1,"","Predominio verde 0.87, sat 0.71"
"OK",6132,"GRH 6132 (tex_6002.png)",1,1,26,"Grass","Grass",1.000,1,"Assets/AOMigrator/MapVisualV063/Generated/Sprites/GRH_6132.asset","Assets/Resources/AOMigrator/WorldV07/Textures/tex_6002.png",".png",1,1,1,1,1,"","Predominio verde 0.86, sat 0.70"
"OK",6133,"GRH 6133 (tex_6002.png)",1,1,26,"Grass","Grass",1.000,1,"Assets/AOMigrator/MapVisualV063/Generated/Sprites/GRH_6133.asset","Assets/Resources/AOMigrator/WorldV07/Textures/tex_6002.png",".png",1,1,1,1,1,"","Predominio verde 0.69, sat 0.63"
"OK",6134,"GRH 6134 (tex_6002.png)",1,1,26,"Grass","Grass",1.000,1,"Assets/AOMigrator/MapVisualV063/Generated/Sprites/GRH_6134.asset","Assets/Resources/AOMigrator/WorldV07/Textures/tex_6002.png",".png",1,1,1,1,1,"","Predominio verde 0.79, sat 0.67"
"OK",6135,"GRH 6135 (tex_6002.png)",1,1,26,"Grass","Grass",1.000,1,"Assets/AOMigrator/MapVisualV063/Generated/Sprites/GRH_6135.asset","Assets/Resources/AOMigrator/WorldV07/Textures/tex_6002.png",".png",1,1,1,1,1,"","Predominio verde 0.77, sat 0.63"
"OK",6136,"GRH 6136 (tex_6002.png)",1,1,26,"Grass","Grass",1.000,1,"Assets/AOMigrator/MapVisualV063/Generated/Sprites/GRH_6136.asset","Assets/Resources/AOMigrator/WorldV07/Textures/tex_6002.png",".png",1,1,1,1,1,"","Predominio verde 0.77, sat 0.71"
"OK",6137,"GRH 6137 (tex_6002.png)",1,1,26,"Grass","Grass",1.000,1,"Assets/AOMigrator/MapVisualV063/Generated/Sprites/GRH_6137.asset","Assets/Resources/AOMigrator/WorldV07/Textures/tex_6002.png",".png",1,1,1,1,1,"","Predominio verde 0.57, sat 0.70"
"OK",6138,"GRH 6138 (tex_6002.png)",1,1,26,"Grass","Grass",1.000,1,"Assets/AOMigrator/MapVisualV063/Generated/Sprites/GRH_6138.asset","Assets/Resources/AOMigrator/WorldV07/Textures/tex_6002.png",".png",1,1,1,1,1,"","Predominio verde 0.73, sat 0.64"
"OK",6139,"GRH 6139 (tex_6002.png)",1,1,26,"Grass","Grass",1.000,1,"Assets/AOMigrator/MapVisualV063/Generated/Sprites/GRH_6139.asset","Assets/Resources/AOMigrator/WorldV07/Textures/tex_6002.png",".png",1,1,1,1,1,"","Predominio verde 0.71, sat 0.63"
"OK",6140,"GRH 6140 (tex_6002.png)",1,1,26,"Grass","Grass",1.000,1,"Assets/AOMigrator/MapVisualV063/Generated/Sprites/GRH_6140.asset","Assets/Resources/AOMigrator/WorldV07/Textures/tex_6002.png",".png",1,1,1,1,1,"","Predominio verde 0.77, sat 0.71"
"OK",6141,"GRH 6141 (tex_6002.png)",1,1,26,"Grass","Grass",1.000,1,"Assets/AOMigrator/MapVisualV063/Generated/Sprites/GRH_6141.asset","Assets/Resources/AOMigrator/WorldV07/Textures/tex_6002.png",".png",1,1,1,1,1,"","Predominio verde 0.60, sat 0.70"
"OK",6142,"GRH 6142 (tex_6002.png)",1,1,26,"Grass","Grass",1.000,1,"Assets/AOMigrator/MapVisualV063/Generated/Sprites/GRH_6142.asset","Assets/Resources/AOMigrator/WorldV07/Textures/tex_6002.png",".png",1,1,1,1,1,"","Predominio verde 0.74, sat 0.70"
"OK",6143,"GRH 6143 (tex_6002.png)",1,1,26,"Grass","Grass",1.000,1,"Assets/AOMigrator/MapVisualV063/Generated/Sprites/GRH_6143.asset","Assets/Resources/AOMigrator/WorldV07/Textures/tex_6002.png",".png",1,1,1,1,1,"","Predominio verde 0.82, sat 0.66"
"OK",6160,"GRH 6160 (tex_6002.png)",1,1,26,"Grass","Grass",1.000,1,"Assets/AOMigrator/MapVisualV063/Generated/Sprites/GRH_6160.asset","Assets/Resources/AOMigrator/WorldV07/Textures/tex_6002.png",".png",1,1,1,1,1,"","Predominio verde 0.86, sat 0.71"
"OK",6161,"GRH 6161 (tex_6002.png)",1,1,26,"Grass","Grass",1.000,1,"Assets/AOMigrator/MapVisualV063/Generated/Sprites/GRH_6161.asset","Assets/Resources/AOMigrator/WorldV07/Textures/tex_6002.png",".png",1,1,1,1,1,"","Predominio verde 0.57, sat 0.70"
"OK",6162,"GRH 6162 (tex_6002.png)",1,1,26,"Grass","Grass",1.000,1,"Assets/AOMigrator/MapVisualV063/Generated/Sprites/GRH_6162.asset","Assets/Resources/AOMigrator/WorldV07/Textures/tex_6002.png",".png",1,1,1,1,1,"","Predominio verde 0.72, sat 0.71"
"OK",6163,"GRH 6163 (tex_6002.png)",1,1,26,"Grass","Grass",1.000,1,"Assets/AOMigrator/MapVisualV063/Generated/Sprites/GRH_6163.asset","Assets/Resources/AOMigrator/WorldV07/Textures/tex_6002.png",".png",1,1,1,1,1,"","Predominio verde 0.86, sat 0.71"
"OK",6164,"GRH 6164 (tex_6002.png)",1,1,26,"Grass","Grass",1.000,1,"Assets/AOMigrator/MapVisualV063/Generated/Sprites/GRH_6164.asset","Assets/Resources/AOMigrator/WorldV07/Textures/tex_6002.png",".png",1,1,1,1,1,"","Predominio verde 0.83, sat 0.71"
"OK",6165,"GRH 6165 (tex_6002.png)",1,1,26,"Grass","Grass",0.987,1,"Assets/AOMigrator/MapVisualV063/Generated/Sprites/GRH_6165.asset","Assets/Resources/AOMigrator/WorldV07/Textures/tex_6002.png",".png",1,1,1,1,1,"","Predominio verde 0.45, sat 0.70"
"OK",6166,"GRH 6166 (tex_6002.png)",1,1,26,"Grass","Grass",1.000,1,"Assets/AOMigrator/MapVisualV063/Generated/Sprites/GRH_6166.asset","Assets/Resources/AOMigrator/WorldV07/Textures/tex_6002.png",".png",1,1,1,1,1,"","Predominio verde 0.76, sat 0.71"
"OK",6167,"GRH 6167 (tex_6002.png)",1,1,26,"Grass","Grass",1.000,1,"Assets/AOMigrator/MapVisualV063/Generated/Sprites/GRH_6167.asset","Assets/Resources/AOMigrator/WorldV07/Textures/tex_6002.png",".png",1,1,1,1,1,"","Predominio verde 0.84, sat 0.71"
"OK",6168,"GRH 6168 (tex_6002.png)",1,1,26,"Grass","Grass",1.000,1,"Assets/AOMigrator/MapVisualV063/Generated/Sprites/GRH_6168.asset","Assets/Resources/AOMigrator/WorldV07/Textures/tex_6002.png",".png",1,1,1,1,1,"","Predominio verde 0.80, sat 0.71"
"OK",6169,"GRH 6169 (tex_6002.png)",1,1,26,"Grass","Grass",1.000,1,"Assets/AOMigrator/MapVisualV063/Generated/Sprites/GRH_6169.asset","Assets/Resources/AOMigrator/WorldV07/Textures/tex_6002.png",".png",1,1,1,1,1,"","Predominio verde 0.68, sat 0.70"
"OK",6170,"GRH 6170 (tex_6002.png)",1,1,26,"Grass","Grass",1.000,1,"Assets/AOMigrator/MapVisualV063/Generated/Sprites/GRH_6170.asset","Assets/Resources/AOMigrator/WorldV07/Textures/tex_6002.png",".png",1,1,1,1,1,"","Predominio verde 0.62, sat 0.70"
"OK",6171,"GRH 6171 (tex_6002.png)",1,1,26,"Grass","Grass",1.000,1,"Assets/AOMigrator/MapVisualV063/Generated/Sprites/GRH_6171.asset","Assets/Resources/AOMigrator/WorldV07/Textures/tex_6002.png",".png",1,1,1,1,1,"","Predominio verde 0.55, sat 0.70"
"OK",6172,"GRH 6172 (tex_6002.png)",1,1,26,"Grass","Grass",1.000,1,"Assets/AOMigrator/MapVisualV063/Generated/Sprites/GRH_6172.asset","Assets/Resources/AOMigrator/WorldV07/Textures/tex_6002.png",".png",1,1,1,1,1,"","Predominio verde 0.79, sat 0.71"
"OK",6173,"GRH 6173 (tex_6002.png)",1,1,26,"Grass","Grass",1.000,1,"Assets/AOMigrator/MapVisualV063/Generated/Sprites/GRH_6173.asset","Assets/Resources/AOMigrator/WorldV07/Textures/tex_6002.png",".png",1,1,1,1,1,"","Predominio verde 0.84, sat 0.71"
"OK",6174,"GRH 6174 (tex_6002.png)",1,1,26,"Grass","Grass",1.000,1,"Assets/AOMigrator/MapVisualV063/Generated/Sprites/GRH_6174.asset","Assets/Resources/AOMigrator/WorldV07/Textures/tex_6002.png",".png",1,1,1,1,1,"","Predominio verde 0.81, sat 0.71"
"OK",6175,"GRH 6175 (tex_6002.png)",1,1,26,"Grass","Grass",1.000,1,"Assets/AOMigrator/MapVisualV063/Generated/Sprites/GRH_6175.asset","Assets/Resources/AOMigrator/WorldV07/Textures/tex_6002.png",".png",1,1,1,1,1,"","Predominio verde 0.85, sat 0.71"
"OK",6256,"GRH 6256 (tex_6004.png)",1,1,26,"Grass","Grass",1.000,1,"Assets/AOMigrator/MapVisualV063/Generated/Sprites/GRH_6256.asset","Assets/Resources/AOMigrator/WorldV07/Textures/tex_6004.png",".png",1,1,1,1,1,"","Predominio verde 0.93, sat 0.72"
"OK",6257,"GRH 6257 (tex_6004.png)",1,1,26,"Grass","Grass",1.000,1,"Assets/AOMigrator/MapVisualV063/Generated/Sprites/GRH_6257.asset","Assets/Resources/AOMigrator/WorldV07/Textures/tex_6004.png",".png",1,1,1,1,1,"","Predominio verde 0.89, sat 0.73"
"OK",6258,"GRH 6258 (tex_6004.png)",1,1,26,"Grass","Grass",1.000,1,"Assets/AOMigrator/MapVisualV063/Generated/Sprites/GRH_6258.asset","Assets/Resources/AOMigrator/WorldV07/Textures/tex_6004.png",".png",1,1,1,1,1,"","Predominio verde 0.84, sat 0.73"
"OK",6259,"GRH 6259 (tex_6004.png)",1,1,26,"Grass","Grass",1.000,1,"Assets/AOMigrator/MapVisualV063/Generated/Sprites/GRH_6259.asset","Assets/Resources/AOMigrator/WorldV07/Textures/tex_6004.png",".png",1,1,1,1,1,"","Predominio verde 0.92, sat 0.72"
"OK",6260,"GRH 6260 (tex_6004.png)",1,1,26,"Grass","Grass",1.000,1,"Assets/AOMigrator/MapVisualV063/Generated/Sprites/GRH_6260.asset","Assets/Resources/AOMigrator/WorldV07/Textures/tex_6004.png",".png",1,1,1,1,1,"","Predominio verde 0.84, sat 0.66"
"OK",6261,"GRH 6261 (tex_6004.png)",1,1,26,"Grass","Grass",1.000,1,"Assets/AOMigrator/MapVisualV063/Generated/Sprites/GRH_6261.asset","Assets/Resources/AOMigrator/WorldV07/Textures/tex_6004.png",".png",1,1,1,1,1,"","Predominio verde 0.69, sat 0.71"
"OK",6262,"GRH 6262 (tex_6004.png)",1,1,26,"Grass","Grass",1.000,1,"Assets/AOMigrator/MapVisualV063/Generated/Sprites/GRH_6262.asset","Assets/Resources/AOMigrator/WorldV07/Textures/tex_6004.png",".png",1,1,1,1,1,"","Predominio verde 0.79, sat 0.71"
"OK",6263,"GRH 6263 (tex_6004.png)",1,1,26,"Grass","Grass",1.000,1,"Assets/AOMigrator/MapVisualV063/Generated/Sprites/GRH_6263.asset","Assets/Resources/AOMigrator/WorldV07/Textures/tex_6004.png",".png",1,1,1,1,1,"","Predominio verde 0.82, sat 0.66"
"OK",6264,"GRH 6264 (tex_6004.png)",1,1,26,"Grass","Grass",1.000,1,"Assets/AOMigrator/MapVisualV063/Generated/Sprites/GRH_6264.asset","Assets/Resources/AOMigrator/WorldV07/Textures/tex_6004.png",".png",1,1,1,1,1,"","Predominio verde 0.74, sat 0.65"
"OK",6265,"GRH 6265 (tex_6004.png)",1,1,26,"Grass","Grass",1.000,1,"Assets/AOMigrator/MapVisualV063/Generated/Sprites/GRH_6265.asset","Assets/Resources/AOMigrator/WorldV07/Textures/tex_6004.png",".png",1,1,1,1,1,"","Predominio verde 0.74, sat 0.71"
"OK",6266,"GRH 6266 (tex_6004.png)",1,1,26,"Grass","Grass",1.000,1,"Assets/AOMigrator/MapVisualV063/Generated/Sprites/GRH_6266.asset","Assets/Resources/AOMigrator/WorldV07/Textures/tex_6004.png",".png",1,1,1,1,1,"","Predominio verde 0.69, sat 0.70"
"OK",6267,"GRH 6267 (tex_6004.png)",1,1,26,"Grass","Grass",1.000,1,"Assets/AOMigrator/MapVisualV063/Generated/Sprites/GRH_6267.asset","Assets/Resources/AOMigrator/WorldV07/Textures/tex_6004.png",".png",1,1,1,1,1,"","Predominio verde 0.71, sat 0.68"
"OK",6268,"GRH 6268 (tex_6004.png)",1,1,26,"Grass","Grass",1.000,1,"Assets/AOMigrator/MapVisualV063/Generated/Sprites/GRH_6268.asset","Assets/Resources/AOMigrator/WorldV07/Textures/tex_6004.png",".png",1,1,1,1,1,"","Predominio verde 0.79, sat 0.67"
"OK",6269,"GRH 6269 (tex_6004.png)",1,1,26,"Grass","Grass",1.000,1,"Assets/AOMigrator/MapVisualV063/Generated/Sprites/GRH_6269.asset","Assets/Resources/AOMigrator/WorldV07/Textures/tex_6004.png",".png",1,1,1,1,1,"","Predominio verde 0.82, sat 0.71"
"OK",6270,"GRH 6270 (tex_6004.png)",1,1,26,"Grass","Grass",1.000,1,"Assets/AOMigrator/MapVisualV063/Generated/Sprites/GRH_6270.asset","Assets/Resources/AOMigrator/WorldV07/Textures/tex_6004.png",".png",1,1,1,1,1,"","Predominio verde 0.79, sat 0.71"
"OK",6271,"GRH 6271 (tex_6004.png)",1,1,26,"Grass","Grass",1.000,1,"Assets/AOMigrator/MapVisualV063/Generated/Sprites/GRH_6271.asset","Assets/Resources/AOMigrator/WorldV07/Textures/tex_6004.png",".png",1,1,1,1,1,"","Predominio verde 0.82, sat 0.67"
"OK",6288,"GRH 6288 (tex_6004.png)",1,1,26,"Grass","Grass",1.000,1,"Assets/AOMigrator/MapVisualV063/Generated/Sprites/GRH_6288.asset","Assets/Resources/AOMigrator/WorldV07/Textures/tex_6004.png",".png",1,1,1,1,1,"","Predominio verde 0.90, sat 0.73"
"OK",6289,"GRH 6289 (tex_6004.png)",1,1,26,"Grass","Grass",1.000,1,"Assets/AOMigrator/MapVisualV063/Generated/Sprites/GRH_6289.asset","Assets/Resources/AOMigrator/WorldV07/Textures/tex_6004.png",".png",1,1,1,1,1,"","Predominio verde 0.77, sat 0.72"
"OK",6290,"GRH 6290 (tex_6004.png)",1,1,26,"Grass","Grass",1.000,1,"Assets/AOMigrator/MapVisualV063/Generated/Sprites/GRH_6290.asset","Assets/Resources/AOMigrator/WorldV07/Textures/tex_6004.png",".png",1,1,1,1,1,"","Predominio verde 0.78, sat 0.72"
"OK",6291,"GRH 6291 (tex_6004.png)",1,1,26,"Grass","Grass",1.000,1,"Assets/AOMigrator/MapVisualV063/Generated/Sprites/GRH_6291.asset","Assets/Resources/AOMigrator/WorldV07/Textures/tex_6004.png",".png",1,1,1,1,1,"","Predominio verde 0.92, sat 0.73"
"OK",6292,"GRH 6292 (tex_6004.png)",1,1,26,"Grass","Grass",1.000,1,"Assets/AOMigrator/MapVisualV063/Generated/Sprites/GRH_6292.asset","Assets/Resources/AOMigrator/WorldV07/Textures/tex_6004.png",".png",1,1,1,1,1,"","Predominio verde 0.86, sat 0.73"
"OK",6293,"GRH 6293 (tex_6004.png)",1,1,26,"Grass","Grass",1.000,1,"Assets/AOMigrator/MapVisualV063/Generated/Sprites/GRH_6293.asset","Assets/Resources/AOMigrator/WorldV07/Textures/tex_6004.png",".png",1,1,1,1,1,"","Predominio verde 0.70, sat 0.72"
"OK",6294,"GRH 6294 (tex_6004.png)",1,1,26,"Grass","Grass",1.000,1,"Assets/AOMigrator/MapVisualV063/Generated/Sprites/GRH_6294.asset","Assets/Resources/AOMigrator/WorldV07/Textures/tex_6004.png",".png",1,1,1,1,1,"","Predominio verde 0.81, sat 0.73"
"OK",6295,"GRH 6295 (tex_6004.png)",1,1,26,"Grass","Grass",1.000,1,"Assets/AOMigrator/MapVisualV063/Generated/Sprites/GRH_6295.asset","Assets/Resources/AOMigrator/WorldV07/Textures/tex_6004.png",".png",1,1,1,1,1,"","Predominio verde 0.89, sat 0.73"
"OK",6296,"GRH 6296 (tex_6004.png)",1,1,26,"Grass","Grass",1.000,1,"Assets/AOMigrator/MapVisualV063/Generated/Sprites/GRH_6296.asset","Assets/Resources/AOMigrator/WorldV07/Textures/tex_6004.png",".png",1,1,1,1,1,"","Predominio verde 0.80, sat 0.72"
"OK",6297,"GRH 6297 (tex_6004.png)",1,1,26,"Grass","Grass",1.000,1,"Assets/AOMigrator/MapVisualV063/Generated/Sprites/GRH_6297.asset","Assets/Resources/AOMigrator/WorldV07/Textures/tex_6004.png",".png",1,1,1,1,1,"","Predominio verde 0.77, sat 0.72"
"OK",6298,"GRH 6298 (tex_6004.png)",1,1,26,"Grass","Grass",1.000,1,"Assets/AOMigrator/MapVisualV063/Generated/Sprites/GRH_6298.asset","Assets/Resources/AOMigrator/WorldV07/Textures/tex_6004.png",".png",1,1,1,1,1,"","Predominio verde 0.73, sat 0.72"
"OK",6299,"GRH 6299 (tex_6004.png)",1,1,26,"Grass","Grass",1.000,1,"Assets/AOMigrator/MapVisualV063/Generated/Sprites/GRH_6299.asset","Assets/Resources/AOMigrator/WorldV07/Textures/tex_6004.png",".png",1,1,1,1,1,"","Predominio verde 0.79, sat 0.72"
"OK",6300,"GRH 6300 (tex_6004.png)",1,1,26,"Grass","Grass",1.000,1,"Assets/AOMigrator/MapVisualV063/Generated/Sprites/GRH_6300.asset","Assets/Resources/AOMigrator/WorldV07/Textures/tex_6004.png",".png",1,1,1,1,1,"","Predominio verde 0.85, sat 0.73"
"OK",6301,"GRH 6301 (tex_6004.png)",1,1,26,"Grass","Grass",1.000,1,"Assets/AOMigrator/MapVisualV063/Generated/Sprites/GRH_6301.asset","Assets/Resources/AOMigrator/WorldV07/Textures/tex_6004.png",".png",1,1,1,1,1,"","Predominio verde 0.82, sat 0.73"
"OK",6302,"GRH 6302 (tex_6004.png)",1,1,26,"Grass","Grass",1.000,1,"Assets/AOMigrator/MapVisualV063/Generated/Sprites/GRH_6302.asset","Assets/Resources/AOMigrator/WorldV07/Textures/tex_6004.png",".png",1,1,1,1,1,"","Predominio verde 0.83, sat 0.73"
"OK",6303,"GRH 6303 (tex_6004.png)",1,1,26,"Grass","Grass",1.000,1,"Assets/AOMigrator/MapVisualV063/Generated/Sprites/GRH_6303.asset","Assets/Resources/AOMigrator/WorldV07/Textures/tex_6004.png",".png",1,1,1,1,1,"","Predominio verde 0.90, sat 0.73"
"OK",7736,"GRH 7736 (tex_5095.png)",1,1,26,"Water","Water",1.000,1,"Assets/AOMigrator/MapVisualV063/Generated/Sprites/GRH_7736.asset","Assets/Resources/AOMigrator/WorldV07/Textures/tex_5095.png",".png",1,1,1,1,1,"","Predominio azul 0.58, sat 0.27"
"OK",7740,"GRH 7740 (tex_5095.png)",1,1,26,"Water","Water",1.000,1,"Assets/AOMigrator/MapVisualV063/Generated/Sprites/GRH_7740.asset","Assets/Resources/AOMigrator/WorldV07/Textures/tex_5095.png",".png",1,1,1,1,1,"","Predominio azul 0.92, sat 0.29"
"OK",7744,"GRH 7744 (tex_5095.png)",1,1,26,"Water","Water",1.000,1,"Assets/AOMigrator/MapVisualV063/Generated/Sprites/GRH_7744.asset","Assets/Resources/AOMigrator/WorldV07/Textures/tex_5095.png",".png",1,1,1,1,1,"","Predominio azul 0.74, sat 0.19"
"OK",7832,"GRH 7832 (tex_5095.png)",1,1,26,"Floor","Floor",1.000,1,"Assets/AOMigrator/MapVisualV063/Generated/Sprites/GRH_7832.asset","Assets/Resources/AOMigrator/WorldV07/Textures/tex_5095.png",".png",1,1,1,1,1,"","Piso neutro; gris 0.78, sat 0.11"
"OK",7836,"GRH 7836 (tex_5095.png)",1,1,26,"Floor","Floor",1.000,1,"Assets/AOMigrator/MapVisualV063/Generated/Sprites/GRH_7836.asset","Assets/Resources/AOMigrator/WorldV07/Textures/tex_5095.png",".png",1,1,1,1,1,"","Piso neutro; gris 0.84, sat 0.08"
"OK",7840,"GRH 7840 (tex_5095.png)",1,1,26,"Floor","Floor",1.000,1,"Assets/AOMigrator/MapVisualV063/Generated/Sprites/GRH_7840.asset","Assets/Resources/AOMigrator/WorldV07/Textures/tex_5095.png",".png",1,1,1,1,1,"","Piso neutro; gris 0.79, sat 0.11"
"OK",7844,"GRH 7844 (tex_5095.png)",1,1,26,"Floor","Floor",1.000,1,"Assets/AOMigrator/MapVisualV063/Generated/Sprites/GRH_7844.asset","Assets/Resources/AOMigrator/WorldV07/Textures/tex_5095.png",".png",1,1,1,1,1,"","Piso neutro; gris 0.77, sat 0.12"
"OK",7851,"GRH 7851 (tex_5095.png)",1,1,26,"Floor","Floor",1.000,1,"Assets/AOMigrator/MapVisualV063/Generated/Sprites/GRH_7851.asset","Assets/Resources/AOMigrator/WorldV07/Textures/tex_5095.png",".png",1,1,1,1,1,"","Piso neutro; gris 0.81, sat 0.10"
"OK",7855,"GRH 7855 (tex_5095.png)",1,1,26,"Floor","Floor",1.000,1,"Assets/AOMigrator/MapVisualV063/Generated/Sprites/GRH_7855.asset","Assets/Resources/AOMigrator/WorldV07/Textures/tex_5095.png",".png",1,1,1,1,1,"","Piso neutro; gris 0.86, sat 0.06"
"OK",7858,"GRH 7858 (tex_5095.png)",1,1,26,"Water","Water",1.000,1,"Assets/AOMigrator/MapVisualV063/Generated/Sprites/GRH_7858.asset","Assets/Resources/AOMigrator/WorldV07/Textures/tex_5095.png",".png",1,1,1,1,1,"","Predominio azul 0.89, sat 0.27"
"OK",7862,"GRH 7862 (tex_5095.png)",1,1,26,"Water","Water",1.000,1,"Assets/AOMigrator/MapVisualV063/Generated/Sprites/GRH_7862.asset","Assets/Resources/AOMigrator/WorldV07/Textures/tex_5095.png",".png",1,1,1,1,1,"","Predominio azul 0.99, sat 0.34"
"OK",13750,"GRH 13750 (tex_5236.png)",1,1,26,"Transition","Transition",0.937,1,"Assets/AOMigrator/MapVisualV063/Generated/Sprites/GRH_13750.asset","Assets/Resources/AOMigrator/WorldV07/Textures/tex_5236.png",".png",1,1,1,1,1,"","Transición: Layer2 100%, cobertura 24%, edge 0.43"
"OK",16168,"GRH 16168 (tex_5065.png)",1,1,26,"Transition","Transition",0.917,1,"Assets/AOMigrator/MapVisualV063/Generated/Sprites/GRH_16168.asset","Assets/AOMigrator/MapVisualV063/Textures/tex_5065.png",".png",1,1,1,1,1,"","Transición: Layer2 100%, cobertura 35%, edge 0.37"
"OK",16415,"GRH 16415 (tex_5114.png)",1,1,26,"Grass","Grass",1.000,1,"Assets/AOMigrator/MapVisualV063/Generated/Sprites/GRH_16415.asset","Assets/Resources/AOMigrator/WorldV07/Textures/tex_5114.png",".png",1,1,1,1,1,"","Predominio verde 0.67, sat 0.22"
"OK",16419,"GRH 16419 (tex_5114.png)",1,1,26,"Grass","Grass",1.000,1,"Assets/AOMigrator/MapVisualV063/Generated/Sprites/GRH_16419.asset","Assets/Resources/AOMigrator/WorldV07/Textures/tex_5114.png",".png",1,1,1,1,1,"","Predominio verde 0.68, sat 0.23"
"OK",18981,"GRH 18981 (tex_5114.png)",1,1,26,"Transition","Transition",0.920,1,"Assets/AOMigrator/MapVisualV063/Generated/Sprites/GRH_18981.asset","Assets/Resources/AOMigrator/WorldV07/Textures/tex_5114.png",".png",1,1,1,1,1,"","Transición: Layer2 100%, cobertura 34%, edge 0.20"
"OK",18996,"GRH 18996 (tex_5114.png)",1,1,26,"Transition","Transition",0.888,1,"Assets/AOMigrator/MapVisualV063/Generated/Sprites/GRH_18996.asset","Assets/Resources/AOMigrator/WorldV07/Textures/tex_5114.png",".png",1,1,1,1,1,"","Transición: Layer2 100%, cobertura 51%, edge 0.22"
"OK",51305,"GRH 51305 (tex_6223.png)",1,1,26,"Grass","Grass",1.000,1,"Assets/AOMigrator/MapVisualV063/Generated/Sprites/GRH_51305.asset","Assets/Resources/AOMigrator/WorldV07/Textures/tex_6223.png",".png",1,1,1,1,1,"","Predominio verde 0.75, sat 0.28"
"OK",51309,"GRH 51309 (tex_6223.png)",1,1,26,"Grass","Grass",1.000,1,"Assets/AOMigrator/MapVisualV063/Generated/Sprites/GRH_51309.asset","Assets/Resources/AOMigrator/WorldV07/Textures/tex_6223.png",".png",1,1,1,1,1,"","Predominio verde 0.74, sat 0.27"
"OK",51313,"GRH 51313 (tex_6223.png)",1,1,26,"Grass","Grass",1.000,1,"Assets/AOMigrator/MapVisualV063/Generated/Sprites/GRH_51313.asset","Assets/Resources/AOMigrator/WorldV07/Textures/tex_6223.png",".png",1,1,1,1,1,"","Predominio verde 0.65, sat 0.26"
"OK",51317,"GRH 51317 (tex_6223.png)",1,1,26,"Grass","Grass",1.000,1,"Assets/AOMigrator/MapVisualV063/Generated/Sprites/GRH_51317.asset","Assets/Resources/AOMigrator/WorldV07/Textures/tex_6223.png",".png",1,1,1,1,1,"","Predominio verde 0.66, sat 0.26"
"OK",51364,"GRH 51364 (tex_6223.png)",1,1,26,"Grass","Grass",1.000,1,"Assets/AOMigrator/MapVisualV063/Generated/Sprites/GRH_51364.asset","Assets/Resources/AOMigrator/WorldV07/Textures/tex_6223.png",".png",1,1,1,1,1,"","Predominio verde 0.59, sat 0.26"
"OK",59514,"GRH 59514 (tex_6224.png)",1,1,26,"Transition","Transition",0.840,1,"Assets/AOMigrator/MapVisualV063/Generated/Sprites/GRH_59514.asset","Assets/Resources/AOMigrator/WorldV07/Textures/tex_6224.png",".png",1,1,1,1,1,"","Transición: Layer2 100%, cobertura 78%, edge 0.05"
"OK",59515,"GRH 59515 (tex_6224.png)",1,1,26,"Transition","Transition",0.847,1,"Assets/AOMigrator/MapVisualV063/Generated/Sprites/GRH_59515.asset","Assets/Resources/AOMigrator/WorldV07/Textures/tex_6224.png",".png",1,1,1,1,1,"","Transición: Layer2 100%, cobertura 74%, edge 0.05"
"OK",60940,"GRH 60940 (tex_5087.png)",1,1,26,"Floor","Floor",1.000,1,"Assets/AOMigrator/MapVisualV063/Generated/Sprites/GRH_60940.asset","Assets/AOMigrator/MapVisualV063/Textures/tex_5087.png",".png",1,1,1,1,1,"","Piso marrón sólido; marrón 1.00, cobertura 1.00"
"OK",60941,"GRH 60941 (tex_5087.png)",1,1,26,"Floor","Floor",1.000,1,"Assets/AOMigrator/MapVisualV063/Generated/Sprites/GRH_60941.asset","Assets/AOMigrator/MapVisualV063/Textures/tex_5087.png",".png",1,1,1,1,1,"","Piso marrón sólido; marrón 1.00, cobertura 1.00"
"OK",60942,"GRH 60942 (tex_5087.png)",1,1,26,"Floor","Floor",1.000,1,"Assets/AOMigrator/MapVisualV063/Generated/Sprites/GRH_60942.asset","Assets/AOMigrator/MapVisualV063/Textures/tex_5087.png",".png",1,1,1,1,1,"","Piso marrón sólido; marrón 1.00, cobertura 1.00"
"OK",60943,"GRH 60943 (tex_5087.png)",1,1,26,"Floor","Floor",1.000,1,"Assets/AOMigrator/MapVisualV063/Generated/Sprites/GRH_60943.asset","Assets/AOMigrator/MapVisualV063/Textures/tex_5087.png",".png",1,1,1,1,1,"","Piso marrón sólido; marrón 1.00, cobertura 1.00"
"OK",60944,"GRH 60944 (tex_5087.png)",1,1,26,"Floor","Floor",1.000,1,"Assets/AOMigrator/MapVisualV063/Generated/Sprites/GRH_60944.asset","Assets/AOMigrator/MapVisualV063/Textures/tex_5087.png",".png",1,1,1,1,1,"","Piso marrón sólido; marrón 0.96, cobertura 1.00"
"OK",60945,"GRH 60945 (tex_5087.png)",1,1,26,"Floor","Floor",1.000,1,"Assets/AOMigrator/MapVisualV063/Generated/Sprites/GRH_60945.asset","Assets/AOMigrator/MapVisualV063/Textures/tex_5087.png",".png",1,1,1,1,1,"","Piso marrón sólido; marrón 0.83, cobertura 1.00"
"OK",60946,"GRH 60946 (tex_5087.png)",1,1,26,"Floor","Floor",1.000,1,"Assets/AOMigrator/MapVisualV063/Generated/Sprites/GRH_60946.asset","Assets/AOMigrator/MapVisualV063/Textures/tex_5087.png",".png",1,1,1,1,1,"","Piso marrón sólido; marrón 0.93, cobertura 1.00"
"OK",60947,"GRH 60947 (tex_5087.png)",1,1,26,"Floor","Floor",1.000,1,"Assets/AOMigrator/MapVisualV063/Generated/Sprites/GRH_60947.asset","Assets/AOMigrator/MapVisualV063/Textures/tex_5087.png",".png",1,1,1,1,1,"","Piso marrón sólido; marrón 1.00, cobertura 1.00"
"OK",60948,"GRH 60948 (tex_5087.png)",1,1,26,"Floor","Floor",1.000,1,"Assets/AOMigrator/MapVisualV063/Generated/Sprites/GRH_60948.asset","Assets/AOMigrator/MapVisualV063/Textures/tex_5087.png",".png",1,1,1,1,1,"","Piso marrón sólido; marrón 0.78, cobertura 1.00"
"OK",60949,"GRH 60949 (tex_5087.png)",1,1,26,"Floor","Floor",1.000,1,"Assets/AOMigrator/MapVisualV063/Generated/Sprites/GRH_60949.asset","Assets/AOMigrator/MapVisualV063/Textures/tex_5087.png",".png",1,1,1,1,1,"","Piso marrón sólido; marrón 0.90, cobertura 1.00"
"OK",60950,"GRH 60950 (tex_5087.png)",1,1,26,"Floor","Floor",1.000,1,"Assets/AOMigrator/MapVisualV063/Generated/Sprites/GRH_60950.asset","Assets/AOMigrator/MapVisualV063/Textures/tex_5087.png",".png",1,1,1,1,1,"","Piso marrón sólido; marrón 1.00, cobertura 1.00"
"OK",60951,"GRH 60951 (tex_5087.png)",1,1,26,"Floor","Floor",1.000,1,"Assets/AOMigrator/MapVisualV063/Generated/Sprites/GRH_60951.asset","Assets/AOMigrator/MapVisualV063/Textures/tex_5087.png",".png",1,1,1,1,1,"","Piso marrón sólido; marrón 1.00, cobertura 1.00"
"OK",60953,"GRH 60953 (tex_5087.png)",1,1,26,"Floor","Floor",1.000,1,"Assets/AOMigrator/MapVisualV063/Generated/Sprites/GRH_60953.asset","Assets/AOMigrator/MapVisualV063/Textures/tex_5087.png",".png",1,1,1,1,1,"","Piso marrón sólido; marrón 0.93, cobertura 1.00"
"OK",60954,"GRH 60954 (tex_5087.png)",1,1,26,"Floor","Floor",1.000,1,"Assets/AOMigrator/MapVisualV063/Generated/Sprites/GRH_60954.asset","Assets/AOMigrator/MapVisualV063/Textures/tex_5087.png",".png",1,1,1,1,1,"","Piso marrón sólido; marrón 1.00, cobertura 1.00"
"OK",60955,"GRH 60955 (tex_5087.png)",1,1,26,"Floor","Floor",1.000,1,"Assets/AOMigrator/MapVisualV063/Generated/Sprites/GRH_60955.asset","Assets/AOMigrator/MapVisualV063/Textures/tex_5087.png",".png",1,1,1,1,1,"","Piso marrón sólido; marrón 1.00, cobertura 1.00"
"OK",60956,"GRH 60956 (tex_5087.png)",1,1,26,"Grass","Grass",0.787,1,"Assets/AOMigrator/MapVisualV063/Generated/Sprites/GRH_60956.asset","Assets/AOMigrator/MapVisualV063/Textures/tex_5087.png",".png",1,1,1,1,1,"","Predominio verde 0.23, sat 0.55"
"OK",60957,"GRH 60957 (tex_5087.png)",1,1,26,"Floor","Floor",1.000,1,"Assets/AOMigrator/MapVisualV063/Generated/Sprites/GRH_60957.asset","Assets/AOMigrator/MapVisualV063/Textures/tex_5087.png",".png",1,1,1,1,1,"","Piso marrón sólido; marrón 0.98, cobertura 1.00"
"OK",60958,"GRH 60958 (tex_5087.png)",1,1,26,"Floor","Floor",1.000,1,"Assets/AOMigrator/MapVisualV063/Generated/Sprites/GRH_60958.asset","Assets/AOMigrator/MapVisualV063/Textures/tex_5087.png",".png",1,1,1,1,1,"","Piso marrón sólido; marrón 0.99, cobertura 1.00"
"OK",60959,"GRH 60959 (tex_5087.png)",1,1,26,"Floor","Floor",1.000,1,"Assets/AOMigrator/MapVisualV063/Generated/Sprites/GRH_60959.asset","Assets/AOMigrator/MapVisualV063/Textures/tex_5087.png",".png",1,1,1,1,1,"","Piso marrón sólido; marrón 0.99, cobertura 1.00"
"OK",60960,"GRH 60960 (tex_5087.png)",1,1,26,"Floor","Floor",1.000,1,"Assets/AOMigrator/MapVisualV063/Generated/Sprites/GRH_60960.asset","Assets/AOMigrator/MapVisualV063/Textures/tex_5087.png",".png",1,1,1,1,1,"","Piso marrón sólido; marrón 0.92, cobertura 1.00"
"OK",60961,"GRH 60961 (tex_5087.png)",1,1,26,"Floor","Floor",1.000,1,"Assets/AOMigrator/MapVisualV063/Generated/Sprites/GRH_60961.asset","Assets/AOMigrator/MapVisualV063/Textures/tex_5087.png",".png",1,1,1,1,1,"","Piso marrón sólido; marrón 0.98, cobertura 1.00"
"OK",60962,"GRH 60962 (tex_5087.png)",1,1,26,"Floor","Floor",1.000,1,"Assets/AOMigrator/MapVisualV063/Generated/Sprites/GRH_60962.asset","Assets/AOMigrator/MapVisualV063/Textures/tex_5087.png",".png",1,1,1,1,1,"","Piso marrón sólido; marrón 0.99, cobertura 1.00"
"OK",60963,"GRH 60963 (tex_5087.png)",1,1,26,"Floor","Floor",1.000,1,"Assets/AOMigrator/MapVisualV063/Generated/Sprites/GRH_60963.asset","Assets/AOMigrator/MapVisualV063/Textures/tex_5087.png",".png",1,1,1,1,1,"","Piso marrón sólido; marrón 1.00, cobertura 1.00"
"OK",60964,"GRH 60964 (tex_5087.png)",1,1,26,"Floor","Floor",1.000,1,"Assets/AOMigrator/MapVisualV063/Generated/Sprites/GRH_60964.asset","Assets/AOMigrator/MapVisualV063/Textures/tex_5087.png",".png",1,1,1,1,1,"","Piso marrón sólido; marrón 1.00, cobertura 1.00"
"OK",60965,"GRH 60965 (tex_5087.png)",1,1,26,"Floor","Floor",1.000,1,"Assets/AOMigrator/MapVisualV063/Generated/Sprites/GRH_60965.asset","Assets/AOMigrator/MapVisualV063/Textures/tex_5087.png",".png",1,1,1,1,1,"","Piso marrón sólido; marrón 1.00, cobertura 1.00"
"OK",60966,"GRH 60966 (tex_5087.png)",1,1,26,"Floor","Floor",1.000,1,"Assets/AOMigrator/MapVisualV063/Generated/Sprites/GRH_60966.asset","Assets/AOMigrator/MapVisualV063/Textures/tex_5087.png",".png",1,1,1,1,1,"","Piso marrón sólido; marrón 1.00, cobertura 1.00"
"OK",60967,"GRH 60967 (tex_5087.png)",1,1,26,"Floor","Floor",1.000,1,"Assets/AOMigrator/MapVisualV063/Generated/Sprites/GRH_60967.asset","Assets/AOMigrator/MapVisualV063/Textures/tex_5087.png",".png",1,1,1,1,1,"","Piso marrón sólido; marrón 1.00, cobertura 1.00"
"OK",60968,"GRH 60968 (tex_5087.png)",1,1,26,"Floor","Floor",1.000,1,"Assets/AOMigrator/MapVisualV063/Generated/Sprites/GRH_60968.asset","Assets/AOMigrator/MapVisualV063/Textures/tex_5087.png",".png",1,1,1,1,1,"","Piso marrón sólido; marrón 1.00, cobertura 1.00"
"OK",60969,"GRH 60969 (tex_5087.png)",1,1,26,"Floor","Floor",1.000,1,"Assets/AOMigrator/MapVisualV063/Generated/Sprites/GRH_60969.asset","Assets/AOMigrator/MapVisualV063/Textures/tex_5087.png",".png",1,1,1,1,1,"","Piso marrón sólido; marrón 1.00, cobertura 1.00"
"OK",60970,"GRH 60970 (tex_5087.png)",1,1,26,"Floor","Floor",1.000,1,"Assets/AOMigrator/MapVisualV063/Generated/Sprites/GRH_60970.asset","Assets/AOMigrator/MapVisualV063/Textures/tex_5087.png",".png",1,1,1,1,1,"","Piso marrón sólido; marrón 0.99, cobertura 1.00"
"OK",60971,"GRH 60971 (tex_5087.png)",1,1,26,"Floor","Floor",1.000,1,"Assets/AOMigrator/MapVisualV063/Generated/Sprites/GRH_60971.asset","Assets/AOMigrator/MapVisualV063/Textures/tex_5087.png",".png",1,1,1,1,1,"","Piso marrón sólido; marrón 0.99, cobertura 1.00"
"OK",61020,"GRH 61020 (tex_5087.png)",1,1,26,"Floor","Floor",1.000,1,"Assets/AOMigrator/MapVisualV063/Generated/Sprites/GRH_61020.asset","Assets/AOMigrator/MapVisualV063/Textures/tex_5087.png",".png",1,1,1,1,1,"","Piso marrón sólido; marrón 1.00, cobertura 1.00"
"OK",61024,"GRH 61024 (tex_5087.png)",1,1,26,"Floor","Floor",1.000,1,"Assets/AOMigrator/MapVisualV063/Generated/Sprites/GRH_61024.asset","Assets/AOMigrator/MapVisualV063/Textures/tex_5087.png",".png",1,1,1,1,1,"","Piso marrón sólido; marrón 1.00, cobertura 1.00"
"OK",61064,"GRH 61064 (tex_5087.png)",1,1,26,"Floor","Floor",1.000,1,"Assets/AOMigrator/MapVisualV063/Generated/Sprites/GRH_61064.asset","Assets/AOMigrator/MapVisualV063/Textures/tex_5087.png",".png",1,1,1,1,1,"","Piso marrón sólido; marrón 0.99, cobertura 1.00"
"OK",61065,"GRH 61065 (tex_5087.png)",1,1,26,"Floor","Floor",1.000,1,"Assets/AOMigrator/MapVisualV063/Generated/Sprites/GRH_61065.asset","Assets/AOMigrator/MapVisualV063/Textures/tex_5087.png",".png",1,1,1,1,1,"","Piso marrón sólido; marrón 1.00, cobertura 1.00"
"OK",61066,"GRH 61066 (tex_5087.png)",1,1,26,"Floor","Floor",1.000,1,"Assets/AOMigrator/MapVisualV063/Generated/Sprites/GRH_61066.asset","Assets/AOMigrator/MapVisualV063/Textures/tex_5087.png",".png",1,1,1,1,1,"","Piso marrón sólido; marrón 0.99, cobertura 1.00"
"OK",61067,"GRH 61067 (tex_5087.png)",1,1,26,"Floor","Floor",1.000,1,"Assets/AOMigrator/MapVisualV063/Generated/Sprites/GRH_61067.asset","Assets/AOMigrator/MapVisualV063/Textures/tex_5087.png",".png",1,1,1,1,1,"","Piso marrón sólido; marrón 1.00, cobertura 1.00"
"OK",61070,"GRH 61070 (tex_5087.png)",1,1,26,"Floor","Floor",1.000,1,"Assets/AOMigrator/MapVisualV063/Generated/Sprites/GRH_61070.asset","Assets/AOMigrator/MapVisualV063/Textures/tex_5087.png",".png",1,1,1,1,1,"","Piso marrón sólido; marrón 0.99, cobertura 1.00"
"OK",61071,"GRH 61071 (tex_5087.png)",1,1,26,"Floor","Floor",1.000,1,"Assets/AOMigrator/MapVisualV063/Generated/Sprites/GRH_61071.asset","Assets/AOMigrator/MapVisualV063/Textures/tex_5087.png",".png",1,1,1,1,1,"","Piso marrón sólido; marrón 0.99, cobertura 1.00"
"OK",61074,"GRH 61074 (tex_5087.png)",1,1,26,"Floor","Floor",1.000,1,"Assets/AOMigrator/MapVisualV063/Generated/Sprites/GRH_61074.asset","Assets/AOMigrator/MapVisualV063/Textures/tex_5087.png",".png",1,1,1,1,1,"","Piso marrón sólido; marrón 0.99, cobertura 1.00"
"OK",61075,"GRH 61075 (tex_5087.png)",1,1,26,"Floor","Floor",1.000,1,"Assets/AOMigrator/MapVisualV063/Generated/Sprites/GRH_61075.asset","Assets/AOMigrator/MapVisualV063/Textures/tex_5087.png",".png",1,1,1,1,1,"","Piso marrón sólido; marrón 1.00, cobertura 1.00"
"OK",61078,"GRH 61078 (tex_5087.png)",1,1,26,"Floor","Floor",1.000,1,"Assets/AOMigrator/MapVisualV063/Generated/Sprites/GRH_61078.asset","Assets/AOMigrator/MapVisualV063/Textures/tex_5087.png",".png",1,1,1,1,1,"","Piso marrón sólido; marrón 1.00, cobertura 1.00"
"OK",61079,"GRH 61079 (tex_5087.png)",1,1,26,"Floor","Floor",1.000,1,"Assets/AOMigrator/MapVisualV063/Generated/Sprites/GRH_61079.asset","Assets/AOMigrator/MapVisualV063/Textures/tex_5087.png",".png",1,1,1,1,1,"","Piso marrón sólido; marrón 0.97, cobertura 1.00"
"OK",61082,"GRH 61082 (tex_5087.png)",1,1,26,"Floor","Floor",1.000,1,"Assets/AOMigrator/MapVisualV063/Generated/Sprites/GRH_61082.asset","Assets/AOMigrator/MapVisualV063/Textures/tex_5087.png",".png",1,1,1,1,1,"","Piso marrón sólido; marrón 0.99, cobertura 1.00"
"OK",61083,"GRH 61083 (tex_5087.png)",1,1,26,"Floor","Floor",1.000,1,"Assets/AOMigrator/MapVisualV063/Generated/Sprites/GRH_61083.asset","Assets/AOMigrator/MapVisualV063/Textures/tex_5087.png",".png",1,1,1,1,1,"","Piso marrón sólido; marrón 0.98, cobertura 1.00"
"OK",61132,"GRH 61132 (tex_5087.png)",1,1,26,"Floor","Floor",1.000,1,"Assets/AOMigrator/MapVisualV063/Generated/Sprites/GRH_61132.asset","Assets/AOMigrator/MapVisualV063/Textures/tex_5087.png",".png",1,1,1,1,1,"","Piso marrón sólido; marrón 0.90, cobertura 1.00"
"OK",61133,"GRH 61133 (tex_5087.png)",1,1,26,"Floor","Floor",1.000,1,"Assets/AOMigrator/MapVisualV063/Generated/Sprites/GRH_61133.asset","Assets/AOMigrator/MapVisualV063/Textures/tex_5087.png",".png",1,1,1,1,1,"","Piso marrón sólido; marrón 0.81, cobertura 1.00"
"OK",61134,"GRH 61134 (tex_5087.png)",1,1,26,"Floor","Floor",1.000,1,"Assets/AOMigrator/MapVisualV063/Generated/Sprites/GRH_61134.asset","Assets/AOMigrator/MapVisualV063/Textures/tex_5087.png",".png",1,1,1,1,1,"","Piso marrón sólido; marrón 1.00, cobertura 1.00"
"OK",61135,"GRH 61135 (tex_5087.png)",1,1,26,"Floor","Floor",1.000,1,"Assets/AOMigrator/MapVisualV063/Generated/Sprites/GRH_61135.asset","Assets/AOMigrator/MapVisualV063/Textures/tex_5087.png",".png",1,1,1,1,1,"","Piso marrón sólido; marrón 1.00, cobertura 1.00"
"OK",61136,"GRH 61136 (tex_5087.png)",1,1,26,"Floor","Floor",1.000,1,"Assets/AOMigrator/MapVisualV063/Generated/Sprites/GRH_61136.asset","Assets/AOMigrator/MapVisualV063/Textures/tex_5087.png",".png",1,1,1,1,1,"","Piso marrón sólido; marrón 0.95, cobertura 1.00"
"OK",61137,"GRH 61137 (tex_5087.png)",1,1,26,"Floor","Floor",1.000,1,"Assets/AOMigrator/MapVisualV063/Generated/Sprites/GRH_61137.asset","Assets/AOMigrator/MapVisualV063/Textures/tex_5087.png",".png",1,1,1,1,1,"","Piso marrón sólido; marrón 0.99, cobertura 1.00"
"OK",61138,"GRH 61138 (tex_5087.png)",1,1,26,"Floor","Floor",1.000,1,"Assets/AOMigrator/MapVisualV063/Generated/Sprites/GRH_61138.asset","Assets/AOMigrator/MapVisualV063/Textures/tex_5087.png",".png",1,1,1,1,1,"","Piso marrón sólido; marrón 0.99, cobertura 1.00"
"OK",61139,"GRH 61139 (tex_5087.png)",1,1,26,"Floor","Floor",1.000,1,"Assets/AOMigrator/MapVisualV063/Generated/Sprites/GRH_61139.asset","Assets/AOMigrator/MapVisualV063/Textures/tex_5087.png",".png",1,1,1,1,1,"","Piso marrón sólido; marrón 1.00, cobertura 1.00"
"OK",61140,"GRH 61140 (tex_5087.png)",1,1,26,"Floor","Floor",1.000,1,"Assets/AOMigrator/MapVisualV063/Generated/Sprites/GRH_61140.asset","Assets/AOMigrator/MapVisualV063/Textures/tex_5087.png",".png",1,1,1,1,1,"","Piso marrón sólido; marrón 0.93, cobertura 1.00"
"OK",61141,"GRH 61141 (tex_5087.png)",1,1,26,"Floor","Floor",1.000,1,"Assets/AOMigrator/MapVisualV063/Generated/Sprites/GRH_61141.asset","Assets/AOMigrator/MapVisualV063/Textures/tex_5087.png",".png",1,1,1,1,1,"","Piso marrón sólido; marrón 0.99, cobertura 1.00"
"OK",61142,"GRH 61142 (tex_5087.png)",1,1,26,"Floor","Floor",1.000,1,"Assets/AOMigrator/MapVisualV063/Generated/Sprites/GRH_61142.asset","Assets/AOMigrator/MapVisualV063/Textures/tex_5087.png",".png",1,1,1,1,1,"","Piso marrón sólido; marrón 1.00, cobertura 1.00"
"OK",61143,"GRH 61143 (tex_5087.png)",1,1,26,"Floor","Floor",1.000,1,"Assets/AOMigrator/MapVisualV063/Generated/Sprites/GRH_61143.asset","Assets/AOMigrator/MapVisualV063/Textures/tex_5087.png",".png",1,1,1,1,1,"","Piso marrón sólido; marrón 1.00, cobertura 1.00"
"OK",61144,"GRH 61144 (tex_5087.png)",1,1,26,"Floor","Floor",1.000,1,"Assets/AOMigrator/MapVisualV063/Generated/Sprites/GRH_61144.asset","Assets/AOMigrator/MapVisualV063/Textures/tex_5087.png",".png",1,1,1,1,1,"","Piso marrón sólido; marrón 0.99, cobertura 1.00"
"OK",61145,"GRH 61145 (tex_5087.png)",1,1,26,"Floor","Floor",1.000,1,"Assets/AOMigrator/MapVisualV063/Generated/Sprites/GRH_61145.asset","Assets/AOMigrator/MapVisualV063/Textures/tex_5087.png",".png",1,1,1,1,1,"","Piso marrón sólido; marrón 1.00, cobertura 1.00"
"OK",61146,"GRH 61146 (tex_5087.png)",1,1,26,"Floor","Floor",1.000,1,"Assets/AOMigrator/MapVisualV063/Generated/Sprites/GRH_61146.asset","Assets/AOMigrator/MapVisualV063/Textures/tex_5087.png",".png",1,1,1,1,1,"","Piso marrón sólido; marrón 0.99, cobertura 1.00"
"OK",61147,"GRH 61147 (tex_5087.png)",1,1,26,"Floor","Floor",1.000,1,"Assets/AOMigrator/MapVisualV063/Generated/Sprites/GRH_61147.asset","Assets/AOMigrator/MapVisualV063/Textures/tex_5087.png",".png",1,1,1,1,1,"","Piso marrón sólido; marrón 1.00, cobertura 1.00"
"OK",61160,"GRH 61160 (tex_5087.png)",1,1,26,"Floor","Floor",1.000,1,"Assets/AOMigrator/MapVisualV063/Generated/Sprites/GRH_61160.asset","Assets/AOMigrator/MapVisualV063/Textures/tex_5087.png",".png",1,1,1,1,1,"","Piso marrón sólido; marrón 1.00, cobertura 1.00"
"OK",61161,"GRH 61161 (tex_5087.png)",1,1,26,"Floor","Floor",1.000,1,"Assets/AOMigrator/MapVisualV063/Generated/Sprites/GRH_61161.asset","Assets/AOMigrator/MapVisualV063/Textures/tex_5087.png",".png",1,1,1,1,1,"","Piso marrón sólido; marrón 1.00, cobertura 1.00"
"OK",61162,"GRH 61162 (tex_5087.png)",1,1,26,"Floor","Floor",1.000,1,"Assets/AOMigrator/MapVisualV063/Generated/Sprites/GRH_61162.asset","Assets/AOMigrator/MapVisualV063/Textures/tex_5087.png",".png",1,1,1,1,1,"","Piso marrón sólido; marrón 1.00, cobertura 1.00"
"OK",61163,"GRH 61163 (tex_5087.png)",1,1,26,"Floor","Floor",1.000,1,"Assets/AOMigrator/MapVisualV063/Generated/Sprites/GRH_61163.asset","Assets/AOMigrator/MapVisualV063/Textures/tex_5087.png",".png",1,1,1,1,1,"","Piso marrón sólido; marrón 1.00, cobertura 1.00"
"OK",61436,"GRH 61436 (tex_5087.png)",1,1,26,"Floor","Floor",1.000,1,"Assets/AOMigrator/MapVisualV063/Generated/Sprites/GRH_61436.asset","Assets/AOMigrator/MapVisualV063/Textures/tex_5087.png",".png",1,1,1,1,1,"","Piso marrón sólido; marrón 1.00, cobertura 1.00"
"OK",61437,"GRH 61437 (tex_5087.png)",1,1,26,"Floor","Floor",1.000,1,"Assets/AOMigrator/MapVisualV063/Generated/Sprites/GRH_61437.asset","Assets/AOMigrator/MapVisualV063/Textures/tex_5087.png",".png",1,1,1,1,1,"","Piso marrón sólido; marrón 1.00, cobertura 1.00"
"OK",61438,"GRH 61438 (tex_5087.png)",1,1,26,"Floor","Floor",1.000,1,"Assets/AOMigrator/MapVisualV063/Generated/Sprites/GRH_61438.asset","Assets/AOMigrator/MapVisualV063/Textures/tex_5087.png",".png",1,1,1,1,1,"","Piso marrón sólido; marrón 0.99, cobertura 1.00"
"OK",61439,"GRH 61439 (tex_5087.png)",1,1,26,"Floor","Floor",1.000,1,"Assets/AOMigrator/MapVisualV063/Generated/Sprites/GRH_61439.asset","Assets/AOMigrator/MapVisualV063/Textures/tex_5087.png",".png",1,1,1,1,1,"","Piso marrón sólido; marrón 0.99, cobertura 1.00"
"OK",61440,"GRH 61440 (tex_5087.png)",1,1,26,"Floor","Floor",1.000,1,"Assets/AOMigrator/MapVisualV063/Generated/Sprites/GRH_61440.asset","Assets/AOMigrator/MapVisualV063/Textures/tex_5087.png",".png",1,1,1,1,1,"","Piso marrón sólido; marrón 0.99, cobertura 1.00"
"OK",61441,"GRH 61441 (tex_5087.png)",1,1,26,"Floor","Floor",1.000,1,"Assets/AOMigrator/MapVisualV063/Generated/Sprites/GRH_61441.asset","Assets/AOMigrator/MapVisualV063/Textures/tex_5087.png",".png",1,1,1,1,1,"","Piso marrón sólido; marrón 1.00, cobertura 1.00"
"OK",61442,"GRH 61442 (tex_5087.png)",1,1,26,"Floor","Floor",1.000,1,"Assets/AOMigrator/MapVisualV063/Generated/Sprites/GRH_61442.asset","Assets/AOMigrator/MapVisualV063/Textures/tex_5087.png",".png",1,1,1,1,1,"","Piso marrón sólido; marrón 0.99, cobertura 1.00"
"OK",61443,"GRH 61443 (tex_5087.png)",1,1,26,"Floor","Floor",1.000,1,"Assets/AOMigrator/MapVisualV063/Generated/Sprites/GRH_61443.asset","Assets/AOMigrator/MapVisualV063/Textures/tex_5087.png",".png",1,1,1,1,1,"","Piso marrón sólido; marrón 1.00, cobertura 1.00"
"OK",61444,"GRH 61444 (tex_5087.png)",1,1,26,"Floor","Floor",1.000,1,"Assets/AOMigrator/MapVisualV063/Generated/Sprites/GRH_61444.asset","Assets/AOMigrator/MapVisualV063/Textures/tex_5087.png",".png",1,1,1,1,1,"","Piso marrón sólido; marrón 1.00, cobertura 1.00"
"OK",61445,"GRH 61445 (tex_5087.png)",1,1,26,"Floor","Floor",1.000,1,"Assets/AOMigrator/MapVisualV063/Generated/Sprites/GRH_61445.asset","Assets/AOMigrator/MapVisualV063/Textures/tex_5087.png",".png",1,1,1,1,1,"","Piso marrón sólido; marrón 1.00, cobertura 1.00"
"OK",61446,"GRH 61446 (tex_5087.png)",1,1,26,"Floor","Floor",1.000,1,"Assets/AOMigrator/MapVisualV063/Generated/Sprites/GRH_61446.asset","Assets/AOMigrator/MapVisualV063/Textures/tex_5087.png",".png",1,1,1,1,1,"","Piso marrón sólido; marrón 0.97, cobertura 1.00"
"OK",61447,"GRH 61447 (tex_5087.png)",1,1,26,"Floor","Floor",1.000,1,"Assets/AOMigrator/MapVisualV063/Generated/Sprites/GRH_61447.asset","Assets/AOMigrator/MapVisualV063/Textures/tex_5087.png",".png",1,1,1,1,1,"","Piso marrón sólido; marrón 0.95, cobertura 1.00"
"OK",61448,"GRH 61448 (tex_5087.png)",1,1,26,"Floor","Floor",1.000,1,"Assets/AOMigrator/MapVisualV063/Generated/Sprites/GRH_61448.asset","Assets/AOMigrator/MapVisualV063/Textures/tex_5087.png",".png",1,1,1,1,1,"","Piso marrón sólido; marrón 1.00, cobertura 1.00"
"OK",61449,"GRH 61449 (tex_5087.png)",1,1,26,"Floor","Floor",1.000,1,"Assets/AOMigrator/MapVisualV063/Generated/Sprites/GRH_61449.asset","Assets/AOMigrator/MapVisualV063/Textures/tex_5087.png",".png",1,1,1,1,1,"","Piso marrón sólido; marrón 1.00, cobertura 1.00"
"OK",61450,"GRH 61450 (tex_5087.png)",1,1,26,"Floor","Floor",1.000,1,"Assets/AOMigrator/MapVisualV063/Generated/Sprites/GRH_61450.asset","Assets/AOMigrator/MapVisualV063/Textures/tex_5087.png",".png",1,1,1,1,1,"","Piso marrón sólido; marrón 0.98, cobertura 1.00"
"OK",61451,"GRH 61451 (tex_5087.png)",1,1,26,"Floor","Floor",1.000,1,"Assets/AOMigrator/MapVisualV063/Generated/Sprites/GRH_61451.asset","Assets/AOMigrator/MapVisualV063/Textures/tex_5087.png",".png",1,1,1,1,1,"","Piso marrón sólido; marrón 0.94, cobertura 1.00"
"OK",61484,"GRH 61484 (tex_5087.png)",1,1,26,"Floor","Floor",1.000,1,"Assets/AOMigrator/MapVisualV063/Generated/Sprites/GRH_61484.asset","Assets/AOMigrator/MapVisualV063/Textures/tex_5087.png",".png",1,1,1,1,1,"","Piso marrón sólido; marrón 1.00, cobertura 1.00"
"OK",61485,"GRH 61485 (tex_5087.png)",1,1,26,"Floor","Floor",1.000,1,"Assets/AOMigrator/MapVisualV063/Generated/Sprites/GRH_61485.asset","Assets/AOMigrator/MapVisualV063/Textures/tex_5087.png",".png",1,1,1,1,1,"","Piso marrón sólido; marrón 1.00, cobertura 1.00"
"OK",61486,"GRH 61486 (tex_5087.png)",1,1,26,"Floor","Floor",1.000,1,"Assets/AOMigrator/MapVisualV063/Generated/Sprites/GRH_61486.asset","Assets/AOMigrator/MapVisualV063/Textures/tex_5087.png",".png",1,1,1,1,1,"","Piso marrón sólido; marrón 1.00, cobertura 1.00"
"OK",61487,"GRH 61487 (tex_5087.png)",1,1,26,"Floor","Floor",1.000,1,"Assets/AOMigrator/MapVisualV063/Generated/Sprites/GRH_61487.asset","Assets/AOMigrator/MapVisualV063/Textures/tex_5087.png",".png",1,1,1,1,1,"","Piso marrón sólido; marrón 1.00, cobertura 1.00"
"OK",61488,"GRH 61488 (tex_5087.png)",1,1,26,"Floor","Floor",1.000,1,"Assets/AOMigrator/MapVisualV063/Generated/Sprites/GRH_61488.asset","Assets/AOMigrator/MapVisualV063/Textures/tex_5087.png",".png",1,1,1,1,1,"","Piso marrón sólido; marrón 0.99, cobertura 1.00"
"OK",61489,"GRH 61489 (tex_5087.png)",1,1,26,"Floor","Floor",1.000,1,"Assets/AOMigrator/MapVisualV063/Generated/Sprites/GRH_61489.asset","Assets/AOMigrator/MapVisualV063/Textures/tex_5087.png",".png",1,1,1,1,1,"","Piso marrón sólido; marrón 1.00, cobertura 1.00"
"OK",61490,"GRH 61490 (tex_5087.png)",1,1,26,"Floor","Floor",1.000,1,"Assets/AOMigrator/MapVisualV063/Generated/Sprites/GRH_61490.asset","Assets/AOMigrator/MapVisualV063/Textures/tex_5087.png",".png",1,1,1,1,1,"","Piso marrón sólido; marrón 0.99, cobertura 1.00"
"OK",61491,"GRH 61491 (tex_5087.png)",1,1,26,"Floor","Floor",1.000,1,"Assets/AOMigrator/MapVisualV063/Generated/Sprites/GRH_61491.asset","Assets/AOMigrator/MapVisualV063/Textures/tex_5087.png",".png",1,1,1,1,1,"","Piso marrón sólido; marrón 1.00, cobertura 1.00"
"OK",61492,"GRH 61492 (tex_5087.png)",1,1,26,"Floor","Floor",1.000,1,"Assets/AOMigrator/MapVisualV063/Generated/Sprites/GRH_61492.asset","Assets/AOMigrator/MapVisualV063/Textures/tex_5087.png",".png",1,1,1,1,1,"","Piso marrón sólido; marrón 0.83, cobertura 1.00"
"OK",61493,"GRH 61493 (tex_5087.png)",1,1,26,"Floor","Floor",1.000,1,"Assets/AOMigrator/MapVisualV063/Generated/Sprites/GRH_61493.asset","Assets/AOMigrator/MapVisualV063/Textures/tex_5087.png",".png",1,1,1,1,1,"","Piso marrón sólido; marrón 0.95, cobertura 1.00"
"OK",61494,"GRH 61494 (tex_5087.png)",1,1,26,"Floor","Floor",1.000,1,"Assets/AOMigrator/MapVisualV063/Generated/Sprites/GRH_61494.asset","Assets/AOMigrator/MapVisualV063/Textures/tex_5087.png",".png",1,1,1,1,1,"","Piso marrón sólido; marrón 1.00, cobertura 1.00"
"OK",61495,"GRH 61495 (tex_5087.png)",1,1,26,"Floor","Floor",1.000,1,"Assets/AOMigrator/MapVisualV063/Generated/Sprites/GRH_61495.asset","Assets/AOMigrator/MapVisualV063/Textures/tex_5087.png",".png",1,1,1,1,1,"","Piso marrón sólido; marrón 1.00, cobertura 1.00"
"OK",61496,"GRH 61496 (tex_5087.png)",1,1,26,"Grass","Grass",0.781,1,"Assets/AOMigrator/MapVisualV063/Generated/Sprites/GRH_61496.asset","Assets/AOMigrator/MapVisualV063/Textures/tex_5087.png",".png",1,1,1,1,1,"","Predominio verde 0.22, sat 0.57"
"OK",61497,"GRH 61497 (tex_5087.png)",1,1,26,"Floor","Floor",1.000,1,"Assets/AOMigrator/MapVisualV063/Generated/Sprites/GRH_61497.asset","Assets/AOMigrator/MapVisualV063/Textures/tex_5087.png",".png",1,1,1,1,1,"","Piso marrón sólido; marrón 0.91, cobertura 1.00"
"OK",61498,"GRH 61498 (tex_5087.png)",1,1,26,"Floor","Floor",1.000,1,"Assets/AOMigrator/MapVisualV063/Generated/Sprites/GRH_61498.asset","Assets/AOMigrator/MapVisualV063/Textures/tex_5087.png",".png",1,1,1,1,1,"","Piso marrón sólido; marrón 1.00, cobertura 1.00"
"OK",61499,"GRH 61499 (tex_5087.png)",1,1,26,"Floor","Floor",1.000,1,"Assets/AOMigrator/MapVisualV063/Generated/Sprites/GRH_61499.asset","Assets/AOMigrator/MapVisualV063/Textures/tex_5087.png",".png",1,1,1,1,1,"","Piso marrón sólido; marrón 1.00, cobertura 1.00"
"OK",61564,"GRH 61564 (tex_5087.png)",1,1,26,"Floor","Floor",1.000,1,"Assets/AOMigrator/MapVisualV063/Generated/Sprites/GRH_61564.asset","Assets/AOMigrator/MapVisualV063/Textures/tex_5087.png",".png",1,1,1,1,1,"","Piso marrón sólido; marrón 1.00, cobertura 1.00"
"OK",61565,"GRH 61565 (tex_5087.png)",1,1,26,"Floor","Floor",1.000,1,"Assets/AOMigrator/MapVisualV063/Generated/Sprites/GRH_61565.asset","Assets/AOMigrator/MapVisualV063/Textures/tex_5087.png",".png",1,1,1,1,1,"","Piso marrón sólido; marrón 0.99, cobertura 1.00"
"OK",61566,"GRH 61566 (tex_5087.png)",1,1,26,"Floor","Floor",1.000,1,"Assets/AOMigrator/MapVisualV063/Generated/Sprites/GRH_61566.asset","Assets/AOMigrator/MapVisualV063/Textures/tex_5087.png",".png",1,1,1,1,1,"","Piso marrón sólido; marrón 1.00, cobertura 1.00"
"OK",61567,"GRH 61567 (tex_5087.png)",1,1,26,"Floor","Floor",1.000,1,"Assets/AOMigrator/MapVisualV063/Generated/Sprites/GRH_61567.asset","Assets/AOMigrator/MapVisualV063/Textures/tex_5087.png",".png",1,1,1,1,1,"","Piso marrón sólido; marrón 1.00, cobertura 1.00"
"OK",61568,"GRH 61568 (tex_5087.png)",1,1,26,"Floor","Floor",1.000,1,"Assets/AOMigrator/MapVisualV063/Generated/Sprites/GRH_61568.asset","Assets/AOMigrator/MapVisualV063/Textures/tex_5087.png",".png",1,1,1,1,1,"","Piso marrón sólido; marrón 0.98, cobertura 1.00"
"OK",61569,"GRH 61569 (tex_5087.png)",1,1,26,"Floor","Floor",1.000,1,"Assets/AOMigrator/MapVisualV063/Generated/Sprites/GRH_61569.asset","Assets/AOMigrator/MapVisualV063/Textures/tex_5087.png",".png",1,1,1,1,1,"","Piso marrón sólido; marrón 0.99, cobertura 1.00"
"OK",61570,"GRH 61570 (tex_5087.png)",1,1,26,"Floor","Floor",1.000,1,"Assets/AOMigrator/MapVisualV063/Generated/Sprites/GRH_61570.asset","Assets/AOMigrator/MapVisualV063/Textures/tex_5087.png",".png",1,1,1,1,1,"","Piso marrón sólido; marrón 0.99, cobertura 1.00"
"OK",61571,"GRH 61571 (tex_5087.png)",1,1,26,"Floor","Floor",1.000,1,"Assets/AOMigrator/MapVisualV063/Generated/Sprites/GRH_61571.asset","Assets/AOMigrator/MapVisualV063/Textures/tex_5087.png",".png",1,1,1,1,1,"","Piso marrón sólido; marrón 1.00, cobertura 1.00"
"OK",61572,"GRH 61572 (tex_5087.png)",1,1,26,"Floor","Floor",1.000,1,"Assets/AOMigrator/MapVisualV063/Generated/Sprites/GRH_61572.asset","Assets/AOMigrator/MapVisualV063/Textures/tex_5087.png",".png",1,1,1,1,1,"","Piso marrón sólido; marrón 0.98, cobertura 1.00"
"OK",61573,"GRH 61573 (tex_5087.png)",1,1,26,"Floor","Floor",1.000,1,"Assets/AOMigrator/MapVisualV063/Generated/Sprites/GRH_61573.asset","Assets/AOMigrator/MapVisualV063/Textures/tex_5087.png",".png",1,1,1,1,1,"","Piso marrón sólido; marrón 1.00, cobertura 1.00"
"OK",61574,"GRH 61574 (tex_5087.png)",1,1,26,"Floor","Floor",1.000,1,"Assets/AOMigrator/MapVisualV063/Generated/Sprites/GRH_61574.asset","Assets/AOMigrator/MapVisualV063/Textures/tex_5087.png",".png",1,1,1,1,1,"","Piso marrón sólido; marrón 1.00, cobertura 1.00"
"OK",61575,"GRH 61575 (tex_5087.png)",1,1,26,"Floor","Floor",1.000,1,"Assets/AOMigrator/MapVisualV063/Generated/Sprites/GRH_61575.asset","Assets/AOMigrator/MapVisualV063/Textures/tex_5087.png",".png",1,1,1,1,1,"","Piso marrón sólido; marrón 1.00, cobertura 1.00"
"OK",61576,"GRH 61576 (tex_5087.png)",1,1,26,"Floor","Floor",1.000,1,"Assets/AOMigrator/MapVisualV063/Generated/Sprites/GRH_61576.asset","Assets/AOMigrator/MapVisualV063/Textures/tex_5087.png",".png",1,1,1,1,1,"","Piso marrón sólido; marrón 0.95, cobertura 1.00"
"OK",61577,"GRH 61577 (tex_5087.png)",1,1,26,"Floor","Floor",1.000,1,"Assets/AOMigrator/MapVisualV063/Generated/Sprites/GRH_61577.asset","Assets/AOMigrator/MapVisualV063/Textures/tex_5087.png",".png",1,1,1,1,1,"","Piso marrón sólido; marrón 0.98, cobertura 1.00"
"OK",61578,"GRH 61578 (tex_5087.png)",1,1,26,"Floor","Floor",1.000,1,"Assets/AOMigrator/MapVisualV063/Generated/Sprites/GRH_61578.asset","Assets/AOMigrator/MapVisualV063/Textures/tex_5087.png",".png",1,1,1,1,1,"","Piso marrón sólido; marrón 0.99, cobertura 1.00"
"OK",61579,"GRH 61579 (tex_5087.png)",1,1,26,"Floor","Floor",1.000,1,"Assets/AOMigrator/MapVisualV063/Generated/Sprites/GRH_61579.asset","Assets/AOMigrator/MapVisualV063/Textures/tex_5087.png",".png",1,1,1,1,1,"","Piso marrón sólido; marrón 1.00, cobertura 1.00"
"OK",61724,"GRH 61724 (tex_5087.png)",1,1,26,"Floor","Floor",1.000,1,"Assets/AOMigrator/MapVisualV063/Generated/Sprites/GRH_61724.asset","Assets/AOMigrator/MapVisualV063/Textures/tex_5087.png",".png",1,1,1,1,1,"","Piso marrón sólido; marrón 0.99, cobertura 1.00"
"OK",61728,"GRH 61728 (tex_5087.png)",1,1,26,"Floor","Floor",1.000,1,"Assets/AOMigrator/MapVisualV063/Generated/Sprites/GRH_61728.asset","Assets/AOMigrator/MapVisualV063/Textures/tex_5087.png",".png",1,1,1,1,1,"","Piso marrón sólido; marrón 0.99, cobertura 1.00"
"OK",61732,"GRH 61732 (tex_5087.png)",1,1,26,"Floor","Floor",1.000,1,"Assets/AOMigrator/MapVisualV063/Generated/Sprites/GRH_61732.asset","Assets/AOMigrator/MapVisualV063/Textures/tex_5087.png",".png",1,1,1,1,1,"","Piso marrón sólido; marrón 1.00, cobertura 1.00"
"OK",61736,"GRH 61736 (tex_5087.png)",1,1,26,"Floor","Floor",1.000,1,"Assets/AOMigrator/MapVisualV063/Generated/Sprites/GRH_61736.asset","Assets/AOMigrator/MapVisualV063/Textures/tex_5087.png",".png",1,1,1,1,1,"","Piso marrón sólido; marrón 0.99, cobertura 1.00"
"OK",61772,"GRH 61772 (tex_5087.png)",1,1,26,"Floor","Floor",1.000,1,"Assets/AOMigrator/MapVisualV063/Generated/Sprites/GRH_61772.asset","Assets/AOMigrator/MapVisualV063/Textures/tex_5087.png",".png",1,1,1,1,1,"","Piso marrón sólido; marrón 1.00, cobertura 1.00"
"OK",61773,"GRH 61773 (tex_5087.png)",1,1,26,"Floor","Floor",1.000,1,"Assets/AOMigrator/MapVisualV063/Generated/Sprites/GRH_61773.asset","Assets/AOMigrator/MapVisualV063/Textures/tex_5087.png",".png",1,1,1,1,1,"","Piso marrón sólido; marrón 1.00, cobertura 1.00"
"OK",61774,"GRH 61774 (tex_5087.png)",1,1,26,"Floor","Floor",1.000,1,"Assets/AOMigrator/MapVisualV063/Generated/Sprites/GRH_61774.asset","Assets/AOMigrator/MapVisualV063/Textures/tex_5087.png",".png",1,1,1,1,1,"","Piso marrón sólido; marrón 1.00, cobertura 1.00"
"OK",61775,"GRH 61775 (tex_5087.png)",1,1,26,"Floor","Floor",1.000,1,"Assets/AOMigrator/MapVisualV063/Generated/Sprites/GRH_61775.asset","Assets/AOMigrator/MapVisualV063/Textures/tex_5087.png",".png",1,1,1,1,1,"","Piso marrón sólido; marrón 1.00, cobertura 1.00"
"OK",61776,"GRH 61776 (tex_5087.png)",1,1,26,"Floor","Floor",1.000,1,"Assets/AOMigrator/MapVisualV063/Generated/Sprites/GRH_61776.asset","Assets/AOMigrator/MapVisualV063/Textures/tex_5087.png",".png",1,1,1,1,1,"","Piso marrón sólido; marrón 1.00, cobertura 1.00"
"OK",61777,"GRH 61777 (tex_5087.png)",1,1,26,"Floor","Floor",1.000,1,"Assets/AOMigrator/MapVisualV063/Generated/Sprites/GRH_61777.asset","Assets/AOMigrator/MapVisualV063/Textures/tex_5087.png",".png",1,1,1,1,1,"","Piso marrón sólido; marrón 0.99, cobertura 1.00"
"OK",61778,"GRH 61778 (tex_5087.png)",1,1,26,"Floor","Floor",1.000,1,"Assets/AOMigrator/MapVisualV063/Generated/Sprites/GRH_61778.asset","Assets/AOMigrator/MapVisualV063/Textures/tex_5087.png",".png",1,1,1,1,1,"","Piso marrón sólido; marrón 0.99, cobertura 1.00"
"OK",61779,"GRH 61779 (tex_5087.png)",1,1,26,"Floor","Floor",1.000,1,"Assets/AOMigrator/MapVisualV063/Generated/Sprites/GRH_61779.asset","Assets/AOMigrator/MapVisualV063/Textures/tex_5087.png",".png",1,1,1,1,1,"","Piso marrón sólido; marrón 1.00, cobertura 1.00"
"OK",61780,"GRH 61780 (tex_5087.png)",1,1,26,"Floor","Floor",1.000,1,"Assets/AOMigrator/MapVisualV063/Generated/Sprites/GRH_61780.asset","Assets/AOMigrator/MapVisualV063/Textures/tex_5087.png",".png",1,1,1,1,1,"","Piso marrón sólido; marrón 1.00, cobertura 1.00"
"OK",61781,"GRH 61781 (tex_5087.png)",1,1,26,"Floor","Floor",1.000,1,"Assets/AOMigrator/MapVisualV063/Generated/Sprites/GRH_61781.asset","Assets/AOMigrator/MapVisualV063/Textures/tex_5087.png",".png",1,1,1,1,1,"","Piso marrón sólido; marrón 1.00, cobertura 1.00"
"OK",61782,"GRH 61782 (tex_5087.png)",1,1,26,"Floor","Floor",1.000,1,"Assets/AOMigrator/MapVisualV063/Generated/Sprites/GRH_61782.asset","Assets/AOMigrator/MapVisualV063/Textures/tex_5087.png",".png",1,1,1,1,1,"","Piso marrón sólido; marrón 1.00, cobertura 1.00"
"OK",61783,"GRH 61783 (tex_5087.png)",1,1,26,"Floor","Floor",1.000,1,"Assets/AOMigrator/MapVisualV063/Generated/Sprites/GRH_61783.asset","Assets/AOMigrator/MapVisualV063/Textures/tex_5087.png",".png",1,1,1,1,1,"","Piso marrón sólido; marrón 1.00, cobertura 1.00"
"OK",61784,"GRH 61784 (tex_5087.png)",1,1,26,"Floor","Floor",1.000,1,"Assets/AOMigrator/MapVisualV063/Generated/Sprites/GRH_61784.asset","Assets/AOMigrator/MapVisualV063/Textures/tex_5087.png",".png",1,1,1,1,1,"","Piso marrón sólido; marrón 1.00, cobertura 1.00"
"OK",61785,"GRH 61785 (tex_5087.png)",1,1,26,"Floor","Floor",1.000,1,"Assets/AOMigrator/MapVisualV063/Generated/Sprites/GRH_61785.asset","Assets/AOMigrator/MapVisualV063/Textures/tex_5087.png",".png",1,1,1,1,1,"","Piso marrón sólido; marrón 1.00, cobertura 1.00"
"OK",61786,"GRH 61786 (tex_5087.png)",1,1,26,"Floor","Floor",1.000,1,"Assets/AOMigrator/MapVisualV063/Generated/Sprites/GRH_61786.asset","Assets/AOMigrator/MapVisualV063/Textures/tex_5087.png",".png",1,1,1,1,1,"","Piso marrón sólido; marrón 1.00, cobertura 1.00"
"OK",61787,"GRH 61787 (tex_5087.png)",1,1,26,"Floor","Floor",1.000,1,"Assets/AOMigrator/MapVisualV063/Generated/Sprites/GRH_61787.asset","Assets/AOMigrator/MapVisualV063/Textures/tex_5087.png",".png",1,1,1,1,1,"","Piso marrón sólido; marrón 1.00, cobertura 1.00"
