severity,graphicId,displayName,usage,maps,impact,category,suggested,confidence,hasPreview,classicAssetPath,sourceTexturePath,sourceExt,sourceExists,sourceLoadsAsTexture,cropValid,cropInsideTexture,fallbackCandidates,issues,classificationReason
"ERROR",1,"GRH 1 (sin textura)",33177,9,33402,"Unclassified","Unclassified",0.150,0,"","","",0,0,0,1,0,"NO_CLASSIC_SPRITE|HIGH_IMPACT_NO_PREVIEW|NO_SOURCE_TEXTURE_PATH|INVALID_CROP_DIMENSIONS|HIGH_IMPACT_UNCLASSIFIED","No se pudo analizar el sprite."
"ERROR",14290,"GRH 14290 (sin textura)",1150,5,1275,"Unclassified","Unclassified",0.150,0,"","","",0,0,0,1,0,"NO_CLASSIC_SPRITE|HIGH_IMPACT_NO_PREVIEW|NO_SOURCE_TEXTURE_PATH|INVALID_CROP_DIMENSIONS|HIGH_IMPACT_UNCLASSIFIED","No se pudo analizar el sprite."
"ERROR",14288,"GRH 14288 (sin textura)",1050,5,1175,"Unclassified","Unclassified",0.150,0,"","","",0,0,0,1,0,"NO_CLASSIC_SPRITE|HIGH_IMPACT_NO_PREVIEW|NO_SOURCE_TEXTURE_PATH|INVALID_CROP_DIMENSIONS|HIGH_IMPACT_UNCLASSIFIED","No se pudo analizar el sprite."
"ERROR",14289,"GRH 14289 (sin textura)",1040,5,1165,"Unclassified","Unclassified",0.150,0,"","","",0,0,0,1,0,"NO_CLASSIC_SPRITE|HIGH_IMPACT_NO_PREVIEW|NO_SOURCE_TEXTURE_PATH|INVALID_CROP_DIMENSIONS|HIGH_IMPACT_UNCLASSIFIED","No se pudo analizar el sprite."
"ERROR",14286,"GRH 14286 (sin textura)",985,5,1110,"Unclassified","Unclassified",0.150,0,"","","",0,0,0,1,0,"NO_CLASSIC_SPRITE|HIGH_IMPACT_NO_PREVIEW|NO_SOURCE_TEXTURE_PATH|INVALID_CROP_DIMENSIONS|HIGH_IMPACT_UNCLASSIFIED","No se pudo analizar el sprite."
"ERROR",14282,"GRH 14282 (sin textura)",950,5,1075,"Unclassified","Unclassified",0.150,0,"","","",0,0,0,1,0,"NO_CLASSIC_SPRITE|HIGH_IMPACT_NO_PREVIEW|NO_SOURCE_TEXTURE_PATH|INVALID_CROP_DIMENSIONS|HIGH_IMPACT_UNCLASSIFIED","No se pudo analizar el sprite."
"ERROR",14287,"GRH 14287 (sin textura)",920,5,1045,"Unclassified","Unclassified",0.150,0,"","","",0,0,0,1,0,"NO_CLASSIC_SPRITE|HIGH_IMPACT_NO_PREVIEW|NO_SOURCE_TEXTURE_PATH|INVALID_CROP_DIMENSIONS|HIGH_IMPACT_UNCLASSIFIED","No se pudo analizar el sprite."
"ERROR",14284,"GRH 14284 (sin textura)",905,5,1030,"Unclassified","Unclassified",0.150,0,"","","",0,0,0,1,0,"NO_CLASSIC_SPRITE|HIGH_IMPACT_NO_PREVIEW|NO_SOURCE_TEXTURE_PATH|INVALID_CROP_DIMENSIONS|HIGH_IMPACT_UNCLASSIFIED","No se pudo analizar el sprite."
"ERROR",14285,"GRH 14285 (sin textura)",900,5,1025,"Unclassified","Unclassified",0.150,0,"","","",0,0,0,1,0,"NO_CLASSIC_SPRITE|HIGH_IMPACT_NO_PREVIEW|NO_SOURCE_TEXTURE_PATH|INVALID_CROP_DIMENSIONS|HIGH_IMPACT_UNCLASSIFIED","No se pudo analizar el sprite."
"ERROR",14281,"GRH 14281 (sin textura)",895,5,1020,"Unclassified","Unclassified",0.150,0,"","","",0,0,0,1,0,"NO_CLASSIC_SPRITE|HIGH_IMPACT_NO_PREVIEW|NO_SOURCE_TEXTURE_PATH|INVALID_CROP_DIMENSIONS|HIGH_IMPACT_UNCLASSIFIED","No se pudo analizar el sprite."
"ERROR",14278,"GRH 14278 (sin textura)",890,5,1015,"Unclassified","Unclassified",0.150,0,"","","",0,0,0,1,0,"NO_CLASSIC_SPRITE|HIGH_IMPACT_NO_PREVIEW|NO_SOURCE_TEXTURE_PATH|INVALID_CROP_DIMENSIONS|HIGH_IMPACT_UNCLASSIFIED","No se pudo analizar el sprite."
"ERROR",14280,"GRH 14280 (sin textura)",875,5,1000,"Unclassified","Unclassified",0.150,0,"","","",0,0,0,1,0,"NO_CLASSIC_SPRITE|HIGH_IMPACT_NO_PREVIEW|NO_SOURCE_TEXTURE_PATH|INVALID_CROP_DIMENSIONS|HIGH_IMPACT_UNCLASSIFIED","No se pudo analizar el sprite."
"WARNING",6003,"GRH 6003 (tex_6000.png)",5729,13,6054,"Grass","Grass",1.000,1,"Assets/AOMigrator/MapVisualV063/Generated/Sprites/GRH_6003.asset","Assets/AOMigrator/MapVisualV063/Textures/tex_6000.png",".png",1,1,0,0,1,"INVALID_CROP_DIMENSIONS","Predominio verde 0.93, sat 0.70"
"WARNING",6015,"GRH 6015 (tex_6000.png)",5679,13,6004,"Grass","Grass",1.000,1,"Assets/AOMigrator/MapVisualV063/Generated/Sprites/GRH_6015.asset","Assets/AOMigrator/MapVisualV063/Textures/tex_6000.png",".png",1,1,0,0,1,"INVALID_CROP_DIMENSIONS","Predominio verde 0.92, sat 0.70"
"WARNING",6007,"GRH 6007 (tex_6000.png)",5671,13,5996,"Grass","Grass",1.000,1,"Assets/AOMigrator/MapVisualV063/Generated/Sprites/GRH_6007.asset","Assets/AOMigrator/MapVisualV063/Textures/tex_6000.png",".png",1,1,0,0,1,"INVALID_CROP_DIMENSIONS","Predominio verde 0.92, sat 0.70"
"WARNING",6014,"GRH 6014 (tex_6000.png)",5667,13,5992,"Grass","Grass",1.000,1,"Assets/AOMigrator/MapVisualV063/Generated/Sprites/GRH_6014.asset","Assets/AOMigrator/MapVisualV063/Textures/tex_6000.png",".png",1,1,0,0,1,"INVALID_CROP_DIMENSIONS","Predominio verde 0.90, sat 0.70"
"WARNING",6002,"GRH 6002 (tex_6000.png)",5663,13,5988,"Grass","Grass",1.000,1,"Assets/AOMigrator/MapVisualV063/Generated/Sprites/GRH_6002.asset","Assets/AOMigrator/MapVisualV063/Textures/tex_6000.png",".png",1,1,0,0,1,"INVALID_CROP_DIMENSIONS","Predominio verde 0.86, sat 0.70"
"WARNING",6006,"GRH 6006 (tex_6000.png)",5595,13,5920,"Grass","Grass",1.000,1,"Assets/AOMigrator/MapVisualV063/Generated/Sprites/GRH_6006.asset","Assets/AOMigrator/MapVisualV063/Textures/tex_6000.png",".png",1,1,0,0,1,"INVALID_CROP_DIMENSIONS","Predominio verde 0.91, sat 0.70"
"WARNING",6000,"GRH 6000 (tex_6000.png)",5586,13,5911,"Grass","Grass",1.000,1,"Assets/AOMigrator/MapVisualV063/Generated/Sprites/GRH_6000.asset","Assets/AOMigrator/MapVisualV063/Textures/tex_6000.png",".png",1,1,0,0,1,"INVALID_CROP_DIMENSIONS","Predominio verde 0.93, sat 0.70"
"WARNING",6011,"GRH 6011 (tex_6000.png)",5572,13,5897,"Grass","Grass",1.000,1,"Assets/AOMigrator/MapVisualV063/Generated/Sprites/GRH_6011.asset","Assets/AOMigrator/MapVisualV063/Textures/tex_6000.png",".png",1,1,0,0,1,"INVALID_CROP_DIMENSIONS","Predominio verde 0.85, sat 0.70"
"WARNING",6012,"GRH 6012 (tex_6000.png)",5547,13,5872,"Grass","Grass",1.000,1,"Assets/AOMigrator/MapVisualV063/Generated/Sprites/GRH_6012.asset","Assets/AOMigrator/MapVisualV063/Textures/tex_6000.png",".png",1,1,0,0,1,"INVALID_CROP_DIMENSIONS","Predominio verde 0.86, sat 0.69"
"WARNING",6008,"GRH 6008 (tex_6000.png)",5515,13,5840,"Grass","Grass",1.000,1,"Assets/AOMigrator/MapVisualV063/Generated/Sprites/GRH_6008.asset","Assets/AOMigrator/MapVisualV063/Textures/tex_6000.png",".png",1,1,0,0,1,"INVALID_CROP_DIMENSIONS","Predominio verde 0.88, sat 0.69"
"WARNING",6001,"GRH 6001 (tex_6000.png)",5498,13,5823,"Grass","Grass",1.000,1,"Assets/AOMigrator/MapVisualV063/Generated/Sprites/GRH_6001.asset","Assets/AOMigrator/MapVisualV063/Textures/tex_6000.png",".png",1,1,0,0,1,"INVALID_CROP_DIMENSIONS","Predominio verde 0.91, sat 0.70"
"WARNING",6004,"GRH 6004 (tex_6000.png)",5497,13,5822,"Grass","Grass",1.000,1,"Assets/AOMigrator/MapVisualV063/Generated/Sprites/GRH_6004.asset","Assets/AOMigrator/MapVisualV063/Textures/tex_6000.png",".png",1,1,0,0,1,"INVALID_CROP_DIMENSIONS","Predominio verde 0.93, sat 0.70"
"WARNING",6010,"GRH 6010 (tex_6000.png)",5445,13,5770,"Grass","Grass",1.000,1,"Assets/AOMigrator/MapVisualV063/Generated/Sprites/GRH_6010.asset","Assets/AOMigrator/MapVisualV063/Textures/tex_6000.png",".png",1,1,0,0,1,"INVALID_CROP_DIMENSIONS","Predominio verde 0.84, sat 0.69"
"WARNING",6005,"GRH 6005 (tex_6000.png)",5428,13,5753,"Grass","Grass",1.000,1,"Assets/AOMigrator/MapVisualV063/Generated/Sprites/GRH_6005.asset","Assets/AOMigrator/MapVisualV063/Textures/tex_6000.png",".png",1,1,0,0,1,"INVALID_CROP_DIMENSIONS","Predominio verde 0.82, sat 0.70"
"WARNING",6013,"GRH 6013 (tex_6000.png)",5414,13,5739,"Grass","Grass",1.000,1,"Assets/AOMigrator/MapVisualV063/Generated/Sprites/GRH_6013.asset","Assets/AOMigrator/MapVisualV063/Textures/tex_6000.png",".png",1,1,0,0,1,"INVALID_CROP_DIMENSIONS","Predominio verde 0.92, sat 0.70"
"WARNING",6009,"GRH 6009 (tex_6000.png)",5287,13,5612,"Grass","Grass",1.000,1,"Assets/AOMigrator/MapVisualV063/Generated/Sprites/GRH_6009.asset","Assets/AOMigrator/MapVisualV063/Textures/tex_6000.png",".png",1,1,0,0,1,"INVALID_CROP_DIMENSIONS","Predominio verde 0.86, sat 0.70"
"WARNING",49556,"GRH 49556 (tex_5068_padded.asset)",982,8,1182,"Dirt","Dirt",1.000,1,"Assets/AOMigrator/MapVisualV063/Generated/Sprites/GRH_49556.asset","Assets/AOMigrator/MapVisualV063/Generated/PaddedTextures/tex_5068_padded.asset",".asset",1,1,0,0,1,"INVALID_CROP_DIMENSIONS","Predominio marrón 1.00, sat 0.75"
"WARNING",49555,"GRH 49555 (tex_5068_padded.asset)",957,8,1157,"Dirt","Dirt",1.000,1,"Assets/AOMigrator/MapVisualV063/Generated/Sprites/GRH_49555.asset","Assets/AOMigrator/MapVisualV063/Generated/PaddedTextures/tex_5068_padded.asset",".asset",1,1,0,0,1,"INVALID_CROP_DIMENSIONS","Predominio marrón 1.00, sat 0.75"
"WARNING",6333,"GRH 6333 (tex_6215.png)",816,13,1141,"Grass","Grass",1.000,1,"Assets/AOMigrator/MapVisualV063/Generated/Sprites/GRH_6333.asset","Assets/AOMigrator/MapVisualV063/Textures/tex_6215.png",".png",1,1,0,0,1,"INVALID_CROP_DIMENSIONS","Predominio verde 0.96, sat 0.72"
"WARNING",49553,"GRH 49553 (tex_5068_padded.asset)",935,8,1135,"Dirt","Dirt",1.000,1,"Assets/AOMigrator/MapVisualV063/Generated/Sprites/GRH_49553.asset","Assets/AOMigrator/MapVisualV063/Generated/PaddedTextures/tex_5068_padded.asset",".asset",1,1,0,0,1,"INVALID_CROP_DIMENSIONS","Predominio marrón 1.00, sat 0.76"
"WARNING",49552,"GRH 49552 (tex_5068_padded.asset)",920,8,1120,"Dirt","Dirt",1.000,1,"Assets/AOMigrator/MapVisualV063/Generated/Sprites/GRH_49552.asset","Assets/AOMigrator/MapVisualV063/Generated/PaddedTextures/tex_5068_padded.asset",".asset",1,1,0,0,1,"INVALID_CROP_DIMENSIONS","Predominio marrón 1.00, sat 0.75"
"WARNING",59613,"GRH 59613 (tex_5023.png)",642,15,1017,"Unclassified","Other",0.340,1,"Assets/AOMigrator/MapVisualV063/Generated/Sprites/GRH_59613.asset","Assets/AOMigrator/MapVisualV063/Textures/tex_5023.png",".png",1,1,0,0,1,"INVALID_CROP_DIMENSIONS|HIGH_IMPACT_UNCLASSIFIED","Sin patrón fuerte. verde 0.00, marrón 0.00, gris 1.00, azul 0.00"
"WARNING",6334,"GRH 6334 (tex_6215.png)",671,13,996,"Grass","Grass",1.000,1,"Assets/AOMigrator/MapVisualV063/Generated/Sprites/GRH_6334.asset","Assets/AOMigrator/MapVisualV063/Textures/tex_6215.png",".png",1,1,0,0,1,"INVALID_CROP_DIMENSIONS","Predominio verde 0.94, sat 0.72"
"WARNING",14277,"GRH 14277 (sin textura)",825,5,950,"Unclassified","Unclassified",0.150,0,"","","",0,0,0,1,0,"NO_CLASSIC_SPRITE|NO_SOURCE_TEXTURE_PATH|INVALID_CROP_DIMENSIONS","No se pudo analizar el sprite."
"WARNING",14276,"GRH 14276 (sin textura)",795,5,920,"Unclassified","Unclassified",0.150,0,"","","",0,0,0,1,0,"NO_CLASSIC_SPRITE|NO_SOURCE_TEXTURE_PATH|INVALID_CROP_DIMENSIONS","No se pudo analizar el sprite."
"WARNING",14283,"GRH 14283 (sin textura)",760,5,885,"Unclassified","Unclassified",0.150,0,"","","",0,0,0,1,0,"NO_CLASSIC_SPRITE|NO_SOURCE_TEXTURE_PATH|INVALID_CROP_DIMENSIONS","No se pudo analizar el sprite."
"WARNING",8683,"GRH 8683 (sin textura)",858,1,883,"Unclassified","Unclassified",0.150,0,"","","",0,0,0,1,0,"NO_CLASSIC_SPRITE|NO_SOURCE_TEXTURE_PATH|INVALID_CROP_DIMENSIONS","No se pudo analizar el sprite."
"WARNING",49554,"GRH 49554 (tex_5068_padded.asset)",680,8,880,"Dirt","Dirt",1.000,1,"Assets/AOMigrator/MapVisualV063/Generated/Sprites/GRH_49554.asset","Assets/AOMigrator/MapVisualV063/Generated/PaddedTextures/tex_5068_padded.asset",".asset",1,1,0,0,1,"INVALID_CROP_DIMENSIONS","Predominio marrón 1.00, sat 0.75"
"WARNING",14279,"GRH 14279 (sin textura)",740,5,865,"Unclassified","Unclassified",0.150,0,"","","",0,0,0,1,0,"NO_CLASSIC_SPRITE|NO_SOURCE_TEXTURE_PATH|INVALID_CROP_DIMENSIONS","No se pudo analizar el sprite."
"WARNING",49551,"GRH 49551 (tex_5068_padded.asset)",643,8,843,"Dirt","Dirt",1.000,1,"Assets/AOMigrator/MapVisualV063/Generated/Sprites/GRH_49551.asset","Assets/AOMigrator/MapVisualV063/Generated/PaddedTextures/tex_5068_padded.asset",".asset",1,1,0,0,1,"INVALID_CROP_DIMENSIONS","Predominio marrón 1.00, sat 0.75"
"WARNING",14275,"GRH 14275 (sin textura)",680,5,805,"Unclassified","Unclassified",0.150,0,"","","",0,0,0,1,0,"NO_CLASSIC_SPRITE|NO_SOURCE_TEXTURE_PATH|INVALID_CROP_DIMENSIONS","No se pudo analizar el sprite."
"WARNING",6332,"GRH 6332 (tex_6215.png)",392,12,692,"Grass","Grass",1.000,1,"Assets/AOMigrator/MapVisualV063/Generated/Sprites/GRH_6332.asset","Assets/AOMigrator/MapVisualV063/Textures/tex_6215.png",".png",1,1,0,0,1,"INVALID_CROP_DIMENSIONS","Predominio verde 0.91, sat 0.72"
"WARNING",6335,"GRH 6335 (tex_6215.png)",388,12,688,"Grass","Grass",1.000,1,"Assets/AOMigrator/MapVisualV063/Generated/Sprites/GRH_6335.asset","Assets/AOMigrator/MapVisualV063/Textures/tex_6215.png",".png",1,1,0,0,1,"INVALID_CROP_DIMENSIONS","Predominio verde 0.87, sat 0.72"
"WARNING",6325,"GRH 6325 (tex_6215.png)",376,12,676,"Dirt","Dirt",1.000,1,"Assets/AOMigrator/MapVisualV063/Generated/Sprites/GRH_6325.asset","Assets/AOMigrator/MapVisualV063/Textures/tex_6215.png",".png",1,1,0,0,1,"INVALID_CROP_DIMENSIONS","Predominio marrón 0.83, sat 0.50"
"WARNING",6324,"GRH 6324 (tex_6215.png)",372,12,672,"Dirt","Dirt",1.000,1,"Assets/AOMigrator/MapVisualV063/Generated/Sprites/GRH_6324.asset","Assets/AOMigrator/MapVisualV063/Textures/tex_6215.png",".png",1,1,0,0,1,"INVALID_CROP_DIMENSIONS","Predominio marrón 0.82, sat 0.51"
"WARNING",6326,"GRH 6326 (tex_6215.png)",360,12,660,"Dirt","Dirt",1.000,1,"Assets/AOMigrator/MapVisualV063/Generated/Sprites/GRH_6326.asset","Assets/AOMigrator/MapVisualV063/Textures/tex_6215.png",".png",1,1,0,0,1,"INVALID_CROP_DIMENSIONS","Predominio marrón 0.89, sat 0.48"
"WARNING",6329,"GRH 6329 (tex_6215.png)",358,12,658,"Dirt","Dirt",1.000,1,"Assets/AOMigrator/MapVisualV063/Generated/Sprites/GRH_6329.asset","Assets/AOMigrator/MapVisualV063/Textures/tex_6215.png",".png",1,1,0,0,1,"INVALID_CROP_DIMENSIONS","Predominio marrón 0.91, sat 0.48"
"WARNING",6323,"GRH 6323 (tex_6215.png)",354,12,654,"Grass","Grass",1.000,1,"Assets/AOMigrator/MapVisualV063/Generated/Sprites/GRH_6323.asset","Assets/AOMigrator/MapVisualV063/Textures/tex_6215.png",".png",1,1,0,0,1,"INVALID_CROP_DIMENSIONS","Predominio verde 0.94, sat 0.72"
"WARNING",6328,"GRH 6328 (tex_6215.png)",354,12,654,"Dirt","Dirt",1.000,1,"Assets/AOMigrator/MapVisualV063/Generated/Sprites/GRH_6328.asset","Assets/AOMigrator/MapVisualV063/Textures/tex_6215.png",".png",1,1,0,0,1,"INVALID_CROP_DIMENSIONS","Predominio marrón 0.91, sat 0.50"
"WARNING",6321,"GRH 6321 (tex_6215.png)",378,11,653,"Grass","Grass",1.000,1,"Assets/AOMigrator/MapVisualV063/Generated/Sprites/GRH_6321.asset","Assets/AOMigrator/MapVisualV063/Textures/tex_6215.png",".png",1,1,0,0,1,"INVALID_CROP_DIMENSIONS","Predominio verde 0.86, sat 0.72"
"WARNING",6330,"GRH 6330 (tex_6215.png)",349,12,649,"Dirt","Dirt",1.000,1,"Assets/AOMigrator/MapVisualV063/Generated/Sprites/GRH_6330.asset","Assets/AOMigrator/MapVisualV063/Textures/tex_6215.png",".png",1,1,0,0,1,"INVALID_CROP_DIMENSIONS","Predominio marrón 0.86, sat 0.51"
"WARNING",6327,"GRH 6327 (tex_6215.png)",346,12,646,"Dirt","Dirt",1.000,1,"Assets/AOMigrator/MapVisualV063/Generated/Sprites/GRH_6327.asset","Assets/AOMigrator/MapVisualV063/Textures/tex_6215.png",".png",1,1,0,0,1,"INVALID_CROP_DIMENSIONS","Predominio marrón 0.80, sat 0.51"
"WARNING",6320,"GRH 6320 (tex_6215.png)",365,11,640,"Grass","Grass",1.000,1,"Assets/AOMigrator/MapVisualV063/Generated/Sprites/GRH_6320.asset","Assets/AOMigrator/MapVisualV063/Textures/tex_6215.png",".png",1,1,0,0,1,"INVALID_CROP_DIMENSIONS","Predominio verde 0.89, sat 0.72"
"WARNING",6331,"GRH 6331 (tex_6215.png)",337,12,637,"Dirt","Dirt",1.000,1,"Assets/AOMigrator/MapVisualV063/Generated/Sprites/GRH_6331.asset","Assets/AOMigrator/MapVisualV063/Textures/tex_6215.png",".png",1,1,0,0,1,"INVALID_CROP_DIMENSIONS","Predominio marrón 0.85, sat 0.52"
"WARNING",61266,"GRH 61266 (tex_5087.png)",362,11,637,"Grass","Grass",1.000,1,"Assets/AOMigrator/MapVisualV063/Generated/Sprites/GRH_61266.asset","Assets/AOMigrator/MapVisualV063/Textures/tex_5087.png",".png",1,1,0,0,1,"INVALID_CROP_DIMENSIONS","Predominio verde 0.90, sat 0.70"
"WARNING",6322,"GRH 6322 (tex_6215.png)",358,11,633,"Grass","Grass",1.000,1,"Assets/AOMigrator/MapVisualV063/Generated/Sprites/GRH_6322.asset","Assets/AOMigrator/MapVisualV063/Textures/tex_6215.png",".png",1,1,0,0,1,"INVALID_CROP_DIMENSIONS","Predominio verde 0.90, sat 0.73"
"WARNING",61262,"GRH 61262 (tex_5087.png)",358,11,633,"Grass","Grass",1.000,1,"Assets/AOMigrator/MapVisualV063/Generated/Sprites/GRH_61262.asset","Assets/AOMigrator/MapVisualV063/Textures/tex_5087.png",".png",1,1,0,0,1,"INVALID_CROP_DIMENSIONS","Predominio verde 0.87, sat 0.69"
"WARNING",61270,"GRH 61270 (tex_5087.png)",348,11,623,"Grass","Grass",1.000,1,"Assets/AOMigrator/MapVisualV063/Generated/Sprites/GRH_61270.asset","Assets/AOMigrator/MapVisualV063/Textures/tex_5087.png",".png",1,1,0,0,1,"INVALID_CROP_DIMENSIONS","Predominio verde 0.86, sat 0.69"
"WARNING",61274,"GRH 61274 (tex_5087.png)",345,11,620,"Grass","Grass",1.000,1,"Assets/AOMigrator/MapVisualV063/Generated/Sprites/GRH_61274.asset","Assets/AOMigrator/MapVisualV063/Textures/tex_5087.png",".png",1,1,0,0,1,"INVALID_CROP_DIMENSIONS","Predominio verde 0.90, sat 0.70"
"WARNING",1236,"GRH 1236 (sin textura)",563,2,613,"Unclassified","Unclassified",0.150,0,"","","",0,0,0,1,0,"NO_CLASSIC_SPRITE|NO_SOURCE_TEXTURE_PATH|INVALID_CROP_DIMENSIONS","No se pudo analizar el sprite."
"WARNING",1239,"GRH 1239 (sin textura)",553,2,603,"Unclassified","Unclassified",0.150,0,"","","",0,0,0,1,0,"NO_CLASSIC_SPRITE|NO_SOURCE_TEXTURE_PATH|INVALID_CROP_DIMENSIONS","No se pudo analizar el sprite."
"WARNING",61265,"GRH 61265 (tex_5087.png)",322,11,597,"Grass","Grass",1.000,1,"Assets/AOMigrator/MapVisualV063/Generated/Sprites/GRH_61265.asset","Assets/AOMigrator/MapVisualV063/Textures/tex_5087.png",".png",1,1,0,0,1,"INVALID_CROP_DIMENSIONS","Predominio verde 0.84, sat 0.69"
"WARNING",61261,"GRH 61261 (tex_5087.png)",319,11,594,"Grass","Grass",1.000,1,"Assets/AOMigrator/MapVisualV063/Generated/Sprites/GRH_61261.asset","Assets/AOMigrator/MapVisualV063/Textures/tex_5087.png",".png",1,1,0,0,1,"INVALID_CROP_DIMENSIONS","Predominio verde 0.92, sat 0.69"
"WARNING",61269,"GRH 61269 (tex_5087.png)",310,11,585,"Grass","Grass",1.000,1,"Assets/AOMigrator/MapVisualV063/Generated/Sprites/GRH_61269.asset","Assets/AOMigrator/MapVisualV063/Textures/tex_5087.png",".png",1,1,0,0,1,"INVALID_CROP_DIMENSIONS","Predominio verde 0.87, sat 0.69"
"WARNING",1244,"GRH 1244 (sin textura)",533,2,583,"Unclassified","Unclassified",0.150,0,"","","",0,0,0,1,0,"NO_CLASSIC_SPRITE|NO_SOURCE_TEXTURE_PATH|INVALID_CROP_DIMENSIONS","No se pudo analizar el sprite."
"WARNING",61273,"GRH 61273 (tex_5087.png)",308,11,583,"Grass","Grass",1.000,1,"Assets/AOMigrator/MapVisualV063/Generated/Sprites/GRH_61273.asset","Assets/AOMigrator/MapVisualV063/Textures/tex_5087.png",".png",1,1,0,0,1,"INVALID_CROP_DIMENSIONS","Predominio verde 0.91, sat 0.69"
"WARNING",61267,"GRH 61267 (tex_5087.png)",305,11,580,"Grass","Grass",1.000,1,"Assets/AOMigrator/MapVisualV063/Generated/Sprites/GRH_61267.asset","Assets/AOMigrator/MapVisualV063/Textures/tex_5087.png",".png",1,1,0,0,1,"INVALID_CROP_DIMENSIONS","Predominio verde 0.92, sat 0.70"
"WARNING",1248,"GRH 1248 (sin textura)",528,2,578,"Unclassified","Unclassified",0.150,0,"","","",0,0,0,1,0,"NO_CLASSIC_SPRITE|NO_SOURCE_TEXTURE_PATH|INVALID_CROP_DIMENSIONS","No se pudo analizar el sprite."
"WARNING",1237,"GRH 1237 (sin textura)",525,2,575,"Unclassified","Unclassified",0.150,0,"","","",0,0,0,1,0,"NO_CLASSIC_SPRITE|NO_SOURCE_TEXTURE_PATH|INVALID_CROP_DIMENSIONS","No se pudo analizar el sprite."
"WARNING",61263,"GRH 61263 (tex_5087.png)",298,11,573,"Grass","Grass",1.000,1,"Assets/AOMigrator/MapVisualV063/Generated/Sprites/GRH_61263.asset","Assets/AOMigrator/MapVisualV063/Textures/tex_5087.png",".png",1,1,0,0,1,"INVALID_CROP_DIMENSIONS","Predominio verde 0.94, sat 0.69"
"WARNING",1247,"GRH 1247 (sin textura)",519,2,569,"Unclassified","Unclassified",0.150,0,"","","",0,0,0,1,0,"NO_CLASSIC_SPRITE|NO_SOURCE_TEXTURE_PATH|INVALID_CROP_DIMENSIONS","No se pudo analizar el sprite."
"WARNING",61271,"GRH 61271 (tex_5087.png)",293,11,568,"Grass","Grass",1.000,1,"Assets/AOMigrator/MapVisualV063/Generated/Sprites/GRH_61271.asset","Assets/AOMigrator/MapVisualV063/Textures/tex_5087.png",".png",1,1,0,0,1,"INVALID_CROP_DIMENSIONS","Predominio verde 0.84, sat 0.69"
"WARNING",1251,"GRH 1251 (sin textura)",515,2,565,"Unclassified","Unclassified",0.150,0,"","","",0,0,0,1,0,"NO_CLASSIC_SPRITE|NO_SOURCE_TEXTURE_PATH|INVALID_CROP_DIMENSIONS","No se pudo analizar el sprite."
"WARNING",61275,"GRH 61275 (tex_5087.png)",288,11,563,"Grass","Grass",1.000,1,"Assets/AOMigrator/MapVisualV063/Generated/Sprites/GRH_61275.asset","Assets/AOMigrator/MapVisualV063/Textures/tex_5087.png",".png",1,1,0,0,1,"INVALID_CROP_DIMENSIONS","Predominio verde 0.92, sat 0.70"
"WARNING",61264,"GRH 61264 (tex_5087.png)",286,11,561,"Grass","Grass",1.000,1,"Assets/AOMigrator/MapVisualV063/Generated/Sprites/GRH_61264.asset","Assets/AOMigrator/MapVisualV063/Textures/tex_5087.png",".png",1,1,0,0,1,"INVALID_CROP_DIMENSIONS","Predominio verde 0.94, sat 0.70"
"WARNING",61260,"GRH 61260 (tex_5087.png)",285,11,560,"Grass","Grass",1.000,1,"Assets/AOMigrator/MapVisualV063/Generated/Sprites/GRH_61260.asset","Assets/AOMigrator/MapVisualV063/Textures/tex_5087.png",".png",1,1,0,0,1,"INVALID_CROP_DIMENSIONS","Predominio verde 0.93, sat 0.70"
"WARNING",1238,"GRH 1238 (sin textura)",509,2,559,"Unclassified","Unclassified",0.150,0,"","","",0,0,0,1,0,"NO_CLASSIC_SPRITE|NO_SOURCE_TEXTURE_PATH|INVALID_CROP_DIMENSIONS","No se pudo analizar el sprite."
"WARNING",61268,"GRH 61268 (tex_5087.png)",275,11,550,"Grass","Grass",1.000,1,"Assets/AOMigrator/MapVisualV063/Generated/Sprites/GRH_61268.asset","Assets/AOMigrator/MapVisualV063/Textures/tex_5087.png",".png",1,1,0,0,1,"INVALID_CROP_DIMENSIONS","Predominio verde 0.89, sat 0.69"
"WARNING",6378,"GRH 6378 (tex_6215.png)",249,12,549,"Dirt","Dirt",1.000,1,"Assets/AOMigrator/MapVisualV063/Generated/Sprites/GRH_6378.asset","Assets/AOMigrator/MapVisualV063/Textures/tex_6215.png",".png",1,1,0,0,1,"INVALID_CROP_DIMENSIONS","Predominio marrón 0.92, sat 0.50"
"WARNING",1245,"GRH 1245 (sin textura)",498,2,548,"Unclassified","Unclassified",0.150,0,"","","",0,0,0,1,0,"NO_CLASSIC_SPRITE|NO_SOURCE_TEXTURE_PATH|INVALID_CROP_DIMENSIONS","No se pudo analizar el sprite."
"WARNING",61272,"GRH 61272 (tex_5087.png)",273,11,548,"Grass","Grass",1.000,1,"Assets/AOMigrator/MapVisualV063/Generated/Sprites/GRH_61272.asset","Assets/AOMigrator/MapVisualV063/Textures/tex_5087.png",".png",1,1,0,0,1,"INVALID_CROP_DIMENSIONS","Predominio verde 0.88, sat 0.69"
"WARNING",6377,"GRH 6377 (tex_6215.png)",247,12,547,"Dirt","Dirt",1.000,1,"Assets/AOMigrator/MapVisualV063/Generated/Sprites/GRH_6377.asset","Assets/AOMigrator/MapVisualV063/Textures/tex_6215.png",".png",1,1,0,0,1,"INVALID_CROP_DIMENSIONS","Predominio marrón 0.95, sat 0.47"
"WARNING",1240,"GRH 1240 (sin textura)",495,2,545,"Unclassified","Unclassified",0.150,0,"","","",0,0,0,1,0,"NO_CLASSIC_SPRITE|NO_SOURCE_TEXTURE_PATH|INVALID_CROP_DIMENSIONS","No se pudo analizar el sprite."
"WARNING",6381,"GRH 6381 (tex_6215.png)",244,12,544,"Dirt","Dirt",1.000,1,"Assets/AOMigrator/MapVisualV063/Generated/Sprites/GRH_6381.asset","Assets/AOMigrator/MapVisualV063/Textures/tex_6215.png",".png",1,1,0,0,1,"INVALID_CROP_DIMENSIONS","Predominio marrón 0.93, sat 0.48"
"WARNING",6382,"GRH 6382 (tex_6215.png)",244,12,544,"Dirt","Dirt",1.000,1,"Assets/AOMigrator/MapVisualV063/Generated/Sprites/GRH_6382.asset","Assets/AOMigrator/MapVisualV063/Textures/tex_6215.png",".png",1,1,0,0,1,"INVALID_CROP_DIMENSIONS","Predominio marrón 0.93, sat 0.49"
"WARNING",1249,"GRH 1249 (sin textura)",493,2,543,"Unclassified","Unclassified",0.150,0,"","","",0,0,0,1,0,"NO_CLASSIC_SPRITE|NO_SOURCE_TEXTURE_PATH|INVALID_CROP_DIMENSIONS","No se pudo analizar el sprite."
"WARNING",6373,"GRH 6373 (tex_6215.png)",242,12,542,"Dirt","Dirt",1.000,1,"Assets/AOMigrator/MapVisualV063/Generated/Sprites/GRH_6373.asset","Assets/AOMigrator/MapVisualV063/Textures/tex_6215.png",".png",1,1,0,0,1,"INVALID_CROP_DIMENSIONS","Predominio marrón 0.83, sat 0.51"
"WARNING",6374,"GRH 6374 (tex_6215.png)",240,12,540,"Dirt","Dirt",1.000,1,"Assets/AOMigrator/MapVisualV063/Generated/Sprites/GRH_6374.asset","Assets/AOMigrator/MapVisualV063/Textures/tex_6215.png",".png",1,1,0,0,1,"INVALID_CROP_DIMENSIONS","Predominio marrón 0.93, sat 0.49"
"WARNING",7721,"GRH 7721 (sin textura)",511,1,536,"Unclassified","Unclassified",0.150,0,"","","",0,0,0,1,0,"NO_CLASSIC_SPRITE|NO_SOURCE_TEXTURE_PATH|INVALID_CROP_DIMENSIONS","No se pudo analizar el sprite."
"WARNING",7733,"GRH 7733 (sin textura)",508,1,533,"Unclassified","Unclassified",0.150,0,"","","",0,0,0,1,0,"NO_CLASSIC_SPRITE|NO_SOURCE_TEXTURE_PATH|INVALID_CROP_DIMENSIONS","No se pudo analizar el sprite."
"WARNING",6372,"GRH 6372 (tex_6215.png)",232,12,532,"Grass","Grass",1.000,1,"Assets/AOMigrator/MapVisualV063/Generated/Sprites/GRH_6372.asset","Assets/AOMigrator/MapVisualV063/Textures/tex_6215.png",".png",1,1,0,0,1,"INVALID_CROP_DIMENSIONS","Predominio verde 0.95, sat 0.73"
"WARNING",1243,"GRH 1243 (sin textura)",481,2,531,"Unclassified","Unclassified",0.150,0,"","","",0,0,0,1,0,"NO_CLASSIC_SPRITE|NO_SOURCE_TEXTURE_PATH|INVALID_CROP_DIMENSIONS","No se pudo analizar el sprite."
"WARNING",6376,"GRH 6376 (tex_6215.png)",230,12,530,"Grass","Grass",1.000,1,"Assets/AOMigrator/MapVisualV063/Generated/Sprites/GRH_6376.asset","Assets/AOMigrator/MapVisualV063/Textures/tex_6215.png",".png",1,1,0,0,1,"INVALID_CROP_DIMENSIONS","Predominio verde 0.90, sat 0.73"
"WARNING",1246,"GRH 1246 (sin textura)",479,2,529,"Unclassified","Unclassified",0.150,0,"","","",0,0,0,1,0,"NO_CLASSIC_SPRITE|NO_SOURCE_TEXTURE_PATH|INVALID_CROP_DIMENSIONS","No se pudo analizar el sprite."
"WARNING",6375,"GRH 6375 (tex_6215.png)",226,12,526,"Grass","Grass",1.000,1,"Assets/AOMigrator/MapVisualV063/Generated/Sprites/GRH_6375.asset","Assets/AOMigrator/MapVisualV063/Textures/tex_6215.png",".png",1,1,0,0,1,"INVALID_CROP_DIMENSIONS","Predominio verde 0.92, sat 0.72"
"WARNING",6369,"GRH 6369 (tex_6215.png)",225,12,525,"Dirt","Dirt",1.000,1,"Assets/AOMigrator/MapVisualV063/Generated/Sprites/GRH_6369.asset","Assets/AOMigrator/MapVisualV063/Textures/tex_6215.png",".png",1,1,0,0,1,"INVALID_CROP_DIMENSIONS","Predominio marrón 0.92, sat 0.49"
"WARNING",6370,"GRH 6370 (tex_6215.png)",222,12,522,"Dirt","Dirt",1.000,1,"Assets/AOMigrator/MapVisualV063/Generated/Sprites/GRH_6370.asset","Assets/AOMigrator/MapVisualV063/Textures/tex_6215.png",".png",1,1,0,0,1,"INVALID_CROP_DIMENSIONS","Predominio marrón 0.91, sat 0.49"
"WARNING",6383,"GRH 6383 (tex_6215.png)",220,12,520,"Grass","Grass",1.000,1,"Assets/AOMigrator/MapVisualV063/Generated/Sprites/GRH_6383.asset","Assets/AOMigrator/MapVisualV063/Textures/tex_6215.png",".png",1,1,0,0,1,"INVALID_CROP_DIMENSIONS","Predominio verde 0.96, sat 0.72"
"WARNING",1250,"GRH 1250 (sin textura)",469,2,519,"Unclassified","Unclassified",0.150,0,"","","",0,0,0,1,0,"NO_CLASSIC_SPRITE|NO_SOURCE_TEXTURE_PATH|INVALID_CROP_DIMENSIONS","No se pudo analizar el sprite."
"WARNING",6379,"GRH 6379 (tex_6215.png)",217,12,517,"Grass","Grass",1.000,1,"Assets/AOMigrator/MapVisualV063/Generated/Sprites/GRH_6379.asset","Assets/AOMigrator/MapVisualV063/Textures/tex_6215.png",".png",1,1,0,0,1,"INVALID_CROP_DIMENSIONS","Predominio verde 0.95, sat 0.72"
"WARNING",6380,"GRH 6380 (tex_6215.png)",213,12,513,"Grass","Grass",1.000,1,"Assets/AOMigrator/MapVisualV063/Generated/Sprites/GRH_6380.asset","Assets/AOMigrator/MapVisualV063/Textures/tex_6215.png",".png",1,1,0,0,1,"INVALID_CROP_DIMENSIONS","Predominio verde 0.91, sat 0.73"
"WARNING",1241,"GRH 1241 (sin textura)",462,2,512,"Unclassified","Unclassified",0.150,0,"","","",0,0,0,1,0,"NO_CLASSIC_SPRITE|NO_SOURCE_TEXTURE_PATH|INVALID_CROP_DIMENSIONS","No se pudo analizar el sprite."
"WARNING",6368,"GRH 6368 (tex_6215.png)",210,12,510,"Grass","Grass",1.000,1,"Assets/AOMigrator/MapVisualV063/Generated/Sprites/GRH_6368.asset","Assets/AOMigrator/MapVisualV063/Textures/tex_6215.png",".png",1,1,0,0,1,"INVALID_CROP_DIMENSIONS","Predominio verde 0.93, sat 0.73"
"WARNING",6371,"GRH 6371 (tex_6215.png)",208,12,508,"Grass","Grass",1.000,1,"Assets/AOMigrator/MapVisualV063/Generated/Sprites/GRH_6371.asset","Assets/AOMigrator/MapVisualV063/Textures/tex_6215.png",".png",1,1,0,0,1,"INVALID_CROP_DIMENSIONS","Predominio verde 0.92, sat 0.72"
"WARNING",7729,"GRH 7729 (sin textura)",479,1,504,"Unclassified","Unclassified",0.150,0,"","","",0,0,0,1,0,"NO_CLASSIC_SPRITE|NO_SOURCE_TEXTURE_PATH|INVALID_CROP_DIMENSIONS","No se pudo analizar el sprite."
"WARNING",1242,"GRH 1242 (sin textura)",442,2,492,"Unclassified","Unclassified",0.150,0,"","","",0,0,0,1,0,"NO_CLASSIC_SPRITE|NO_SOURCE_TEXTURE_PATH|INVALID_CROP_DIMENSIONS","No se pudo analizar el sprite."
"WARNING",17066,"GRH 17066 (tex_5041.png)",163,13,488,"Transition","Transition",0.863,1,"Assets/AOMigrator/MapVisualV063/Generated/Sprites/GRH_17066.asset","Assets/AOMigrator/MapVisualV063/Textures/tex_5041.png",".png",1,1,0,0,1,"INVALID_CROP_DIMENSIONS","Transición: Layer2 100%, cobertura 65%, edge 0.54"
"WARNING",7734,"GRH 7734 (sin textura)",459,1,484,"Unclassified","Unclassified",0.150,0,"","","",0,0,0,1,0,"NO_CLASSIC_SPRITE|NO_SOURCE_TEXTURE_PATH|INVALID_CROP_DIMENSIONS","No se pudo analizar el sprite."
"WARNING",7722,"GRH 7722 (sin textura)",451,1,476,"Unclassified","Unclassified",0.150,0,"","","",0,0,0,1,0,"NO_CLASSIC_SPRITE|NO_SOURCE_TEXTURE_PATH|INVALID_CROP_DIMENSIONS","No se pudo analizar el sprite."
"WARNING",7732,"GRH 7732 (sin textura)",445,1,470,"Unclassified","Unclassified",0.150,0,"","","",0,0,0,1,0,"NO_CLASSIC_SPRITE|NO_SOURCE_TEXTURE_PATH|INVALID_CROP_DIMENSIONS","No se pudo analizar el sprite."
"WARNING",7720,"GRH 7720 (sin textura)",440,1,465,"Unclassified","Unclassified",0.150,0,"","","",0,0,0,1,0,"NO_CLASSIC_SPRITE|NO_SOURCE_TEXTURE_PATH|INVALID_CROP_DIMENSIONS","No se pudo analizar el sprite."
"WARNING",7735,"GRH 7735 (sin textura)",438,1,463,"Unclassified","Unclassified",0.150,0,"","","",0,0,0,1,0,"NO_CLASSIC_SPRITE|NO_SOURCE_TEXTURE_PATH|INVALID_CROP_DIMENSIONS","No se pudo analizar el sprite."
"WARNING",7723,"GRH 7723 (sin textura)",433,1,458,"Unclassified","Unclassified",0.150,0,"","","",0,0,0,1,0,"NO_CLASSIC_SPRITE|NO_SOURCE_TEXTURE_PATH|INVALID_CROP_DIMENSIONS","No se pudo analizar el sprite."
"WARNING",7725,"GRH 7725 (sin textura)",424,1,449,"Unclassified","Unclassified",0.150,0,"","","",0,0,0,1,0,"NO_CLASSIC_SPRITE|NO_SOURCE_TEXTURE_PATH|INVALID_CROP_DIMENSIONS","No se pudo analizar el sprite."
"WARNING",7730,"GRH 7730 (sin textura)",413,1,438,"Unclassified","Unclassified",0.150,0,"","","",0,0,0,1,0,"NO_CLASSIC_SPRITE|NO_SOURCE_TEXTURE_PATH|INVALID_CROP_DIMENSIONS","No se pudo analizar el sprite."
"WARNING",7728,"GRH 7728 (sin textura)",397,1,422,"Unclassified","Unclassified",0.150,0,"","","",0,0,0,1,0,"NO_CLASSIC_SPRITE|NO_SOURCE_TEXTURE_PATH|INVALID_CROP_DIMENSIONS","No se pudo analizar el sprite."
"WARNING",7731,"GRH 7731 (sin textura)",393,1,418,"Unclassified","Unclassified",0.150,0,"","","",0,0,0,1,0,"NO_CLASSIC_SPRITE|NO_SOURCE_TEXTURE_PATH|INVALID_CROP_DIMENSIONS","No se pudo analizar el sprite."
"WARNING",60936,"GRH 60936 (tex_5087.png)",139,10,389,"Dirt","Dirt",1.000,1,"Assets/AOMigrator/MapVisualV063/Generated/Sprites/GRH_60936.asset","Assets/AOMigrator/MapVisualV063/Textures/tex_5087.png",".png",1,1,0,0,1,"INVALID_CROP_DIMENSIONS","Predominio marrón 1.00, sat 0.55"
"WARNING",1515,"GRH 1515 (tex_20.png)",236,6,386,"Water","Water",1.000,1,"Assets/AOMigrator/MapVisualV063/Generated/Sprites/GRH_1515.asset","Assets/AOMigrator/MapVisualV063/Textures/tex_20.png",".png",1,1,0,0,1,"INVALID_CROP_DIMENSIONS","Predominio azul 1.00, sat 0.80"
"WARNING",7726,"GRH 7726 (sin textura)",359,1,384,"Unclassified","Unclassified",0.150,0,"","","",0,0,0,1,0,"NO_CLASSIC_SPRITE|NO_SOURCE_TEXTURE_PATH|INVALID_CROP_DIMENSIONS","No se pudo analizar el sprite."
"WARNING",60933,"GRH 60933 (tex_5087.png)",134,10,384,"Dirt","Dirt",1.000,1,"Assets/AOMigrator/MapVisualV063/Generated/Sprites/GRH_60933.asset","Assets/AOMigrator/MapVisualV063/Textures/tex_5087.png",".png",1,1,0,0,1,"INVALID_CROP_DIMENSIONS","Predominio marrón 1.00, sat 0.54"
"WARNING",60937,"GRH 60937 (tex_5087.png)",134,10,384,"Dirt","Dirt",1.000,1,"Assets/AOMigrator/MapVisualV063/Generated/Sprites/GRH_60937.asset","Assets/AOMigrator/MapVisualV063/Textures/tex_5087.png",".png",1,1,0,0,1,"INVALID_CROP_DIMENSIONS","Predominio marrón 1.00, sat 0.54"
"WARNING",17047,"GRH 17047 (tex_5041.png)",108,11,383,"Transition","Transition",0.939,1,"Assets/AOMigrator/MapVisualV063/Generated/Sprites/GRH_17047.asset","Assets/AOMigrator/MapVisualV063/Textures/tex_5041.png",".png",1,1,0,0,1,"INVALID_CROP_DIMENSIONS","Transición: Layer2 100%, cobertura 23%, edge 0.57"
"WARNING",60924,"GRH 60924 (tex_5087.png)",132,10,382,"Dirt","Dirt",1.000,1,"Assets/AOMigrator/MapVisualV063/Generated/Sprites/GRH_60924.asset","Assets/AOMigrator/MapVisualV063/Textures/tex_5087.png",".png",1,1,0,0,1,"INVALID_CROP_DIMENSIONS","Predominio marrón 1.00, sat 0.56"
"WARNING",60925,"GRH 60925 (tex_5087.png)",132,10,382,"Dirt","Dirt",1.000,1,"Assets/AOMigrator/MapVisualV063/Generated/Sprites/GRH_60925.asset","Assets/AOMigrator/MapVisualV063/Textures/tex_5087.png",".png",1,1,0,0,1,"INVALID_CROP_DIMENSIONS","Predominio marrón 1.00, sat 0.56"
"WARNING",1516,"GRH 1516 (tex_20.png)",230,6,380,"Water","Water",1.000,1,"Assets/AOMigrator/MapVisualV063/Generated/Sprites/GRH_1516.asset","Assets/AOMigrator/MapVisualV063/Textures/tex_20.png",".png",1,1,0,0,1,"INVALID_CROP_DIMENSIONS","Predominio azul 1.00, sat 0.80"
"WARNING",1514,"GRH 1514 (tex_20.png)",225,6,375,"Water","Water",1.000,1,"Assets/AOMigrator/MapVisualV063/Generated/Sprites/GRH_1514.asset","Assets/AOMigrator/MapVisualV063/Textures/tex_20.png",".png",1,1,0,0,1,"INVALID_CROP_DIMENSIONS","Predominio azul 1.00, sat 0.81"
"WARNING",17051,"GRH 17051 (tex_5041.png)",49,13,374,"Transition","Transition",0.948,1,"Assets/AOMigrator/MapVisualV063/Generated/Sprites/GRH_17051.asset","Assets/AOMigrator/MapVisualV063/Textures/tex_5041.png",".png",1,1,0,0,1,"INVALID_CROP_DIMENSIONS","Transición: Layer2 100%, cobertura 18%, edge 0.29"
"WARNING",7724,"GRH 7724 (sin textura)",348,1,373,"Unclassified","Unclassified",0.150,0,"","","",0,0,0,1,0,"NO_CLASSIC_SPRITE|NO_SOURCE_TEXTURE_PATH|INVALID_CROP_DIMENSIONS","No se pudo analizar el sprite."
"WARNING",1507,"GRH 1507 (tex_20.png)",222,6,372,"Water","Water",1.000,1,"Assets/AOMigrator/MapVisualV063/Generated/Sprites/GRH_1507.asset","Assets/AOMigrator/MapVisualV063/Textures/tex_20.png",".png",1,1,0,0,1,"INVALID_CROP_DIMENSIONS","Predominio azul 1.00, sat 0.80"
"WARNING",1519,"GRH 1519 (tex_20.png)",220,6,370,"Water","Water",1.000,1,"Assets/AOMigrator/MapVisualV063/Generated/Sprites/GRH_1519.asset","Assets/AOMigrator/MapVisualV063/Textures/tex_20.png",".png",1,1,0,0,1,"INVALID_CROP_DIMENSIONS","Predominio azul 1.00, sat 0.80"
"WARNING",7727,"GRH 7727 (sin textura)",344,1,369,"Unclassified","Unclassified",0.150,0,"","","",0,0,0,1,0,"NO_CLASSIC_SPRITE|NO_SOURCE_TEXTURE_PATH|INVALID_CROP_DIMENSIONS","No se pudo analizar el sprite."
"WARNING",1520,"GRH 1520 (tex_20.png)",217,6,367,"Water","Water",1.000,1,"Assets/AOMigrator/MapVisualV063/Generated/Sprites/GRH_1520.asset","Assets/AOMigrator/MapVisualV063/Textures/tex_20.png",".png",1,1,0,0,1,"INVALID_CROP_DIMENSIONS","Predominio azul 1.00, sat 0.79"
"WARNING",7704,"GRH 7704 (sin textura)",240,5,365,"Unclassified","Unclassified",0.150,0,"","","",0,0,0,1,0,"NO_CLASSIC_SPRITE|NO_SOURCE_TEXTURE_PATH|INVALID_CROP_DIMENSIONS","No se pudo analizar el sprite."
"WARNING",7705,"GRH 7705 (sin textura)",240,5,365,"Unclassified","Unclassified",0.150,0,"","","",0,0,0,1,0,"NO_CLASSIC_SPRITE|NO_SOURCE_TEXTURE_PATH|INVALID_CROP_DIMENSIONS","No se pudo analizar el sprite."
"WARNING",7708,"GRH 7708 (sin textura)",240,5,365,"Unclassified","Unclassified",0.150,0,"","","",0,0,0,1,0,"NO_CLASSIC_SPRITE|NO_SOURCE_TEXTURE_PATH|INVALID_CROP_DIMENSIONS","No se pudo analizar el sprite."
"WARNING",7709,"GRH 7709 (sin textura)",240,5,365,"Unclassified","Unclassified",0.150,0,"","","",0,0,0,1,0,"NO_CLASSIC_SPRITE|NO_SOURCE_TEXTURE_PATH|INVALID_CROP_DIMENSIONS","No se pudo analizar el sprite."
"WARNING",7712,"GRH 7712 (sin textura)",240,5,365,"Unclassified","Unclassified",0.150,0,"","","",0,0,0,1,0,"NO_CLASSIC_SPRITE|NO_SOURCE_TEXTURE_PATH|INVALID_CROP_DIMENSIONS","No se pudo analizar el sprite."
"WARNING",7713,"GRH 7713 (sin textura)",240,5,365,"Unclassified","Unclassified",0.150,0,"","","",0,0,0,1,0,"NO_CLASSIC_SPRITE|NO_SOURCE_TEXTURE_PATH|INVALID_CROP_DIMENSIONS","No se pudo analizar el sprite."
"WARNING",60928,"GRH 60928 (tex_5087.png)",139,9,364,"Dirt","Dirt",1.000,1,"Assets/AOMigrator/MapVisualV063/Generated/Sprites/GRH_60928.asset","Assets/AOMigrator/MapVisualV063/Textures/tex_5087.png",".png",1,1,0,0,1,"INVALID_CROP_DIMENSIONS","Predominio marrón 0.99, sat 0.55"
"WARNING",1518,"GRH 1518 (tex_20.png)",211,6,361,"Water","Water",1.000,1,"Assets/AOMigrator/MapVisualV063/Generated/Sprites/GRH_1518.asset","Assets/AOMigrator/MapVisualV063/Textures/tex_20.png",".png",1,1,0,0,1,"INVALID_CROP_DIMENSIONS","Predominio azul 1.00, sat 0.79"
"WARNING",1508,"GRH 1508 (tex_20.png)",210,6,360,"Water","Water",1.000,1,"Assets/AOMigrator/MapVisualV063/Generated/Sprites/GRH_1508.asset","Assets/AOMigrator/MapVisualV063/Textures/tex_20.png",".png",1,1,0,0,1,"INVALID_CROP_DIMENSIONS","Predominio azul 1.00, sat 0.79"
"WARNING",60932,"GRH 60932 (tex_5087.png)",135,9,360,"Dirt","Dirt",1.000,1,"Assets/AOMigrator/MapVisualV063/Generated/Sprites/GRH_60932.asset","Assets/AOMigrator/MapVisualV063/Textures/tex_5087.png",".png",1,1,0,0,1,"INVALID_CROP_DIMENSIONS","Predominio marrón 1.00, sat 0.54"
"WARNING",1513,"GRH 1513 (tex_20.png)",203,6,353,"Water","Water",1.000,1,"Assets/AOMigrator/MapVisualV063/Generated/Sprites/GRH_1513.asset","Assets/AOMigrator/MapVisualV063/Textures/tex_20.png",".png",1,1,0,0,1,"INVALID_CROP_DIMENSIONS","Predominio azul 1.00, sat 0.79"
"WARNING",16137,"GRH 16137 (tex_5065.png)",100,10,350,"Transition","Transition",0.925,1,"Assets/AOMigrator/MapVisualV063/Generated/Sprites/GRH_16137.asset","Assets/AOMigrator/MapVisualV063/Textures/tex_5065.png",".png",1,1,0,0,1,"INVALID_CROP_DIMENSIONS","Transición: Layer2 100%, cobertura 31%, edge 0.58"
"WARNING",6411,"GRH 6411 (tex_6215.png)",46,12,346,"Dirt","Dirt",1.000,1,"Assets/AOMigrator/MapVisualV063/Generated/Sprites/GRH_6411.asset","Assets/AOMigrator/MapVisualV063/Textures/tex_6215.png",".png",1,1,0,0,1,"INVALID_CROP_DIMENSIONS","Predominio marrón 0.91, sat 0.47"
"WARNING",6406,"GRH 6406 (tex_6215.png)",45,12,345,"Grass","Grass",1.000,1,"Assets/AOMigrator/MapVisualV063/Generated/Sprites/GRH_6406.asset","Assets/AOMigrator/MapVisualV063/Textures/tex_6215.png",".png",1,1,0,0,1,"INVALID_CROP_DIMENSIONS","Predominio verde 0.47, sat 0.61"
"WARNING",6407,"GRH 6407 (tex_6215.png)",45,12,345,"Dirt","Dirt",1.000,1,"Assets/AOMigrator/MapVisualV063/Generated/Sprites/GRH_6407.asset","Assets/AOMigrator/MapVisualV063/Textures/tex_6215.png",".png",1,1,0,0,1,"INVALID_CROP_DIMENSIONS","Predominio marrón 0.85, sat 0.52"
"WARNING",6409,"GRH 6409 (tex_6215.png)",43,12,343,"Grass","Grass",1.000,1,"Assets/AOMigrator/MapVisualV063/Generated/Sprites/GRH_6409.asset","Assets/AOMigrator/MapVisualV063/Textures/tex_6215.png",".png",1,1,0,0,1,"INVALID_CROP_DIMENSIONS","Predominio verde 0.49, sat 0.61"
"WARNING",6410,"GRH 6410 (tex_6215.png)",43,12,343,"Dirt","Dirt",1.000,1,"Assets/AOMigrator/MapVisualV063/Generated/Sprites/GRH_6410.asset","Assets/AOMigrator/MapVisualV063/Textures/tex_6215.png",".png",1,1,0,0,1,"INVALID_CROP_DIMENSIONS","Predominio marrón 0.99, sat 0.45"
"WARNING",6413,"GRH 6413 (tex_6215.png)",43,12,343,"Dirt","Dirt",1.000,1,"Assets/AOMigrator/MapVisualV063/Generated/Sprites/GRH_6413.asset","Assets/AOMigrator/MapVisualV063/Textures/tex_6215.png",".png",1,1,0,0,1,"INVALID_CROP_DIMENSIONS","Predominio marrón 0.83, sat 0.51"
"WARNING",6414,"GRH 6414 (tex_6215.png)",43,12,343,"Dirt","Dirt",1.000,1,"Assets/AOMigrator/MapVisualV063/Generated/Sprites/GRH_6414.asset","Assets/AOMigrator/MapVisualV063/Textures/tex_6215.png",".png",1,1,0,0,1,"INVALID_CROP_DIMENSIONS","Predominio marrón 0.97, sat 0.45"
"WARNING",6415,"GRH 6415 (tex_6215.png)",43,12,343,"Grass","Grass",1.000,1,"Assets/AOMigrator/MapVisualV063/Generated/Sprites/GRH_6415.asset","Assets/AOMigrator/MapVisualV063/Textures/tex_6215.png",".png",1,1,0,0,1,"INVALID_CROP_DIMENSIONS","Predominio verde 0.70, sat 0.68"
"WARNING",60930,"GRH 60930 (tex_5087.png)",142,8,342,"Dirt","Dirt",1.000,1,"Assets/AOMigrator/MapVisualV063/Generated/Sprites/GRH_60930.asset","Assets/AOMigrator/MapVisualV063/Textures/tex_5087.png",".png",1,1,0,0,1,"INVALID_CROP_DIMENSIONS","Predominio marrón 0.99, sat 0.55"
"WARNING",1505,"GRH 1505 (tex_20.png)",191,6,341,"Water","Water",1.000,1,"Assets/AOMigrator/MapVisualV063/Generated/Sprites/GRH_1505.asset","Assets/AOMigrator/MapVisualV063/Textures/tex_20.png",".png",1,1,0,0,1,"INVALID_CROP_DIMENSIONS","Predominio azul 1.00, sat 0.81"
"WARNING",60926,"GRH 60926 (tex_5087.png)",140,8,340,"Dirt","Dirt",1.000,1,"Assets/AOMigrator/MapVisualV063/Generated/Sprites/GRH_60926.asset","Assets/AOMigrator/MapVisualV063/Textures/tex_5087.png",".png",1,1,0,0,1,"INVALID_CROP_DIMENSIONS","Predominio marrón 0.99, sat 0.55"
"WARNING",60934,"GRH 60934 (tex_5087.png)",140,8,340,"Dirt","Dirt",1.000,1,"Assets/AOMigrator/MapVisualV063/Generated/Sprites/GRH_60934.asset","Assets/AOMigrator/MapVisualV063/Textures/tex_5087.png",".png",1,1,0,0,1,"INVALID_CROP_DIMENSIONS","Predominio marrón 1.00, sat 0.56"
"WARNING",60938,"GRH 60938 (tex_5087.png)",140,8,340,"Dirt","Dirt",1.000,1,"Assets/AOMigrator/MapVisualV063/Generated/Sprites/GRH_60938.asset","Assets/AOMigrator/MapVisualV063/Textures/tex_5087.png",".png",1,1,0,0,1,"INVALID_CROP_DIMENSIONS","Predominio marrón 0.99, sat 0.54"
"WARNING",6043,"GRH 6043 (tex_6000.png)",39,12,339,"Grass","Grass",1.000,1,"Assets/AOMigrator/MapVisualV063/Generated/Sprites/GRH_6043.asset","Assets/AOMigrator/MapVisualV063/Textures/tex_6000.png",".png",1,1,0,0,1,"INVALID_CROP_DIMENSIONS","Predominio verde 0.57, sat 0.69"
"WARNING",60927,"GRH 60927 (tex_5087.png)",138,8,338,"Dirt","Dirt",1.000,1,"Assets/AOMigrator/MapVisualV063/Generated/Sprites/GRH_60927.asset","Assets/AOMigrator/MapVisualV063/Textures/tex_5087.png",".png",1,1,0,0,1,"INVALID_CROP_DIMENSIONS","Predominio marrón 0.99, sat 0.55"
"WARNING",1517,"GRH 1517 (tex_20.png)",187,6,337,"Water","Water",1.000,1,"Assets/AOMigrator/MapVisualV063/Generated/Sprites/GRH_1517.asset","Assets/AOMigrator/MapVisualV063/Textures/tex_20.png",".png",1,1,0,0,1,"INVALID_CROP_DIMENSIONS","Predominio azul 1.00, sat 0.79"
"WARNING",1512,"GRH 1512 (sin textura)",235,4,335,"Unclassified","Unclassified",0.150,0,"","","",0,0,0,1,0,"NO_CLASSIC_SPRITE|NO_SOURCE_TEXTURE_PATH|INVALID_CROP_DIMENSIONS","No se pudo analizar el sprite."
"WARNING",1511,"GRH 1511 (sin textura)",233,4,333,"Unclassified","Unclassified",0.150,0,"","","",0,0,0,1,0,"NO_CLASSIC_SPRITE|NO_SOURCE_TEXTURE_PATH|INVALID_CROP_DIMENSIONS","No se pudo analizar el sprite."
"WARNING",60929,"GRH 60929 (tex_5087.png)",133,8,333,"Dirt","Dirt",1.000,1,"Assets/AOMigrator/MapVisualV063/Generated/Sprites/GRH_60929.asset","Assets/AOMigrator/MapVisualV063/Textures/tex_5087.png",".png",1,1,0,0,1,"INVALID_CROP_DIMENSIONS","Predominio marrón 1.00, sat 0.53"
"WARNING",6059,"GRH 6059 (tex_6000.png)",54,11,329,"Grass","Grass",1.000,1,"Assets/AOMigrator/MapVisualV063/Generated/Sprites/GRH_6059.asset","Assets/AOMigrator/MapVisualV063/Textures/tex_6000.png",".png",1,1,0,0,1,"INVALID_CROP_DIMENSIONS","Predominio verde 0.79, sat 0.70"
"WARNING",1510,"GRH 1510 (sin textura)",227,4,327,"Unclassified","Unclassified",0.150,0,"","","",0,0,0,1,0,"NO_CLASSIC_SPRITE|NO_SOURCE_TEXTURE_PATH|INVALID_CROP_DIMENSIONS","No se pudo analizar el sprite."
"WARNING",6403,"GRH 6403 (tex_6215.png)",49,11,324,"Grass","Grass",1.000,1,"Assets/AOMigrator/MapVisualV063/Generated/Sprites/GRH_6403.asset","Assets/AOMigrator/MapVisualV063/Textures/tex_6215.png",".png",1,1,0,0,1,"INVALID_CROP_DIMENSIONS","Predominio verde 0.93, sat 0.73"
"WARNING",6058,"GRH 6058 (tex_6000.png)",47,11,322,"Grass","Grass",0.991,1,"Assets/AOMigrator/MapVisualV063/Generated/Sprites/GRH_6058.asset","Assets/AOMigrator/MapVisualV063/Textures/tex_6000.png",".png",1,1,0,0,1,"INVALID_CROP_DIMENSIONS","Predominio verde 0.41, sat 0.68"
"WARNING",6448,"GRH 6448 (tex_6215.png)",47,11,322,"Grass","Grass",1.000,1,"Assets/AOMigrator/MapVisualV063/Generated/Sprites/GRH_6448.asset","Assets/AOMigrator/MapVisualV063/Textures/tex_6215.png",".png",1,1,0,0,1,"INVALID_CROP_DIMENSIONS","Predominio verde 0.68, sat 0.68"
"WARNING",6449,"GRH 6449 (tex_6215.png)",47,11,322,"Dirt","Dirt",1.000,1,"Assets/AOMigrator/MapVisualV063/Generated/Sprites/GRH_6449.asset","Assets/AOMigrator/MapVisualV063/Textures/tex_6215.png",".png",1,1,0,0,1,"INVALID_CROP_DIMENSIONS","Predominio marrón 0.90, sat 0.50"
"WARNING",6450,"GRH 6450 (tex_6215.png)",47,11,322,"Dirt","Dirt",1.000,1,"Assets/AOMigrator/MapVisualV063/Generated/Sprites/GRH_6450.asset","Assets/AOMigrator/MapVisualV063/Textures/tex_6215.png",".png",1,1,0,0,1,"INVALID_CROP_DIMENSIONS","Predominio marrón 0.93, sat 0.48"
"WARNING",6451,"GRH 6451 (tex_6215.png)",47,11,322,"Grass","Grass",1.000,1,"Assets/AOMigrator/MapVisualV063/Generated/Sprites/GRH_6451.asset","Assets/AOMigrator/MapVisualV063/Textures/tex_6215.png",".png",1,1,0,0,1,"INVALID_CROP_DIMENSIONS","Predominio verde 0.93, sat 0.73"
"WARNING",2933,"GRH 2933 (tex_5065.png)",70,10,320,"Transition","Transition",0.916,1,"Assets/AOMigrator/MapVisualV063/Generated/Sprites/GRH_2933.asset","Assets/AOMigrator/MapVisualV063/Textures/tex_5065.png",".png",1,1,0,0,1,"INVALID_CROP_DIMENSIONS","Transición: Layer2 100%, cobertura 36%, edge 0.40"
"WARNING",6063,"GRH 6063 (tex_6000.png)",45,11,320,"Grass","Grass",1.000,1,"Assets/AOMigrator/MapVisualV063/Generated/Sprites/GRH_6063.asset","Assets/AOMigrator/MapVisualV063/Textures/tex_6000.png",".png",1,1,0,0,1,"INVALID_CROP_DIMENSIONS","Predominio verde 0.92, sat 0.70"
"WARNING",6401,"GRH 6401 (tex_6215.png)",45,11,320,"Grass","Grass",1.000,1,"Assets/AOMigrator/MapVisualV063/Generated/Sprites/GRH_6401.asset","Assets/AOMigrator/MapVisualV063/Textures/tex_6215.png",".png",1,1,0,0,1,"INVALID_CROP_DIMENSIONS","Predominio verde 0.78, sat 0.70"
"WARNING",6402,"GRH 6402 (tex_6215.png)",45,11,320,"Grass","Grass",1.000,1,"Assets/AOMigrator/MapVisualV063/Generated/Sprites/GRH_6402.asset","Assets/AOMigrator/MapVisualV063/Textures/tex_6215.png",".png",1,1,0,0,1,"INVALID_CROP_DIMENSIONS","Predominio verde 0.88, sat 0.72"
"WARNING",6405,"GRH 6405 (tex_6215.png)",44,11,319,"Grass","Grass",1.000,1,"Assets/AOMigrator/MapVisualV063/Generated/Sprites/GRH_6405.asset","Assets/AOMigrator/MapVisualV063/Textures/tex_6215.png",".png",1,1,0,0,1,"INVALID_CROP_DIMENSIONS","Predominio verde 0.73, sat 0.69"
"WARNING",6404,"GRH 6404 (tex_6215.png)",43,11,318,"Grass","Grass",1.000,1,"Assets/AOMigrator/MapVisualV063/Generated/Sprites/GRH_6404.asset","Assets/AOMigrator/MapVisualV063/Textures/tex_6215.png",".png",1,1,0,0,1,"INVALID_CROP_DIMENSIONS","Predominio verde 0.80, sat 0.69"
"WARNING",6452,"GRH 6452 (tex_6215.png)",43,11,318,"Dirt","Dirt",1.000,1,"Assets/AOMigrator/MapVisualV063/Generated/Sprites/GRH_6452.asset","Assets/AOMigrator/MapVisualV063/Textures/tex_6215.png",".png",1,1,0,0,1,"INVALID_CROP_DIMENSIONS","Predominio marrón 0.90, sat 0.49"
"WARNING",6453,"GRH 6453 (tex_6215.png)",43,11,318,"Dirt","Dirt",1.000,1,"Assets/AOMigrator/MapVisualV063/Generated/Sprites/GRH_6453.asset","Assets/AOMigrator/MapVisualV063/Textures/tex_6215.png",".png",1,1,0,0,1,"INVALID_CROP_DIMENSIONS","Predominio marrón 1.00, sat 0.44"
"WARNING",6454,"GRH 6454 (tex_6215.png)",43,11,318,"Grass","Grass",0.884,1,"Assets/AOMigrator/MapVisualV063/Generated/Sprites/GRH_6454.asset","Assets/AOMigrator/MapVisualV063/Textures/tex_6215.png",".png",1,1,0,0,1,"INVALID_CROP_DIMENSIONS","Predominio verde 0.29, sat 0.55"
"WARNING",6456,"GRH 6456 (tex_6215.png)",43,11,318,"Dirt","Dirt",1.000,1,"Assets/AOMigrator/MapVisualV063/Generated/Sprites/GRH_6456.asset","Assets/AOMigrator/MapVisualV063/Textures/tex_6215.png",".png",1,1,0,0,1,"INVALID_CROP_DIMENSIONS","Predominio marrón 0.89, sat 0.49"
"WARNING",6457,"GRH 6457 (tex_6215.png)",43,11,318,"Grass","Grass",1.000,1,"Assets/AOMigrator/MapVisualV063/Generated/Sprites/GRH_6457.asset","Assets/AOMigrator/MapVisualV063/Textures/tex_6215.png",".png",1,1,0,0,1,"INVALID_CROP_DIMENSIONS","Predominio verde 0.43, sat 0.58"
"WARNING",6458,"GRH 6458 (tex_6215.png)",43,11,318,"Grass","Grass",1.000,1,"Assets/AOMigrator/MapVisualV063/Generated/Sprites/GRH_6458.asset","Assets/AOMigrator/MapVisualV063/Textures/tex_6215.png",".png",1,1,0,0,1,"INVALID_CROP_DIMENSIONS","Predominio verde 0.88, sat 0.72"
"WARNING",6042,"GRH 6042 (tex_6000.png)",41,11,316,"Dirt","Dirt",1.000,1,"Assets/AOMigrator/MapVisualV063/Generated/Sprites/GRH_6042.asset","Assets/AOMigrator/MapVisualV063/Textures/tex_6000.png",".png",1,1,0,0,1,"INVALID_CROP_DIMENSIONS","Predominio marrón 0.88, sat 0.67"
"WARNING",6408,"GRH 6408 (tex_6215.png)",41,11,316,"Grass","Grass",1.000,1,"Assets/AOMigrator/MapVisualV063/Generated/Sprites/GRH_6408.asset","Assets/AOMigrator/MapVisualV063/Textures/tex_6215.png",".png",1,1,0,0,1,"INVALID_CROP_DIMENSIONS","Predominio verde 0.91, sat 0.73"
"WARNING",6040,"GRH 6040 (tex_6000.png)",40,11,315,"Grass","Grass",1.000,1,"Assets/AOMigrator/MapVisualV063/Generated/Sprites/GRH_6040.asset","Assets/AOMigrator/MapVisualV063/Textures/tex_6000.png",".png",1,1,0,0,1,"INVALID_CROP_DIMENSIONS","Predominio verde 0.88, sat 0.69"
"WARNING",6455,"GRH 6455 (tex_6215.png)",40,11,315,"Grass","Grass",1.000,1,"Assets/AOMigrator/MapVisualV063/Generated/Sprites/GRH_6455.asset","Assets/AOMigrator/MapVisualV063/Textures/tex_6215.png",".png",1,1,0,0,1,"INVALID_CROP_DIMENSIONS","Predominio verde 0.92, sat 0.73"
"WARNING",6041,"GRH 6041 (tex_6000.png)",39,11,314,"Grass","Grass",1.000,1,"Assets/AOMigrator/MapVisualV063/Generated/Sprites/GRH_6041.asset","Assets/AOMigrator/MapVisualV063/Textures/tex_6000.png",".png",1,1,0,0,1,"INVALID_CROP_DIMENSIONS","Predominio verde 0.44, sat 0.68"
"WARNING",6062,"GRH 6062 (tex_6000.png)",39,11,314,"Grass","Grass",1.000,1,"Assets/AOMigrator/MapVisualV063/Generated/Sprites/GRH_6062.asset","Assets/AOMigrator/MapVisualV063/Textures/tex_6000.png",".png",1,1,0,0,1,"INVALID_CROP_DIMENSIONS","Predominio verde 0.90, sat 0.70"
"WARNING",6459,"GRH 6459 (tex_6215.png)",39,11,314,"Grass","Grass",1.000,1,"Assets/AOMigrator/MapVisualV063/Generated/Sprites/GRH_6459.asset","Assets/AOMigrator/MapVisualV063/Textures/tex_6215.png",".png",1,1,0,0,1,"INVALID_CROP_DIMENSIONS","Predominio verde 0.85, sat 0.73"
"WARNING",61131,"GRH 61131 (tex_5087.png)",37,11,312,"Grass","Grass",1.000,1,"Assets/AOMigrator/MapVisualV063/Generated/Sprites/GRH_61131.asset","Assets/AOMigrator/MapVisualV063/Textures/tex_5087.png",".png",1,1,0,0,1,"INVALID_CROP_DIMENSIONS","Predominio verde 0.90, sat 0.69"
"WARNING",61587,"GRH 61587 (tex_5087.png)",37,11,312,"Grass","Grass",1.000,1,"Assets/AOMigrator/MapVisualV063/Generated/Sprites/GRH_61587.asset","Assets/AOMigrator/MapVisualV063/Textures/tex_5087.png",".png",1,1,0,0,1,"INVALID_CROP_DIMENSIONS","Predominio verde 0.92, sat 0.69"
"WARNING",61591,"GRH 61591 (tex_5087.png)",37,11,312,"Grass","Grass",0.960,1,"Assets/AOMigrator/MapVisualV063/Generated/Sprites/GRH_61591.asset","Assets/AOMigrator/MapVisualV063/Textures/tex_5087.png",".png",1,1,0,0,1,"INVALID_CROP_DIMENSIONS","Predominio verde 0.38, sat 0.60"
"WARNING",61595,"GRH 61595 (tex_5087.png)",37,11,312,"Grass","Grass",1.000,1,"Assets/AOMigrator/MapVisualV063/Generated/Sprites/GRH_61595.asset","Assets/AOMigrator/MapVisualV063/Textures/tex_5087.png",".png",1,1,0,0,1,"INVALID_CROP_DIMENSIONS","Predominio verde 0.45, sat 0.60"
"WARNING",6035,"GRH 6035 (tex_6000.png)",36,11,311,"Grass","Grass",1.000,1,"Assets/AOMigrator/MapVisualV063/Generated/Sprites/GRH_6035.asset","Assets/AOMigrator/MapVisualV063/Textures/tex_6000.png",".png",1,1,0,0,1,"INVALID_CROP_DIMENSIONS","Predominio verde 0.84, sat 0.69"
"WARNING",6047,"GRH 6047 (tex_6000.png)",36,11,311,"Grass","Grass",1.000,1,"Assets/AOMigrator/MapVisualV063/Generated/Sprites/GRH_6047.asset","Assets/AOMigrator/MapVisualV063/Textures/tex_6000.png",".png",1,1,0,0,1,"INVALID_CROP_DIMENSIONS","Predominio verde 0.69, sat 0.69"
"WARNING",61119,"GRH 61119 (tex_5087.png)",36,11,311,"Grass","Grass",1.000,1,"Assets/AOMigrator/MapVisualV063/Generated/Sprites/GRH_61119.asset","Assets/AOMigrator/MapVisualV063/Textures/tex_5087.png",".png",1,1,0,0,1,"INVALID_CROP_DIMENSIONS","Predominio verde 0.52, sat 0.62"
"WARNING",61123,"GRH 61123 (tex_5087.png)",36,11,311,"Grass","Grass",1.000,1,"Assets/AOMigrator/MapVisualV063/Generated/Sprites/GRH_61123.asset","Assets/AOMigrator/MapVisualV063/Textures/tex_5087.png",".png",1,1,0,0,1,"INVALID_CROP_DIMENSIONS","Predominio verde 0.81, sat 0.65"
"WARNING",61127,"GRH 61127 (tex_5087.png)",36,11,311,"Grass","Grass",1.000,1,"Assets/AOMigrator/MapVisualV063/Generated/Sprites/GRH_61127.asset","Assets/AOMigrator/MapVisualV063/Textures/tex_5087.png",".png",1,1,0,0,1,"INVALID_CROP_DIMENSIONS","Predominio verde 0.80, sat 0.69"
"WARNING",61130,"GRH 61130 (tex_5087.png)",36,11,311,"Grass","Grass",1.000,1,"Assets/AOMigrator/MapVisualV063/Generated/Sprites/GRH_61130.asset","Assets/AOMigrator/MapVisualV063/Textures/tex_5087.png",".png",1,1,0,0,1,"INVALID_CROP_DIMENSIONS","Predominio verde 0.87, sat 0.69"
"WARNING",61585,"GRH 61585 (tex_5087.png)",36,11,311,"Grass","Grass",1.000,1,"Assets/AOMigrator/MapVisualV063/Generated/Sprites/GRH_61585.asset","Assets/AOMigrator/MapVisualV063/Textures/tex_5087.png",".png",1,1,0,0,1,"INVALID_CROP_DIMENSIONS","Predominio verde 0.84, sat 0.68"
"WARNING",61586,"GRH 61586 (tex_5087.png)",36,11,311,"Grass","Grass",1.000,1,"Assets/AOMigrator/MapVisualV063/Generated/Sprites/GRH_61586.asset","Assets/AOMigrator/MapVisualV063/Textures/tex_5087.png",".png",1,1,0,0,1,"INVALID_CROP_DIMENSIONS","Predominio verde 0.88, sat 0.68"
"WARNING",61589,"GRH 61589 (tex_5087.png)",36,11,311,"Grass","Grass",1.000,1,"Assets/AOMigrator/MapVisualV063/Generated/Sprites/GRH_61589.asset","Assets/AOMigrator/MapVisualV063/Textures/tex_5087.png",".png",1,1,0,0,1,"INVALID_CROP_DIMENSIONS","Predominio verde 0.86, sat 0.68"
"WARNING",61590,"GRH 61590 (tex_5087.png)",36,11,311,"Grass","Grass",1.000,1,"Assets/AOMigrator/MapVisualV063/Generated/Sprites/GRH_61590.asset","Assets/AOMigrator/MapVisualV063/Textures/tex_5087.png",".png",1,1,0,0,1,"INVALID_CROP_DIMENSIONS","Predominio verde 0.74, sat 0.66"
"WARNING",61594,"GRH 61594 (tex_5087.png)",36,11,311,"Grass","Grass",1.000,1,"Assets/AOMigrator/MapVisualV063/Generated/Sprites/GRH_61594.asset","Assets/AOMigrator/MapVisualV063/Textures/tex_5087.png",".png",1,1,0,0,1,"INVALID_CROP_DIMENSIONS","Predominio verde 0.44, sat 0.60"
"WARNING",1509,"GRH 1509 (sin textura)",210,4,310,"Unclassified","Unclassified",0.150,0,"","","",0,0,0,1,0,"NO_CLASSIC_SPRITE|NO_SOURCE_TEXTURE_PATH|INVALID_CROP_DIMENSIONS","No se pudo analizar el sprite."
"WARNING",6039,"GRH 6039 (tex_6000.png)",35,11,310,"Grass","Grass",1.000,1,"Assets/AOMigrator/MapVisualV063/Generated/Sprites/GRH_6039.asset","Assets/AOMigrator/MapVisualV063/Textures/tex_6000.png",".png",1,1,0,0,1,"INVALID_CROP_DIMENSIONS","Predominio verde 0.68, sat 0.69"
"WARNING",61118,"GRH 61118 (tex_5087.png)",35,11,310,"Grass","Grass",1.000,1,"Assets/AOMigrator/MapVisualV063/Generated/Sprites/GRH_61118.asset","Assets/AOMigrator/MapVisualV063/Textures/tex_5087.png",".png",1,1,0,0,1,"INVALID_CROP_DIMENSIONS","Predominio verde 0.49, sat 0.62"
"WARNING",61122,"GRH 61122 (tex_5087.png)",35,11,310,"Grass","Grass",1.000,1,"Assets/AOMigrator/MapVisualV063/Generated/Sprites/GRH_61122.asset","Assets/AOMigrator/MapVisualV063/Textures/tex_5087.png",".png",1,1,0,0,1,"INVALID_CROP_DIMENSIONS","Predominio verde 0.81, sat 0.66"
"WARNING",61126,"GRH 61126 (tex_5087.png)",35,11,310,"Grass","Grass",1.000,1,"Assets/AOMigrator/MapVisualV063/Generated/Sprites/GRH_61126.asset","Assets/AOMigrator/MapVisualV063/Textures/tex_5087.png",".png",1,1,0,0,1,"INVALID_CROP_DIMENSIONS","Predominio verde 0.83, sat 0.69"
"WARNING",61593,"GRH 61593 (tex_5087.png)",35,11,310,"Grass","Grass",1.000,1,"Assets/AOMigrator/MapVisualV063/Generated/Sprites/GRH_61593.asset","Assets/AOMigrator/MapVisualV063/Textures/tex_5087.png",".png",1,1,0,0,1,"INVALID_CROP_DIMENSIONS","Predominio verde 0.88, sat 0.68"
"WARNING",61581,"GRH 61581 (tex_5087.png)",34,11,309,"Grass","Grass",1.000,1,"Assets/AOMigrator/MapVisualV063/Generated/Sprites/GRH_61581.asset","Assets/AOMigrator/MapVisualV063/Textures/tex_5087.png",".png",1,1,0,0,1,"INVALID_CROP_DIMENSIONS","Predominio verde 0.92, sat 0.69"
"WARNING",61582,"GRH 61582 (tex_5087.png)",34,11,309,"Grass","Grass",1.000,1,"Assets/AOMigrator/MapVisualV063/Generated/Sprites/GRH_61582.asset","Assets/AOMigrator/MapVisualV063/Textures/tex_5087.png",".png",1,1,0,0,1,"INVALID_CROP_DIMENSIONS","Predominio verde 0.86, sat 0.69"
"WARNING",61583,"GRH 61583 (tex_5087.png)",34,11,309,"Grass","Grass",1.000,1,"Assets/AOMigrator/MapVisualV063/Generated/Sprites/GRH_61583.asset","Assets/AOMigrator/MapVisualV063/Textures/tex_5087.png",".png",1,1,0,0,1,"INVALID_CROP_DIMENSIONS","Predominio verde 0.94, sat 0.69"
"WARNING",61584,"GRH 61584 (tex_5087.png)",34,11,309,"Grass","Grass",1.000,1,"Assets/AOMigrator/MapVisualV063/Generated/Sprites/GRH_61584.asset","Assets/AOMigrator/MapVisualV063/Textures/tex_5087.png",".png",1,1,0,0,1,"INVALID_CROP_DIMENSIONS","Predominio verde 0.76, sat 0.66"
"WARNING",61588,"GRH 61588 (tex_5087.png)",34,11,309,"Grass","Grass",1.000,1,"Assets/AOMigrator/MapVisualV063/Generated/Sprites/GRH_61588.asset","Assets/AOMigrator/MapVisualV063/Textures/tex_5087.png",".png",1,1,0,0,1,"INVALID_CROP_DIMENSIONS","Predominio verde 0.90, sat 0.68"
"WARNING",61592,"GRH 61592 (tex_5087.png)",33,11,308,"Grass","Grass",1.000,1,"Assets/AOMigrator/MapVisualV063/Generated/Sprites/GRH_61592.asset","Assets/AOMigrator/MapVisualV063/Textures/tex_5087.png",".png",1,1,0,0,1,"INVALID_CROP_DIMENSIONS","Predominio verde 0.86, sat 0.68"
"WARNING",1506,"GRH 1506 (sin textura)",207,4,307,"Unclassified","Unclassified",0.150,0,"","","",0,0,0,1,0,"NO_CLASSIC_SPRITE|NO_SOURCE_TEXTURE_PATH|INVALID_CROP_DIMENSIONS","No se pudo analizar el sprite."
"WARNING",6055,"GRH 6055 (tex_6000.png)",56,10,306,"Grass","Grass",1.000,1,"Assets/AOMigrator/MapVisualV063/Generated/Sprites/GRH_6055.asset","Assets/AOMigrator/MapVisualV063/Textures/tex_6000.png",".png",1,1,0,0,1,"INVALID_CROP_DIMENSIONS","Predominio verde 0.48, sat 0.69"
"WARNING",7706,"GRH 7706 (sin textura)",180,5,305,"Unclassified","Unclassified",0.150,0,"","","",0,0,0,1,0,"NO_CLASSIC_SPRITE|NO_SOURCE_TEXTURE_PATH|INVALID_CROP_DIMENSIONS","No se pudo analizar el sprite."
"WARNING",7707,"GRH 7707 (sin textura)",180,5,305,"Unclassified","Unclassified",0.150,0,"","","",0,0,0,1,0,"NO_CLASSIC_SPRITE|NO_SOURCE_TEXTURE_PATH|INVALID_CROP_DIMENSIONS","No se pudo analizar el sprite."
"WARNING",7710,"GRH 7710 (sin textura)",180,5,305,"Unclassified","Unclassified",0.150,0,"","","",0,0,0,1,0,"NO_CLASSIC_SPRITE|NO_SOURCE_TEXTURE_PATH|INVALID_CROP_DIMENSIONS","No se pudo analizar el sprite."
"WARNING",7711,"GRH 7711 (sin textura)",180,5,305,"Unclassified","Unclassified",0.150,0,"","","",0,0,0,1,0,"NO_CLASSIC_SPRITE|NO_SOURCE_TEXTURE_PATH|INVALID_CROP_DIMENSIONS","No se pudo analizar el sprite."
"WARNING",7714,"GRH 7714 (sin textura)",180,5,305,"Unclassified","Unclassified",0.150,0,"","","",0,0,0,1,0,"NO_CLASSIC_SPRITE|NO_SOURCE_TEXTURE_PATH|INVALID_CROP_DIMENSIONS","No se pudo analizar el sprite."
"WARNING",7715,"GRH 7715 (sin textura)",180,5,305,"Unclassified","Unclassified",0.150,0,"","","",0,0,0,1,0,"NO_CLASSIC_SPRITE|NO_SOURCE_TEXTURE_PATH|INVALID_CROP_DIMENSIONS","No se pudo analizar el sprite."
"WARNING",6054,"GRH 6054 (tex_6000.png)",54,10,304,"Dirt","Dirt",1.000,1,"Assets/AOMigrator/MapVisualV063/Generated/Sprites/GRH_6054.asset","Assets/AOMigrator/MapVisualV063/Textures/tex_6000.png",".png",1,1,0,0,1,"INVALID_CROP_DIMENSIONS","Predominio marrón 0.99, sat 0.67"
"WARNING",6050,"GRH 6050 (tex_6000.png)",50,10,300,"Grass","Grass",0.918,1,"Assets/AOMigrator/MapVisualV063/Generated/Sprites/GRH_6050.asset","Assets/AOMigrator/MapVisualV063/Textures/tex_6000.png",".png",1,1,0,0,1,"INVALID_CROP_DIMENSIONS","Predominio verde 0.33, sat 0.68"
"WARNING",6051,"GRH 6051 (tex_6000.png)",50,10,300,"Grass","Grass",1.000,1,"Assets/AOMigrator/MapVisualV063/Generated/Sprites/GRH_6051.asset","Assets/AOMigrator/MapVisualV063/Textures/tex_6000.png",".png",1,1,0,0,1,"INVALID_CROP_DIMENSIONS","Predominio verde 0.71, sat 0.69"
"WARNING",6057,"GRH 6057 (tex_6000.png)",48,10,298,"Dirt","Dirt",1.000,1,"Assets/AOMigrator/MapVisualV063/Generated/Sprites/GRH_6057.asset","Assets/AOMigrator/MapVisualV063/Textures/tex_6000.png",".png",1,1,0,0,1,"INVALID_CROP_DIMENSIONS","Predominio marrón 0.91, sat 0.67"
"WARNING",6419,"GRH 6419 (tex_6215.png)",23,11,298,"Grass","Grass",1.000,1,"Assets/AOMigrator/MapVisualV063/Generated/Sprites/GRH_6419.asset","Assets/AOMigrator/MapVisualV063/Textures/tex_6215.png",".png",1,1,0,0,1,"INVALID_CROP_DIMENSIONS","Predominio verde 0.95, sat 0.73"
"WARNING",6400,"GRH 6400 (tex_6215.png)",45,10,295,"Grass","Grass",1.000,1,"Assets/AOMigrator/MapVisualV063/Generated/Sprites/GRH_6400.asset","Assets/AOMigrator/MapVisualV063/Textures/tex_6215.png",".png",1,1,0,0,1,"INVALID_CROP_DIMENSIONS","Predominio verde 0.78, sat 0.70"
"WARNING",6056,"GRH 6056 (tex_6000.png)",44,10,294,"Grass","Grass",0.953,1,"Assets/AOMigrator/MapVisualV063/Generated/Sprites/GRH_6056.asset","Assets/AOMigrator/MapVisualV063/Textures/tex_6000.png",".png",1,1,0,0,1,"INVALID_CROP_DIMENSIONS","Predominio verde 0.37, sat 0.68"
"WARNING",6423,"GRH 6423 (tex_6215.png)",19,11,294,"Grass","Grass",1.000,1,"Assets/AOMigrator/MapVisualV063/Generated/Sprites/GRH_6423.asset","Assets/AOMigrator/MapVisualV063/Textures/tex_6215.png",".png",1,1,0,0,1,"INVALID_CROP_DIMENSIONS","Predominio verde 0.93, sat 0.72"
"WARNING",61113,"GRH 61113 (tex_5087.png)",19,11,294,"Grass","Grass",1.000,1,"Assets/AOMigrator/MapVisualV063/Generated/Sprites/GRH_61113.asset","Assets/AOMigrator/MapVisualV063/Textures/tex_5087.png",".png",1,1,0,0,1,"INVALID_CROP_DIMENSIONS","Predominio verde 0.89, sat 0.69"
"WARNING",6046,"GRH 6046 (tex_6000.png)",40,10,290,"Grass","Grass",1.000,1,"Assets/AOMigrator/MapVisualV063/Generated/Sprites/GRH_6046.asset","Assets/AOMigrator/MapVisualV063/Textures/tex_6000.png",".png",1,1,0,0,1,"INVALID_CROP_DIMENSIONS","Predominio verde 0.66, sat 0.69"
"WARNING",60931,"GRH 60931 (tex_5087.png)",140,6,290,"Dirt","Dirt",1.000,1,"Assets/AOMigrator/MapVisualV063/Generated/Sprites/GRH_60931.asset","Assets/AOMigrator/MapVisualV063/Textures/tex_5087.png",".png",1,1,0,0,1,"INVALID_CROP_DIMENSIONS","Predominio marrón 1.00, sat 0.53"
"WARNING",6044,"GRH 6044 (tex_6000.png)",39,10,289,"Grass","Grass",1.000,1,"Assets/AOMigrator/MapVisualV063/Generated/Sprites/GRH_6044.asset","Assets/AOMigrator/MapVisualV063/Textures/tex_6000.png",".png",1,1,0,0,1,"INVALID_CROP_DIMENSIONS","Predominio verde 0.86, sat 0.69"
"WARNING",60939,"GRH 60939 (tex_5087.png)",139,6,289,"Dirt","Dirt",1.000,1,"Assets/AOMigrator/MapVisualV063/Generated/Sprites/GRH_60939.asset","Assets/AOMigrator/MapVisualV063/Textures/tex_5087.png",".png",1,1,0,0,1,"INVALID_CROP_DIMENSIONS","Predominio marrón 0.99, sat 0.54"
"WARNING",6032,"GRH 6032 (tex_6000.png)",38,10,288,"Grass","Grass",1.000,1,"Assets/AOMigrator/MapVisualV063/Generated/Sprites/GRH_6032.asset","Assets/AOMigrator/MapVisualV063/Textures/tex_6000.png",".png",1,1,0,0,1,"INVALID_CROP_DIMENSIONS","Predominio verde 0.63, sat 0.69"
"WARNING",6034,"GRH 6034 (tex_6000.png)",38,10,288,"Grass","Grass",1.000,1,"Assets/AOMigrator/MapVisualV063/Generated/Sprites/GRH_6034.asset","Assets/AOMigrator/MapVisualV063/Textures/tex_6000.png",".png",1,1,0,0,1,"INVALID_CROP_DIMENSIONS","Predominio verde 0.69, sat 0.69"
"WARNING",6045,"GRH 6045 (tex_6000.png)",38,10,288,"Grass","Grass",1.000,1,"Assets/AOMigrator/MapVisualV063/Generated/Sprites/GRH_6045.asset","Assets/AOMigrator/MapVisualV063/Textures/tex_6000.png",".png",1,1,0,0,1,"INVALID_CROP_DIMENSIONS","Predominio verde 0.92, sat 0.70"
"WARNING",6061,"GRH 6061 (tex_6000.png)",38,10,288,"Grass","Grass",1.000,1,"Assets/AOMigrator/MapVisualV063/Generated/Sprites/GRH_6061.asset","Assets/AOMigrator/MapVisualV063/Textures/tex_6000.png",".png",1,1,0,0,1,"INVALID_CROP_DIMENSIONS","Predominio verde 0.60, sat 0.69"
"WARNING",6080,"GRH 6080 (tex_6001.png)",63,9,288,"Grass","Grass",1.000,1,"Assets/AOMigrator/MapVisualV063/Generated/Sprites/GRH_6080.asset","Assets/AOMigrator/MapVisualV063/Textures/tex_6001.png",".png",1,1,0,0,1,"INVALID_CROP_DIMENSIONS","Predominio verde 0.91, sat 0.71"
"WARNING",6081,"GRH 6081 (tex_6001.png)",63,9,288,"Grass","Grass",1.000,1,"Assets/AOMigrator/MapVisualV063/Generated/Sprites/GRH_6081.asset","Assets/AOMigrator/MapVisualV063/Textures/tex_6001.png",".png",1,1,0,0,1,"INVALID_CROP_DIMENSIONS","Predominio verde 0.87, sat 0.71"
"WARNING",6082,"GRH 6082 (tex_6001.png)",63,9,288,"Grass","Grass",1.000,1,"Assets/AOMigrator/MapVisualV063/Generated/Sprites/GRH_6082.asset","Assets/AOMigrator/MapVisualV063/Textures/tex_6001.png",".png",1,1,0,0,1,"INVALID_CROP_DIMENSIONS","Predominio verde 0.83, sat 0.71"
"WARNING",60935,"GRH 60935 (tex_5087.png)",138,6,288,"Dirt","Dirt",1.000,1,"Assets/AOMigrator/MapVisualV063/Generated/Sprites/GRH_60935.asset","Assets/AOMigrator/MapVisualV063/Textures/tex_5087.png",".png",1,1,0,0,1,"INVALID_CROP_DIMENSIONS","Predominio marrón 0.98, sat 0.54"
"WARNING",6033,"GRH 6033 (tex_6000.png)",37,10,287,"Grass","Grass",1.000,1,"Assets/AOMigrator/MapVisualV063/Generated/Sprites/GRH_6033.asset","Assets/AOMigrator/MapVisualV063/Textures/tex_6000.png",".png",1,1,0,0,1,"INVALID_CROP_DIMENSIONS","Predominio verde 0.50, sat 0.68"
"WARNING",6038,"GRH 6038 (tex_6000.png)",37,10,287,"Dirt","Dirt",1.000,1,"Assets/AOMigrator/MapVisualV063/Generated/Sprites/GRH_6038.asset","Assets/AOMigrator/MapVisualV063/Textures/tex_6000.png",".png",1,1,0,0,1,"INVALID_CROP_DIMENSIONS","Predominio marrón 0.92, sat 0.67"
"WARNING",6060,"GRH 6060 (tex_6000.png)",37,10,287,"Grass","Grass",1.000,1,"Assets/AOMigrator/MapVisualV063/Generated/Sprites/GRH_6060.asset","Assets/AOMigrator/MapVisualV063/Textures/tex_6000.png",".png",1,1,0,0,1,"INVALID_CROP_DIMENSIONS","Predominio verde 0.53, sat 0.68"
"WARNING",6036,"GRH 6036 (tex_6000.png)",36,10,286,"Grass","Grass",1.000,1,"Assets/AOMigrator/MapVisualV063/Generated/Sprites/GRH_6036.asset","Assets/AOMigrator/MapVisualV063/Textures/tex_6000.png",".png",1,1,0,0,1,"INVALID_CROP_DIMENSIONS","Predominio verde 0.64, sat 0.69"
"WARNING",6462,"GRH 6462 (tex_6215.png)",36,10,286,"Grass","Grass",1.000,1,"Assets/AOMigrator/MapVisualV063/Generated/Sprites/GRH_6462.asset","Assets/AOMigrator/MapVisualV063/Textures/tex_6215.png",".png",1,1,0,0,1,"INVALID_CROP_DIMENSIONS","Predominio verde 0.93, sat 0.72"
"WARNING",6463,"GRH 6463 (tex_6215.png)",36,10,286,"Grass","Grass",1.000,1,"Assets/AOMigrator/MapVisualV063/Generated/Sprites/GRH_6463.asset","Assets/AOMigrator/MapVisualV063/Textures/tex_6215.png",".png",1,1,0,0,1,"INVALID_CROP_DIMENSIONS","Predominio verde 0.92, sat 0.73"
"WARNING",6037,"GRH 6037 (tex_6000.png)",35,10,285,"Dirt","Dirt",1.000,1,"Assets/AOMigrator/MapVisualV063/Generated/Sprites/GRH_6037.asset","Assets/AOMigrator/MapVisualV063/Textures/tex_6000.png",".png",1,1,0,0,1,"INVALID_CROP_DIMENSIONS","Predominio marrón 0.96, sat 0.66"
"WARNING",6412,"GRH 6412 (tex_6215.png)",35,10,285,"Grass","Grass",1.000,1,"Assets/AOMigrator/MapVisualV063/Generated/Sprites/GRH_6412.asset","Assets/AOMigrator/MapVisualV063/Textures/tex_6215.png",".png",1,1,0,0,1,"INVALID_CROP_DIMENSIONS","Predominio verde 0.90, sat 0.72"
"WARNING",7716,"GRH 7716 (sin textura)",160,5,285,"Unclassified","Unclassified",0.150,0,"","","",0,0,0,1,0,"NO_CLASSIC_SPRITE|NO_SOURCE_TEXTURE_PATH|INVALID_CROP_DIMENSIONS","No se pudo analizar el sprite."
"WARNING",7717,"GRH 7717 (sin textura)",160,5,285,"Unclassified","Unclassified",0.150,0,"","","",0,0,0,1,0,"NO_CLASSIC_SPRITE|NO_SOURCE_TEXTURE_PATH|INVALID_CROP_DIMENSIONS","No se pudo analizar el sprite."
"WARNING",49558,"GRH 49558 (tex_5068_padded.asset)",110,7,285,"Transition","Transition",0.887,1,"Assets/AOMigrator/MapVisualV063/Generated/Sprites/GRH_49558.asset","Assets/AOMigrator/MapVisualV063/Generated/PaddedTextures/tex_5068_padded.asset",".asset",1,1,0,0,1,"INVALID_CROP_DIMENSIONS","Transición: Layer2 100%, cobertura 51%, edge 0.08"
"WARNING",6083,"GRH 6083 (tex_6001.png)",59,9,284,"Grass","Grass",1.000,1,"Assets/AOMigrator/MapVisualV063/Generated/Sprites/GRH_6083.asset","Assets/AOMigrator/MapVisualV063/Textures/tex_6001.png",".png",1,1,0,0,1,"INVALID_CROP_DIMENSIONS","Predominio verde 0.92, sat 0.71"
"WARNING",6460,"GRH 6460 (tex_6215.png)",33,10,283,"Grass","Grass",1.000,1,"Assets/AOMigrator/MapVisualV063/Generated/Sprites/GRH_6460.asset","Assets/AOMigrator/MapVisualV063/Textures/tex_6215.png",".png",1,1,0,0,1,"INVALID_CROP_DIMENSIONS","Predominio verde 0.89, sat 0.72"
"WARNING",6461,"GRH 6461 (tex_6215.png)",33,10,283,"Grass","Grass",1.000,1,"Assets/AOMigrator/MapVisualV063/Generated/Sprites/GRH_6461.asset","Assets/AOMigrator/MapVisualV063/Textures/tex_6215.png",".png",1,1,0,0,1,"INVALID_CROP_DIMENSIONS","Predominio verde 0.95, sat 0.73"
"WARNING",61580,"GRH 61580 (tex_5087.png)",32,10,282,"Grass","Grass",1.000,1,"Assets/AOMigrator/MapVisualV063/Generated/Sprites/GRH_61580.asset","Assets/AOMigrator/MapVisualV063/Textures/tex_5087.png",".png",1,1,0,0,1,"INVALID_CROP_DIMENSIONS","Predominio verde 0.93, sat 0.70"
"WARNING",6053,"GRH 6053 (tex_6000.png)",55,9,280,"Dirt","Dirt",1.000,1,"Assets/AOMigrator/MapVisualV063/Generated/Sprites/GRH_6053.asset","Assets/AOMigrator/MapVisualV063/Textures/tex_6000.png",".png",1,1,0,0,1,"INVALID_CROP_DIMENSIONS","Predominio marrón 0.97, sat 0.66"
"WARNING",6052,"GRH 6052 (tex_6000.png)",52,9,277,"Grass","Grass",0.987,1,"Assets/AOMigrator/MapVisualV063/Generated/Sprites/GRH_6052.asset","Assets/AOMigrator/MapVisualV063/Textures/tex_6000.png",".png",1,1,0,0,1,"INVALID_CROP_DIMENSIONS","Predominio verde 0.41, sat 0.69"
"WARNING",6049,"GRH 6049 (tex_6000.png)",49,9,274,"Grass","Grass",1.000,1,"Assets/AOMigrator/MapVisualV063/Generated/Sprites/GRH_6049.asset","Assets/AOMigrator/MapVisualV063/Textures/tex_6000.png",".png",1,1,0,0,1,"INVALID_CROP_DIMENSIONS","Predominio verde 0.50, sat 0.69"
"WARNING",61895,"GRH 61895 (tex_5087.png)",23,10,273,"Grass","Grass",0.994,1,"Assets/AOMigrator/MapVisualV063/Generated/Sprites/GRH_61895.asset","Assets/AOMigrator/MapVisualV063/Textures/tex_5087.png",".png",1,1,0,0,1,"INVALID_CROP_DIMENSIONS","Predominio verde 0.42, sat 0.61"
"WARNING",6048,"GRH 6048 (tex_6000.png)",47,9,272,"Grass","Grass",1.000,1,"Assets/AOMigrator/MapVisualV063/Generated/Sprites/GRH_6048.asset","Assets/AOMigrator/MapVisualV063/Textures/tex_6000.png",".png",1,1,0,0,1,"INVALID_CROP_DIMENSIONS","Predominio verde 0.78, sat 0.70"
"WARNING",17031,"GRH 17031 (tex_5041.png)",21,10,271,"Transition","Transition",0.881,1,"Assets/AOMigrator/MapVisualV063/Generated/Sprites/GRH_17031.asset","Assets/AOMigrator/MapVisualV063/Textures/tex_5041.png",".png",1,1,0,0,1,"INVALID_CROP_DIMENSIONS","Transición: Layer2 100%, cobertura 55%, edge 0.50"
"WARNING",61886,"GRH 61886 (tex_5087.png)",21,10,271,"Grass","Grass",1.000,1,"Assets/AOMigrator/MapVisualV063/Generated/Sprites/GRH_61886.asset","Assets/AOMigrator/MapVisualV063/Textures/tex_5087.png",".png",1,1,0,0,1,"INVALID_CROP_DIMENSIONS","Predominio verde 0.79, sat 0.67"
"WARNING",61887,"GRH 61887 (tex_5087.png)",21,10,271,"Grass","Grass",0.892,1,"Assets/AOMigrator/MapVisualV063/Generated/Sprites/GRH_61887.asset","Assets/AOMigrator/MapVisualV063/Textures/tex_5087.png",".png",1,1,0,0,1,"INVALID_CROP_DIMENSIONS","Predominio verde 0.30, sat 0.59"
"WARNING",61890,"GRH 61890 (tex_5087.png)",21,10,271,"Grass","Grass",1.000,1,"Assets/AOMigrator/MapVisualV063/Generated/Sprites/GRH_61890.asset","Assets/AOMigrator/MapVisualV063/Textures/tex_5087.png",".png",1,1,0,0,1,"INVALID_CROP_DIMENSIONS","Predominio verde 0.79, sat 0.67"
"WARNING",61891,"GRH 61891 (tex_5087.png)",21,10,271,"Grass","Grass",1.000,1,"Assets/AOMigrator/MapVisualV063/Generated/Sprites/GRH_61891.asset","Assets/AOMigrator/MapVisualV063/Textures/tex_5087.png",".png",1,1,0,0,1,"INVALID_CROP_DIMENSIONS","Predominio verde 0.56, sat 0.63"
"WARNING",61894,"GRH 61894 (tex_5087.png)",21,10,271,"Grass","Grass",1.000,1,"Assets/AOMigrator/MapVisualV063/Generated/Sprites/GRH_61894.asset","Assets/AOMigrator/MapVisualV063/Textures/tex_5087.png",".png",1,1,0,0,1,"INVALID_CROP_DIMENSIONS","Predominio verde 0.75, sat 0.65"
"WARNING",61898,"GRH 61898 (tex_5087.png)",21,10,271,"Grass","Grass",1.000,1,"Assets/AOMigrator/MapVisualV063/Generated/Sprites/GRH_61898.asset","Assets/AOMigrator/MapVisualV063/Textures/tex_5087.png",".png",1,1,0,0,1,"INVALID_CROP_DIMENSIONS","Predominio verde 0.82, sat 0.68"
"WARNING",61100,"GRH 61100 (tex_5087.png)",20,10,270,"Dirt","Dirt",1.000,1,"Assets/AOMigrator/MapVisualV063/Generated/Sprites/GRH_61100.asset","Assets/AOMigrator/MapVisualV063/Textures/tex_5087.png",".png",1,1,0,0,1,"INVALID_CROP_DIMENSIONS","Predominio marrón 0.91, sat 0.57"
"WARNING",61101,"GRH 61101 (tex_5087.png)",20,10,270,"Dirt","Dirt",1.000,1,"Assets/AOMigrator/MapVisualV063/Generated/Sprites/GRH_61101.asset","Assets/AOMigrator/MapVisualV063/Textures/tex_5087.png",".png",1,1,0,0,1,"INVALID_CROP_DIMENSIONS","Predominio marrón 0.86, sat 0.58"
"WARNING",61104,"GRH 61104 (tex_5087.png)",20,10,270,"Grass","Grass",1.000,1,"Assets/AOMigrator/MapVisualV063/Generated/Sprites/GRH_61104.asset","Assets/AOMigrator/MapVisualV063/Textures/tex_5087.png",".png",1,1,0,0,1,"INVALID_CROP_DIMENSIONS","Predominio verde 0.68, sat 0.65"
"WARNING",61386,"GRH 61386 (tex_5087.png)",20,10,270,"Grass","Grass",1.000,1,"Assets/AOMigrator/MapVisualV063/Generated/Sprites/GRH_61386.asset","Assets/AOMigrator/MapVisualV063/Textures/tex_5087.png",".png",1,1,0,0,1,"INVALID_CROP_DIMENSIONS","Predominio verde 0.71, sat 0.65"
"WARNING",61387,"GRH 61387 (tex_5087.png)",19,10,269,"Dirt","Dirt",1.000,1,"Assets/AOMigrator/MapVisualV063/Generated/Sprites/GRH_61387.asset","Assets/AOMigrator/MapVisualV063/Textures/tex_5087.png",".png",1,1,0,0,1,"INVALID_CROP_DIMENSIONS","Predominio marrón 0.79, sat 0.57"
"WARNING",6427,"GRH 6427 (tex_6215.png)",18,10,268,"Grass","Grass",1.000,1,"Assets/AOMigrator/MapVisualV063/Generated/Sprites/GRH_6427.asset","Assets/AOMigrator/MapVisualV063/Textures/tex_6215.png",".png",1,1,0,0,1,"INVALID_CROP_DIMENSIONS","Predominio verde 0.93, sat 0.72"
"WARNING",6429,"GRH 6429 (tex_6215.png)",18,10,268,"Dirt","Dirt",1.000,1,"Assets/AOMigrator/MapVisualV063/Generated/Sprites/GRH_6429.asset","Assets/AOMigrator/MapVisualV063/Textures/tex_6215.png",".png",1,1,0,0,1,"INVALID_CROP_DIMENSIONS","Predominio marrón 0.93, sat 0.48"
"WARNING",61105,"GRH 61105 (tex_5087.png)",18,10,268,"Grass","Grass",1.000,1,"Assets/AOMigrator/MapVisualV063/Generated/Sprites/GRH_61105.asset","Assets/AOMigrator/MapVisualV063/Textures/tex_5087.png",".png",1,1,0,0,1,"INVALID_CROP_DIMENSIONS","Predominio verde 0.59, sat 0.63"
"WARNING",61108,"GRH 61108 (tex_5087.png)",18,10,268,"Grass","Grass",1.000,1,"Assets/AOMigrator/MapVisualV063/Generated/Sprites/GRH_61108.asset","Assets/AOMigrator/MapVisualV063/Textures/tex_5087.png",".png",1,1,0,0,1,"INVALID_CROP_DIMENSIONS","Predominio verde 0.81, sat 0.65"
"WARNING",61109,"GRH 61109 (tex_5087.png)",18,10,268,"Grass","Grass",1.000,1,"Assets/AOMigrator/MapVisualV063/Generated/Sprites/GRH_61109.asset","Assets/AOMigrator/MapVisualV063/Textures/tex_5087.png",".png",1,1,0,0,1,"INVALID_CROP_DIMENSIONS","Predominio verde 0.84, sat 0.67"
"WARNING",61112,"GRH 61112 (tex_5087.png)",18,10,268,"Grass","Grass",1.000,1,"Assets/AOMigrator/MapVisualV063/Generated/Sprites/GRH_61112.asset","Assets/AOMigrator/MapVisualV063/Textures/tex_5087.png",".png",1,1,0,0,1,"INVALID_CROP_DIMENSIONS","Predominio verde 0.87, sat 0.68"
"WARNING",61115,"GRH 61115 (tex_5087.png)",18,10,268,"Grass","Grass",1.000,1,"Assets/AOMigrator/MapVisualV063/Generated/Sprites/GRH_61115.asset","Assets/AOMigrator/MapVisualV063/Textures/tex_5087.png",".png",1,1,0,0,1,"INVALID_CROP_DIMENSIONS","Predominio verde 0.92, sat 0.70"
"WARNING",61375,"GRH 61375 (tex_5087.png)",18,10,268,"Dirt","Dirt",1.000,1,"Assets/AOMigrator/MapVisualV063/Generated/Sprites/GRH_61375.asset","Assets/AOMigrator/MapVisualV063/Textures/tex_5087.png",".png",1,1,0,0,1,"INVALID_CROP_DIMENSIONS","Predominio marrón 0.94, sat 0.56"
"WARNING",61379,"GRH 61379 (tex_5087.png)",18,10,268,"Dirt","Dirt",1.000,1,"Assets/AOMigrator/MapVisualV063/Generated/Sprites/GRH_61379.asset","Assets/AOMigrator/MapVisualV063/Textures/tex_5087.png",".png",1,1,0,0,1,"INVALID_CROP_DIMENSIONS","Predominio marrón 0.93, sat 0.53"
"WARNING",61383,"GRH 61383 (tex_5087.png)",18,10,268,"Dirt","Dirt",1.000,1,"Assets/AOMigrator/MapVisualV063/Generated/Sprites/GRH_61383.asset","Assets/AOMigrator/MapVisualV063/Textures/tex_5087.png",".png",1,1,0,0,1,"INVALID_CROP_DIMENSIONS","Predominio marrón 0.92, sat 0.55"
"WARNING",61114,"GRH 61114 (tex_5087.png)",17,10,267,"Grass","Grass",1.000,1,"Assets/AOMigrator/MapVisualV063/Generated/Sprites/GRH_61114.asset","Assets/AOMigrator/MapVisualV063/Textures/tex_5087.png",".png",1,1,0,0,1,"INVALID_CROP_DIMENSIONS","Predominio verde 0.91, sat 0.70"
"WARNING",61374,"GRH 61374 (tex_5087.png)",17,10,267,"Dirt","Dirt",1.000,1,"Assets/AOMigrator/MapVisualV063/Generated/Sprites/GRH_61374.asset","Assets/AOMigrator/MapVisualV063/Textures/tex_5087.png",".png",1,1,0,0,1,"INVALID_CROP_DIMENSIONS","Predominio marrón 0.96, sat 0.57"
"WARNING",61378,"GRH 61378 (tex_5087.png)",17,10,267,"Grass","Grass",0.821,1,"Assets/AOMigrator/MapVisualV063/Generated/Sprites/GRH_61378.asset","Assets/AOMigrator/MapVisualV063/Textures/tex_5087.png",".png",1,1,0,0,1,"INVALID_CROP_DIMENSIONS","Predominio verde 0.22, sat 0.58"
"WARNING",61382,"GRH 61382 (tex_5087.png)",17,10,267,"Grass","Grass",0.863,1,"Assets/AOMigrator/MapVisualV063/Generated/Sprites/GRH_61382.asset","Assets/AOMigrator/MapVisualV063/Textures/tex_5087.png",".png",1,1,0,0,1,"INVALID_CROP_DIMENSIONS","Predominio verde 0.27, sat 0.52"
"WARNING",6431,"GRH 6431 (tex_6215.png)",16,10,266,"Grass","Grass",1.000,1,"Assets/AOMigrator/MapVisualV063/Generated/Sprites/GRH_6431.asset","Assets/AOMigrator/MapVisualV063/Textures/tex_6215.png",".png",1,1,0,0,1,"INVALID_CROP_DIMENSIONS","Predominio verde 0.93, sat 0.73"
"WARNING",6417,"GRH 6417 (tex_6215.png)",15,10,265,"Grass","Grass",1.000,1,"Assets/AOMigrator/MapVisualV063/Generated/Sprites/GRH_6417.asset","Assets/AOMigrator/MapVisualV063/Textures/tex_6215.png",".png",1,1,0,0,1,"INVALID_CROP_DIMENSIONS","Predominio verde 0.73, sat 0.69"
"WARNING",6421,"GRH 6421 (tex_6215.png)",15,10,265,"Grass","Grass",1.000,1,"Assets/AOMigrator/MapVisualV063/Generated/Sprites/GRH_6421.asset","Assets/AOMigrator/MapVisualV063/Textures/tex_6215.png",".png",1,1,0,0,1,"INVALID_CROP_DIMENSIONS","Predominio verde 0.43, sat 0.61"
"WARNING",6422,"GRH 6422 (tex_6215.png)",15,10,265,"Grass","Grass",1.000,1,"Assets/AOMigrator/MapVisualV063/Generated/Sprites/GRH_6422.asset","Assets/AOMigrator/MapVisualV063/Textures/tex_6215.png",".png",1,1,0,0,1,"INVALID_CROP_DIMENSIONS","Predominio verde 0.87, sat 0.71"
"WARNING",6425,"GRH 6425 (tex_6215.png)",15,10,265,"Dirt","Dirt",1.000,1,"Assets/AOMigrator/MapVisualV063/Generated/Sprites/GRH_6425.asset","Assets/AOMigrator/MapVisualV063/Textures/tex_6215.png",".png",1,1,0,0,1,"INVALID_CROP_DIMENSIONS","Predominio marrón 0.99, sat 0.45"
"WARNING",6426,"GRH 6426 (tex_6215.png)",15,10,265,"Grass","Grass",1.000,1,"Assets/AOMigrator/MapVisualV063/Generated/Sprites/GRH_6426.asset","Assets/AOMigrator/MapVisualV063/Textures/tex_6215.png",".png",1,1,0,0,1,"INVALID_CROP_DIMENSIONS","Predominio verde 0.44, sat 0.60"
"WARNING",6430,"GRH 6430 (tex_6215.png)",15,10,265,"Dirt","Dirt",1.000,1,"Assets/AOMigrator/MapVisualV063/Generated/Sprites/GRH_6430.asset","Assets/AOMigrator/MapVisualV063/Textures/tex_6215.png",".png",1,1,0,0,1,"INVALID_CROP_DIMENSIONS","Predominio marrón 0.95, sat 0.47"
"WARNING",6418,"GRH 6418 (tex_6215.png)",14,10,264,"Grass","Grass",1.000,1,"Assets/AOMigrator/MapVisualV063/Generated/Sprites/GRH_6418.asset","Assets/AOMigrator/MapVisualV063/Textures/tex_6215.png",".png",1,1,0,0,1,"INVALID_CROP_DIMENSIONS","Predominio verde 0.70, sat 0.68"
"WARNING",61456,"GRH 61456 (tex_5087.png)",37,9,262,"Grass","Grass",1.000,1,"Assets/AOMigrator/MapVisualV063/Generated/Sprites/GRH_61456.asset","Assets/AOMigrator/MapVisualV063/Textures/tex_5087.png",".png",1,1,0,0,1,"INVALID_CROP_DIMENSIONS","Predominio verde 0.70, sat 0.65"
"WARNING",61457,"GRH 61457 (tex_5087.png)",37,9,262,"Grass","Grass",1.000,1,"Assets/AOMigrator/MapVisualV063/Generated/Sprites/GRH_61457.asset","Assets/AOMigrator/MapVisualV063/Textures/tex_5087.png",".png",1,1,0,0,1,"INVALID_CROP_DIMENSIONS","Predominio verde 0.63, sat 0.64"
"WARNING",61460,"GRH 61460 (tex_5087.png)",37,9,262,"Dirt","Dirt",1.000,1,"Assets/AOMigrator/MapVisualV063/Generated/Sprites/GRH_61460.asset","Assets/AOMigrator/MapVisualV063/Textures/tex_5087.png",".png",1,1,0,0,1,"INVALID_CROP_DIMENSIONS","Predominio marrón 0.89, sat 0.60"
"WARNING",61461,"GRH 61461 (tex_5087.png)",37,9,262,"Grass","Grass",0.906,1,"Assets/AOMigrator/MapVisualV063/Generated/Sprites/GRH_61461.asset","Assets/AOMigrator/MapVisualV063/Textures/tex_5087.png",".png",1,1,0,0,1,"INVALID_CROP_DIMENSIONS","Predominio verde 0.32, sat 0.61"
"WARNING",61464,"GRH 61464 (tex_5087.png)",37,9,262,"Grass","Grass",0.824,1,"Assets/AOMigrator/MapVisualV063/Generated/Sprites/GRH_61464.asset","Assets/AOMigrator/MapVisualV063/Textures/tex_5087.png",".png",1,1,0,0,1,"INVALID_CROP_DIMENSIONS","Predominio verde 0.23, sat 0.59"
"WARNING",61465,"GRH 61465 (tex_5087.png)",37,9,262,"Grass","Grass",1.000,1,"Assets/AOMigrator/MapVisualV063/Generated/Sprites/GRH_61465.asset","Assets/AOMigrator/MapVisualV063/Textures/tex_5087.png",".png",1,1,0,0,1,"INVALID_CROP_DIMENSIONS","Predominio verde 0.54, sat 0.63"
"WARNING",61452,"GRH 61452 (tex_5087.png)",36,9,261,"Grass","Grass",1.000,1,"Assets/AOMigrator/MapVisualV063/Generated/Sprites/GRH_61452.asset","Assets/AOMigrator/MapVisualV063/Textures/tex_5087.png",".png",1,1,0,0,1,"INVALID_CROP_DIMENSIONS","Predominio verde 0.93, sat 0.70"
"WARNING",61129,"GRH 61129 (sin textura)",35,9,260,"Unclassified","Unclassified",0.150,0,"","","",0,0,0,1,0,"NO_CLASSIC_SPRITE|NO_SOURCE_TEXTURE_PATH|INVALID_CROP_DIMENSIONS","No se pudo analizar el sprite."
"WARNING",61453,"GRH 61453 (tex_5087.png)",35,9,260,"Grass","Grass",1.000,1,"Assets/AOMigrator/MapVisualV063/Generated/Sprites/GRH_61453.asset","Assets/AOMigrator/MapVisualV063/Textures/tex_5087.png",".png",1,1,0,0,1,"INVALID_CROP_DIMENSIONS","Predominio verde 0.92, sat 0.69"
"WARNING",61117,"GRH 61117 (sin textura)",34,9,259,"Unclassified","Unclassified",0.150,0,"","","",0,0,0,1,0,"NO_CLASSIC_SPRITE|NO_SOURCE_TEXTURE_PATH|INVALID_CROP_DIMENSIONS","No se pudo analizar el sprite."
"WARNING",61121,"GRH 61121 (sin textura)",34,9,259,"Unclassified","Unclassified",0.150,0,"","","",0,0,0,1,0,"NO_CLASSIC_SPRITE|NO_SOURCE_TEXTURE_PATH|INVALID_CROP_DIMENSIONS","No se pudo analizar el sprite."
"WARNING",61125,"GRH 61125 (sin textura)",34,9,259,"Unclassified","Unclassified",0.150,0,"","","",0,0,0,1,0,"NO_CLASSIC_SPRITE|NO_SOURCE_TEXTURE_PATH|INVALID_CROP_DIMENSIONS","No se pudo analizar el sprite."
"WARNING",61124,"GRH 61124 (sin textura)",33,9,258,"Unclassified","Unclassified",0.150,0,"","","",0,0,0,1,0,"NO_CLASSIC_SPRITE|NO_SOURCE_TEXTURE_PATH|INVALID_CROP_DIMENSIONS","No se pudo analizar el sprite."
"WARNING",61128,"GRH 61128 (sin textura)",33,9,258,"Unclassified","Unclassified",0.150,0,"","","",0,0,0,1,0,"NO_CLASSIC_SPRITE|NO_SOURCE_TEXTURE_PATH|INVALID_CROP_DIMENSIONS","No se pudo analizar el sprite."
"WARNING",61116,"GRH 61116 (sin textura)",32,9,257,"Unclassified","Unclassified",0.150,0,"","","",0,0,0,1,0,"NO_CLASSIC_SPRITE|NO_SOURCE_TEXTURE_PATH|INVALID_CROP_DIMENSIONS","No se pudo analizar el sprite."
"WARNING",61120,"GRH 61120 (sin textura)",32,9,257,"Unclassified","Unclassified",0.150,0,"","","",0,0,0,1,0,"NO_CLASSIC_SPRITE|NO_SOURCE_TEXTURE_PATH|INVALID_CROP_DIMENSIONS","No se pudo analizar el sprite."
"WARNING",61758,"GRH 61758 (tex_5087.png)",31,9,256,"Grass","Grass",1.000,1,"Assets/AOMigrator/MapVisualV063/Generated/Sprites/GRH_61758.asset","Assets/AOMigrator/MapVisualV063/Textures/tex_5087.png",".png",1,1,0,0,1,"INVALID_CROP_DIMENSIONS","Predominio verde 0.85, sat 0.69"
"WARNING",61762,"GRH 61762 (tex_5087.png)",31,9,256,"Grass","Grass",1.000,1,"Assets/AOMigrator/MapVisualV063/Generated/Sprites/GRH_61762.asset","Assets/AOMigrator/MapVisualV063/Textures/tex_5087.png",".png",1,1,0,0,1,"INVALID_CROP_DIMENSIONS","Predominio verde 0.81, sat 0.68"
"WARNING",61766,"GRH 61766 (tex_5087.png)",31,9,256,"Grass","Grass",0.928,1,"Assets/AOMigrator/MapVisualV063/Generated/Sprites/GRH_61766.asset","Assets/AOMigrator/MapVisualV063/Textures/tex_5087.png",".png",1,1,0,0,1,"INVALID_CROP_DIMENSIONS","Predominio verde 0.34, sat 0.58"
"WARNING",61770,"GRH 61770 (tex_5087.png)",31,9,256,"Grass","Grass",1.000,1,"Assets/AOMigrator/MapVisualV063/Generated/Sprites/GRH_61770.asset","Assets/AOMigrator/MapVisualV063/Textures/tex_5087.png",".png",1,1,0,0,1,"INVALID_CROP_DIMENSIONS","Predominio verde 0.87, sat 0.69"
"WARNING",6084,"GRH 6084 (tex_6001.png)",55,8,255,"Grass","Grass",1.000,1,"Assets/AOMigrator/MapVisualV063/Generated/Sprites/GRH_6084.asset","Assets/AOMigrator/MapVisualV063/Textures/tex_6001.png",".png",1,1,0,0,1,"INVALID_CROP_DIMENSIONS","Predominio verde 0.88, sat 0.71"
"WARNING",6085,"GRH 6085 (tex_6001.png)",55,8,255,"Grass","Grass",1.000,1,"Assets/AOMigrator/MapVisualV063/Generated/Sprites/GRH_6085.asset","Assets/AOMigrator/MapVisualV063/Textures/tex_6001.png",".png",1,1,0,0,1,"INVALID_CROP_DIMENSIONS","Predominio verde 0.78, sat 0.71"
"WARNING",6086,"GRH 6086 (tex_6001.png)",55,8,255,"Grass","Grass",1.000,1,"Assets/AOMigrator/MapVisualV063/Generated/Sprites/GRH_6086.asset","Assets/AOMigrator/MapVisualV063/Textures/tex_6001.png",".png",1,1,0,0,1,"INVALID_CROP_DIMENSIONS","Predominio verde 0.86, sat 0.71"
"WARNING",6087,"GRH 6087 (tex_6001.png)",55,8,255,"Grass","Grass",1.000,1,"Assets/AOMigrator/MapVisualV063/Generated/Sprites/GRH_6087.asset","Assets/AOMigrator/MapVisualV063/Textures/tex_6001.png",".png",1,1,0,0,1,"INVALID_CROP_DIMENSIONS","Predominio verde 0.88, sat 0.71"
"WARNING",6088,"GRH 6088 (tex_6001.png)",55,8,255,"Grass","Grass",1.000,1,"Assets/AOMigrator/MapVisualV063/Generated/Sprites/GRH_6088.asset","Assets/AOMigrator/MapVisualV063/Textures/tex_6001.png",".png",1,1,0,0,1,"INVALID_CROP_DIMENSIONS","Predominio verde 0.66, sat 0.67"
"WARNING",6089,"GRH 6089 (tex_6001.png)",55,8,255,"Grass","Grass",1.000,1,"Assets/AOMigrator/MapVisualV063/Generated/Sprites/GRH_6089.asset","Assets/AOMigrator/MapVisualV063/Textures/tex_6001.png",".png",1,1,0,0,1,"INVALID_CROP_DIMENSIONS","Predominio verde 0.74, sat 0.69"
"WARNING",6090,"GRH 6090 (tex_6001.png)",55,8,255,"Grass","Grass",1.000,1,"Assets/AOMigrator/MapVisualV063/Generated/Sprites/GRH_6090.asset","Assets/AOMigrator/MapVisualV063/Textures/tex_6001.png",".png",1,1,0,0,1,"INVALID_CROP_DIMENSIONS","Predominio verde 0.67, sat 0.68"
"WARNING",6091,"GRH 6091 (tex_6001.png)",55,8,255,"Grass","Grass",1.000,1,"Assets/AOMigrator/MapVisualV063/Generated/Sprites/GRH_6091.asset","Assets/AOMigrator/MapVisualV063/Textures/tex_6001.png",".png",1,1,0,0,1,"INVALID_CROP_DIMENSIONS","Predominio verde 0.63, sat 0.68"
"WARNING",6092,"GRH 6092 (tex_6001.png)",55,8,255,"Grass","Grass",1.000,1,"Assets/AOMigrator/MapVisualV063/Generated/Sprites/GRH_6092.asset","Assets/AOMigrator/MapVisualV063/Textures/tex_6001.png",".png",1,1,0,0,1,"INVALID_CROP_DIMENSIONS","Predominio verde 0.81, sat 0.71"
"WARNING",6093,"GRH 6093 (tex_6001.png)",55,8,255,"Grass","Grass",1.000,1,"Assets/AOMigrator/MapVisualV063/Generated/Sprites/GRH_6093.asset","Assets/AOMigrator/MapVisualV063/Textures/tex_6001.png",".png",1,1,0,0,1,"INVALID_CROP_DIMENSIONS","Predominio verde 0.87, sat 0.71"
"WARNING",6094,"GRH 6094 (tex_6001.png)",55,8,255,"Grass","Grass",1.000,1,"Assets/AOMigrator/MapVisualV063/Generated/Sprites/GRH_6094.asset","Assets/AOMigrator/MapVisualV063/Textures/tex_6001.png",".png",1,1,0,0,1,"INVALID_CROP_DIMENSIONS","Predominio verde 0.83, sat 0.70"
"WARNING",6095,"GRH 6095 (tex_6001.png)",55,8,255,"Grass","Grass",1.000,1,"Assets/AOMigrator/MapVisualV063/Generated/Sprites/GRH_6095.asset","Assets/AOMigrator/MapVisualV063/Textures/tex_6001.png",".png",1,1,0,0,1,"INVALID_CROP_DIMENSIONS","Predominio verde 0.85, sat 0.71"
"WARNING",61756,"GRH 61756 (tex_5087.png)",29,9,254,"Grass","Grass",0.827,1,"Assets/AOMigrator/MapVisualV063/Generated/Sprites/GRH_61756.asset","Assets/AOMigrator/MapVisualV063/Textures/tex_5087.png",".png",1,1,0,0,1,"INVALID_CROP_DIMENSIONS","Predominio verde 0.23, sat 0.59"
"WARNING",61757,"GRH 61757 (tex_5087.png)",29,9,254,"Grass","Grass",1.000,1,"Assets/AOMigrator/MapVisualV063/Generated/Sprites/GRH_61757.asset","Assets/AOMigrator/MapVisualV063/Textures/tex_5087.png",".png",1,1,0,0,1,"INVALID_CROP_DIMENSIONS","Predominio verde 0.75, sat 0.66"
"WARNING",61760,"GRH 61760 (tex_5087.png)",29,9,254,"Grass","Grass",1.000,1,"Assets/AOMigrator/MapVisualV063/Generated/Sprites/GRH_61760.asset","Assets/AOMigrator/MapVisualV063/Textures/tex_5087.png",".png",1,1,0,0,1,"INVALID_CROP_DIMENSIONS","Predominio verde 0.45, sat 0.62"
"WARNING",61761,"GRH 61761 (tex_5087.png)",29,9,254,"Grass","Grass",1.000,1,"Assets/AOMigrator/MapVisualV063/Generated/Sprites/GRH_61761.asset","Assets/AOMigrator/MapVisualV063/Textures/tex_5087.png",".png",1,1,0,0,1,"INVALID_CROP_DIMENSIONS","Predominio verde 0.60, sat 0.64"
"WARNING",61764,"GRH 61764 (tex_5087.png)",29,9,254,"Grass","Grass",0.959,1,"Assets/AOMigrator/MapVisualV063/Generated/Sprites/GRH_61764.asset","Assets/AOMigrator/MapVisualV063/Textures/tex_5087.png",".png",1,1,0,0,1,"INVALID_CROP_DIMENSIONS","Predominio verde 0.38, sat 0.61"
"WARNING",61765,"GRH 61765 (tex_5087.png)",29,9,254,"Grass","Grass",1.000,1,"Assets/AOMigrator/MapVisualV063/Generated/Sprites/GRH_61765.asset","Assets/AOMigrator/MapVisualV063/Textures/tex_5087.png",".png",1,1,0,0,1,"INVALID_CROP_DIMENSIONS","Predominio verde 0.60, sat 0.63"
"WARNING",61768,"GRH 61768 (tex_5087.png)",29,9,254,"Grass","Grass",0.885,1,"Assets/AOMigrator/MapVisualV063/Generated/Sprites/GRH_61768.asset","Assets/AOMigrator/MapVisualV063/Textures/tex_5087.png",".png",1,1,0,0,1,"INVALID_CROP_DIMENSIONS","Predominio verde 0.29, sat 0.59"
"WARNING",61769,"GRH 61769 (tex_5087.png)",29,9,254,"Grass","Grass",1.000,1,"Assets/AOMigrator/MapVisualV063/Generated/Sprites/GRH_61769.asset","Assets/AOMigrator/MapVisualV063/Textures/tex_5087.png",".png",1,1,0,0,1,"INVALID_CROP_DIMENSIONS","Predominio verde 0.80, sat 0.67"
"WARNING",49557,"GRH 49557 (tex_5068_padded.asset)",103,6,253,"Transition","Transition",0.860,1,"Assets/AOMigrator/MapVisualV063/Generated/Sprites/GRH_49557.asset","Assets/AOMigrator/MapVisualV063/Generated/PaddedTextures/tex_5068_padded.asset",".asset",1,1,0,0,1,"INVALID_CROP_DIMENSIONS","Transición: Layer2 100%, cobertura 67%, edge 0.10"
"WARNING",49582,"GRH 49582 (tex_5068_padded.asset)",103,6,253,"Transition","Transition",0.964,1,"Assets/AOMigrator/MapVisualV063/Generated/Sprites/GRH_49582.asset","Assets/AOMigrator/MapVisualV063/Generated/PaddedTextures/tex_5068_padded.asset",".asset",1,1,0,0,1,"INVALID_CROP_DIMENSIONS","Transición: Layer2 100%, cobertura 9%, edge 0.09"
"WARNING",6437,"GRH 6437 (tex_6215.png)",24,9,249,"Grass","Grass",1.000,1,"Assets/AOMigrator/MapVisualV063/Generated/Sprites/GRH_6437.asset","Assets/AOMigrator/MapVisualV063/Textures/tex_6215.png",".png",1,1,0,0,1,"INVALID_CROP_DIMENSIONS","Predominio verde 0.42, sat 0.59"
"WARNING",6438,"GRH 6438 (tex_6215.png)",24,9,249,"Dirt","Dirt",1.000,1,"Assets/AOMigrator/MapVisualV063/Generated/Sprites/GRH_6438.asset","Assets/AOMigrator/MapVisualV063/Textures/tex_6215.png",".png",1,1,0,0,1,"INVALID_CROP_DIMENSIONS","Predominio marrón 0.98, sat 0.46"
"WARNING",6439,"GRH 6439 (tex_6215.png)",24,9,249,"Dirt","Dirt",1.000,1,"Assets/AOMigrator/MapVisualV063/Generated/Sprites/GRH_6439.asset","Assets/AOMigrator/MapVisualV063/Textures/tex_6215.png",".png",1,1,0,0,1,"INVALID_CROP_DIMENSIONS","Predominio marrón 0.90, sat 0.49"
"WARNING",6441,"GRH 6441 (tex_6215.png)",24,9,249,"Grass","Grass",1.000,1,"Assets/AOMigrator/MapVisualV063/Generated/Sprites/GRH_6441.asset","Assets/AOMigrator/MapVisualV063/Textures/tex_6215.png",".png",1,1,0,0,1,"INVALID_CROP_DIMENSIONS","Predominio verde 0.82, sat 0.69"
"WARNING",6442,"GRH 6442 (tex_6215.png)",24,9,249,"Grass","Grass",1.000,1,"Assets/AOMigrator/MapVisualV063/Generated/Sprites/GRH_6442.asset","Assets/AOMigrator/MapVisualV063/Textures/tex_6215.png",".png",1,1,0,0,1,"INVALID_CROP_DIMENSIONS","Predominio verde 0.52, sat 0.63"
"WARNING",6443,"GRH 6443 (tex_6215.png)",24,9,249,"Dirt","Dirt",1.000,1,"Assets/AOMigrator/MapVisualV063/Generated/Sprites/GRH_6443.asset","Assets/AOMigrator/MapVisualV063/Textures/tex_6215.png",".png",1,1,0,0,1,"INVALID_CROP_DIMENSIONS","Predominio marrón 0.85, sat 0.53"
"WARNING",6435,"GRH 6435 (tex_6215.png)",23,9,248,"Grass","Grass",1.000,1,"Assets/AOMigrator/MapVisualV063/Generated/Sprites/GRH_6435.asset","Assets/AOMigrator/MapVisualV063/Textures/tex_6215.png",".png",1,1,0,0,1,"INVALID_CROP_DIMENSIONS","Predominio verde 0.73, sat 0.67"
"WARNING",61754,"GRH 61754 (tex_5087.png)",23,9,248,"Grass","Grass",1.000,1,"Assets/AOMigrator/MapVisualV063/Generated/Sprites/GRH_61754.asset","Assets/AOMigrator/MapVisualV063/Textures/tex_5087.png",".png",1,1,0,0,1,"INVALID_CROP_DIMENSIONS","Predominio verde 0.78, sat 0.67"
"WARNING",61742,"GRH 61742 (tex_5087.png)",22,9,247,"Dirt","Dirt",1.000,1,"Assets/AOMigrator/MapVisualV063/Generated/Sprites/GRH_61742.asset","Assets/AOMigrator/MapVisualV063/Textures/tex_5087.png",".png",1,1,0,0,1,"INVALID_CROP_DIMENSIONS","Predominio marrón 0.96, sat 0.57"
"WARNING",61746,"GRH 61746 (tex_5087.png)",22,9,247,"Dirt","Dirt",1.000,1,"Assets/AOMigrator/MapVisualV063/Generated/Sprites/GRH_61746.asset","Assets/AOMigrator/MapVisualV063/Textures/tex_5087.png",".png",1,1,0,0,1,"INVALID_CROP_DIMENSIONS","Predominio marrón 0.82, sat 0.57"
"WARNING",61750,"GRH 61750 (tex_5087.png)",22,9,247,"Grass","Grass",1.000,1,"Assets/AOMigrator/MapVisualV063/Generated/Sprites/GRH_61750.asset","Assets/AOMigrator/MapVisualV063/Textures/tex_5087.png",".png",1,1,0,0,1,"INVALID_CROP_DIMENSIONS","Predominio verde 0.68, sat 0.65"
"WARNING",6433,"GRH 6433 (tex_6215.png)",21,9,246,"Dirt","Dirt",1.000,1,"Assets/AOMigrator/MapVisualV063/Generated/Sprites/GRH_6433.asset","Assets/AOMigrator/MapVisualV063/Textures/tex_6215.png",".png",1,1,0,0,1,"INVALID_CROP_DIMENSIONS","Predominio marrón 0.92, sat 0.50"
"WARNING",6434,"GRH 6434 (tex_6215.png)",21,9,246,"Dirt","Dirt",1.000,1,"Assets/AOMigrator/MapVisualV063/Generated/Sprites/GRH_6434.asset","Assets/AOMigrator/MapVisualV063/Textures/tex_6215.png",".png",1,1,0,0,1,"INVALID_CROP_DIMENSIONS","Predominio marrón 0.91, sat 0.48"
"WARNING",61107,"GRH 61107 (tex_5087.png)",21,9,246,"Grass","Grass",1.000,1,"Assets/AOMigrator/MapVisualV063/Generated/Sprites/GRH_61107.asset","Assets/AOMigrator/MapVisualV063/Textures/tex_5087.png",".png",1,1,0,0,1,"INVALID_CROP_DIMENSIONS","Predominio verde 0.74, sat 0.66"
"WARNING",61608,"GRH 61608 (sin textura)",21,9,246,"Unclassified","Unclassified",0.150,0,"","","",0,0,0,1,0,"NO_CLASSIC_SPRITE|NO_SOURCE_TEXTURE_PATH|INVALID_CROP_DIMENSIONS","No se pudo analizar el sprite."
"WARNING",61609,"GRH 61609 (sin textura)",21,9,246,"Unclassified","Unclassified",0.150,0,"","","",0,0,0,1,0,"NO_CLASSIC_SPRITE|NO_SOURCE_TEXTURE_PATH|INVALID_CROP_DIMENSIONS","No se pudo analizar el sprite."
"WARNING",61752,"GRH 61752 (tex_5087.png)",21,9,246,"Dirt","Dirt",1.000,1,"Assets/AOMigrator/MapVisualV063/Generated/Sprites/GRH_61752.asset","Assets/AOMigrator/MapVisualV063/Textures/tex_5087.png",".png",1,1,0,0,1,"INVALID_CROP_DIMENSIONS","Predominio marrón 0.85, sat 0.56"
"WARNING",61753,"GRH 61753 (tex_5087.png)",21,9,246,"Grass","Grass",1.000,1,"Assets/AOMigrator/MapVisualV063/Generated/Sprites/GRH_61753.asset","Assets/AOMigrator/MapVisualV063/Textures/tex_5087.png",".png",1,1,0,0,1,"INVALID_CROP_DIMENSIONS","Predominio verde 0.52, sat 0.62"
"WARNING",7718,"GRH 7718 (sin textura)",120,5,245,"Unclassified","Unclassified",0.150,0,"","","",0,0,0,1,0,"NO_CLASSIC_SPRITE|NO_SOURCE_TEXTURE_PATH|INVALID_CROP_DIMENSIONS","No se pudo analizar el sprite."
"WARNING",7719,"GRH 7719 (sin textura)",120,5,245,"Unclassified","Unclassified",0.150,0,"","","",0,0,0,1,0,"NO_CLASSIC_SPRITE|NO_SOURCE_TEXTURE_PATH|INVALID_CROP_DIMENSIONS","No se pudo analizar el sprite."
"WARNING",61000,"GRH 61000 (tex_5087.png)",45,8,245,"Grass","Grass",1.000,1,"Assets/AOMigrator/MapVisualV063/Generated/Sprites/GRH_61000.asset","Assets/AOMigrator/MapVisualV063/Textures/tex_5087.png",".png",1,1,0,0,1,"INVALID_CROP_DIMENSIONS","Predominio verde 0.88, sat 0.69"
"WARNING",61002,"GRH 61002 (tex_5087.png)",45,8,245,"Grass","Grass",1.000,1,"Assets/AOMigrator/MapVisualV063/Generated/Sprites/GRH_61002.asset","Assets/AOMigrator/MapVisualV063/Textures/tex_5087.png",".png",1,1,0,0,1,"INVALID_CROP_DIMENSIONS","Predominio verde 0.91, sat 0.70"
"WARNING",61596,"GRH 61596 (sin textura)",20,9,245,"Unclassified","Unclassified",0.150,0,"","","",0,0,0,1,0,"NO_CLASSIC_SPRITE|NO_SOURCE_TEXTURE_PATH|INVALID_CROP_DIMENSIONS","No se pudo analizar el sprite."
"WARNING",61597,"GRH 61597 (sin textura)",20,9,245,"Unclassified","Unclassified",0.150,0,"","","",0,0,0,1,0,"NO_CLASSIC_SPRITE|NO_SOURCE_TEXTURE_PATH|INVALID_CROP_DIMENSIONS","No se pudo analizar el sprite."
"WARNING",61600,"GRH 61600 (sin textura)",20,9,245,"Unclassified","Unclassified",0.150,0,"","","",0,0,0,1,0,"NO_CLASSIC_SPRITE|NO_SOURCE_TEXTURE_PATH|INVALID_CROP_DIMENSIONS","No se pudo analizar el sprite."
"WARNING",61601,"GRH 61601 (sin textura)",20,9,245,"Unclassified","Unclassified",0.150,0,"","","",0,0,0,1,0,"NO_CLASSIC_SPRITE|NO_SOURCE_TEXTURE_PATH|INVALID_CROP_DIMENSIONS","No se pudo analizar el sprite."
"WARNING",61604,"GRH 61604 (sin textura)",20,9,245,"Unclassified","Unclassified",0.150,0,"","","",0,0,0,1,0,"NO_CLASSIC_SPRITE|NO_SOURCE_TEXTURE_PATH|INVALID_CROP_DIMENSIONS","No se pudo analizar el sprite."
"WARNING",61605,"GRH 61605 (sin textura)",20,9,245,"Unclassified","Unclassified",0.150,0,"","","",0,0,0,1,0,"NO_CLASSIC_SPRITE|NO_SOURCE_TEXTURE_PATH|INVALID_CROP_DIMENSIONS","No se pudo analizar el sprite."
"WARNING",61744,"GRH 61744 (tex_5087.png)",20,9,245,"Dirt","Dirt",1.000,1,"Assets/AOMigrator/MapVisualV063/Generated/Sprites/GRH_61744.asset","Assets/AOMigrator/MapVisualV063/Textures/tex_5087.png",".png",1,1,0,0,1,"INVALID_CROP_DIMENSIONS","Predominio marrón 0.87, sat 0.57"
"WARNING",61745,"GRH 61745 (tex_5087.png)",20,9,245,"Dirt","Dirt",1.000,1,"Assets/AOMigrator/MapVisualV063/Generated/Sprites/GRH_61745.asset","Assets/AOMigrator/MapVisualV063/Textures/tex_5087.png",".png",1,1,0,0,1,"INVALID_CROP_DIMENSIONS","Predominio marrón 0.96, sat 0.54"
"WARNING",61748,"GRH 61748 (tex_5087.png)",20,9,245,"Grass","Grass",0.920,1,"Assets/AOMigrator/MapVisualV063/Generated/Sprites/GRH_61748.asset","Assets/AOMigrator/MapVisualV063/Textures/tex_5087.png",".png",1,1,0,0,1,"INVALID_CROP_DIMENSIONS","Predominio verde 0.33, sat 0.61"
"WARNING",61749,"GRH 61749 (tex_5087.png)",20,9,245,"Grass","Grass",0.866,1,"Assets/AOMigrator/MapVisualV063/Generated/Sprites/GRH_61749.asset","Assets/AOMigrator/MapVisualV063/Textures/tex_5087.png",".png",1,1,0,0,1,"INVALID_CROP_DIMENSIONS","Predominio verde 0.27, sat 0.58"
"WARNING",61001,"GRH 61001 (tex_5087.png)",44,8,244,"Grass","Grass",1.000,1,"Assets/AOMigrator/MapVisualV063/Generated/Sprites/GRH_61001.asset","Assets/AOMigrator/MapVisualV063/Textures/tex_5087.png",".png",1,1,0,0,1,"INVALID_CROP_DIMENSIONS","Predominio verde 0.89, sat 0.68"
"WARNING",61103,"GRH 61103 (tex_5087.png)",19,9,244,"Dirt","Dirt",1.000,1,"Assets/AOMigrator/MapVisualV063/Generated/Sprites/GRH_61103.asset","Assets/AOMigrator/MapVisualV063/Textures/tex_5087.png",".png",1,1,0,0,1,"INVALID_CROP_DIMENSIONS","Predominio marrón 0.96, sat 0.56"
"WARNING",60989,"GRH 60989 (tex_5087.png)",43,8,243,"Grass","Grass",1.000,1,"Assets/AOMigrator/MapVisualV063/Generated/Sprites/GRH_60989.asset","Assets/AOMigrator/MapVisualV063/Textures/tex_5087.png",".png",1,1,0,0,1,"INVALID_CROP_DIMENSIONS","Predominio verde 0.72, sat 0.63"
"WARNING",61102,"GRH 61102 (tex_5087.png)",18,9,243,"Dirt","Dirt",1.000,1,"Assets/AOMigrator/MapVisualV063/Generated/Sprites/GRH_61102.asset","Assets/AOMigrator/MapVisualV063/Textures/tex_5087.png",".png",1,1,0,0,1,"INVALID_CROP_DIMENSIONS","Predominio marrón 0.88, sat 0.58"
"WARNING",61111,"GRH 61111 (tex_5087.png)",17,9,242,"Grass","Grass",1.000,1,"Assets/AOMigrator/MapVisualV063/Generated/Sprites/GRH_61111.asset","Assets/AOMigrator/MapVisualV063/Textures/tex_5087.png",".png",1,1,0,0,1,"INVALID_CROP_DIMENSIONS","Predominio verde 0.80, sat 0.68"
"WARNING",61385,"GRH 61385 (sin textura)",17,9,242,"Unclassified","Unclassified",0.150,0,"","","",0,0,0,1,0,"NO_CLASSIC_SPRITE|NO_SOURCE_TEXTURE_PATH|INVALID_CROP_DIMENSIONS","No se pudo analizar el sprite."
"WARNING",6065,"GRH 6065 (tex_6001.png)",41,8,241,"Grass","Grass",1.000,1,"Assets/AOMigrator/MapVisualV063/Generated/Sprites/GRH_6065.asset","Assets/AOMigrator/MapVisualV063/Textures/tex_6001.png",".png",1,1,0,0,1,"INVALID_CROP_DIMENSIONS","Predominio verde 0.87, sat 0.71"
"WARNING",60988,"GRH 60988 (tex_5087.png)",41,8,241,"Grass","Grass",1.000,1,"Assets/AOMigrator/MapVisualV063/Generated/Sprites/GRH_60988.asset","Assets/AOMigrator/MapVisualV063/Textures/tex_5087.png",".png",1,1,0,0,1,"INVALID_CROP_DIMENSIONS","Predominio verde 0.53, sat 0.62"
"WARNING",60990,"GRH 60990 (tex_5087.png)",41,8,241,"Grass","Grass",1.000,1,"Assets/AOMigrator/MapVisualV063/Generated/Sprites/GRH_60990.asset","Assets/AOMigrator/MapVisualV063/Textures/tex_5087.png",".png",1,1,0,0,1,"INVALID_CROP_DIMENSIONS","Predominio verde 0.84, sat 0.69"
"WARNING",60992,"GRH 60992 (tex_5087.png)",41,8,241,"Grass","Grass",1.000,1,"Assets/AOMigrator/MapVisualV063/Generated/Sprites/GRH_60992.asset","Assets/AOMigrator/MapVisualV063/Textures/tex_5087.png",".png",1,1,0,0,1,"INVALID_CROP_DIMENSIONS","Predominio verde 0.79, sat 0.65"
"WARNING",60993,"GRH 60993 (tex_5087.png)",41,8,241,"Grass","Grass",1.000,1,"Assets/AOMigrator/MapVisualV063/Generated/Sprites/GRH_60993.asset","Assets/AOMigrator/MapVisualV063/Textures/tex_5087.png",".png",1,1,0,0,1,"INVALID_CROP_DIMENSIONS","Predominio verde 0.74, sat 0.64"
"WARNING",60994,"GRH 60994 (tex_5087.png)",41,8,241,"Grass","Grass",1.000,1,"Assets/AOMigrator/MapVisualV063/Generated/Sprites/GRH_60994.asset","Assets/AOMigrator/MapVisualV063/Textures/tex_5087.png",".png",1,1,0,0,1,"INVALID_CROP_DIMENSIONS","Predominio verde 0.88, sat 0.67"
"WARNING",60996,"GRH 60996 (tex_5087.png)",41,8,241,"Grass","Grass",1.000,1,"Assets/AOMigrator/MapVisualV063/Generated/Sprites/GRH_60996.asset","Assets/AOMigrator/MapVisualV063/Textures/tex_5087.png",".png",1,1,0,0,1,"INVALID_CROP_DIMENSIONS","Predominio verde 0.87, sat 0.68"
"WARNING",60997,"GRH 60997 (tex_5087.png)",41,8,241,"Grass","Grass",1.000,1,"Assets/AOMigrator/MapVisualV063/Generated/Sprites/GRH_60997.asset","Assets/AOMigrator/MapVisualV063/Textures/tex_5087.png",".png",1,1,0,0,1,"INVALID_CROP_DIMENSIONS","Predominio verde 0.87, sat 0.69"
"WARNING",60998,"GRH 60998 (tex_5087.png)",41,8,241,"Grass","Grass",1.000,1,"Assets/AOMigrator/MapVisualV063/Generated/Sprites/GRH_60998.asset","Assets/AOMigrator/MapVisualV063/Textures/tex_5087.png",".png",1,1,0,0,1,"INVALID_CROP_DIMENSIONS","Predominio verde 0.84, sat 0.68"
"WARNING",61106,"GRH 61106 (tex_5087.png)",16,9,241,"Grass","Grass",1.000,1,"Assets/AOMigrator/MapVisualV063/Generated/Sprites/GRH_61106.asset","Assets/AOMigrator/MapVisualV063/Textures/tex_5087.png",".png",1,1,0,0,1,"INVALID_CROP_DIMENSIONS","Predominio verde 0.69, sat 0.62"
"WARNING",61110,"GRH 61110 (tex_5087.png)",16,9,241,"Grass","Grass",1.000,1,"Assets/AOMigrator/MapVisualV063/Generated/Sprites/GRH_61110.asset","Assets/AOMigrator/MapVisualV063/Textures/tex_5087.png",".png",1,1,0,0,1,"INVALID_CROP_DIMENSIONS","Predominio verde 0.77, sat 0.64"
"WARNING",61372,"GRH 61372 (sin textura)",16,9,241,"Unclassified","Unclassified",0.150,0,"","","",0,0,0,1,0,"NO_CLASSIC_SPRITE|NO_SOURCE_TEXTURE_PATH|INVALID_CROP_DIMENSIONS","No se pudo analizar el sprite."
"WARNING",61373,"GRH 61373 (sin textura)",16,9,241,"Unclassified","Unclassified",0.150,0,"","","",0,0,0,1,0,"NO_CLASSIC_SPRITE|NO_SOURCE_TEXTURE_PATH|INVALID_CROP_DIMENSIONS","No se pudo analizar el sprite."
"WARNING",61376,"GRH 61376 (sin textura)",16,9,241,"Unclassified","Unclassified",0.150,0,"","","",0,0,0,1,0,"NO_CLASSIC_SPRITE|NO_SOURCE_TEXTURE_PATH|INVALID_CROP_DIMENSIONS","No se pudo analizar el sprite."
"WARNING",61377,"GRH 61377 (sin textura)",16,9,241,"Unclassified","Unclassified",0.150,0,"","","",0,0,0,1,0,"NO_CLASSIC_SPRITE|NO_SOURCE_TEXTURE_PATH|INVALID_CROP_DIMENSIONS","No se pudo analizar el sprite."
"WARNING",61380,"GRH 61380 (sin textura)",16,9,241,"Unclassified","Unclassified",0.150,0,"","","",0,0,0,1,0,"NO_CLASSIC_SPRITE|NO_SOURCE_TEXTURE_PATH|INVALID_CROP_DIMENSIONS","No se pudo analizar el sprite."
"WARNING",61381,"GRH 61381 (sin textura)",16,9,241,"Unclassified","Unclassified",0.150,0,"","","",0,0,0,1,0,"NO_CLASSIC_SPRITE|NO_SOURCE_TEXTURE_PATH|INVALID_CROP_DIMENSIONS","No se pudo analizar el sprite."
"WARNING",6229,"GRH 6229 (tex_6003.png)",15,9,240,"Grass","Grass",1.000,1,"Assets/AOMigrator/MapVisualV063/Generated/Sprites/GRH_6229.asset","Assets/AOMigrator/MapVisualV063/Textures/tex_6003.png",".png",1,1,0,0,1,"INVALID_CROP_DIMENSIONS","Predominio verde 0.78, sat 0.71"
"WARNING",61614,"GRH 61614 (tex_5087.png)",14,9,239,"Dirt","Dirt",1.000,1,"Assets/AOMigrator/MapVisualV063/Generated/Sprites/GRH_61614.asset","Assets/AOMigrator/MapVisualV063/Textures/tex_5087.png",".png",1,1,0,0,1,"INVALID_CROP_DIMENSIONS","Predominio marrón 0.99, sat 0.55"
"WARNING",61615,"GRH 61615 (tex_5087.png)",14,9,239,"Dirt","Dirt",1.000,1,"Assets/AOMigrator/MapVisualV063/Generated/Sprites/GRH_61615.asset","Assets/AOMigrator/MapVisualV063/Textures/tex_5087.png",".png",1,1,0,0,1,"INVALID_CROP_DIMENSIONS","Predominio marrón 0.99, sat 0.55"
"WARNING",61618,"GRH 61618 (tex_5087.png)",14,9,239,"Dirt","Dirt",1.000,1,"Assets/AOMigrator/MapVisualV063/Generated/Sprites/GRH_61618.asset","Assets/AOMigrator/MapVisualV063/Textures/tex_5087.png",".png",1,1,0,0,1,"INVALID_CROP_DIMENSIONS","Predominio marrón 0.93, sat 0.57"
"WARNING",61619,"GRH 61619 (tex_5087.png)",14,9,239,"Dirt","Dirt",1.000,1,"Assets/AOMigrator/MapVisualV063/Generated/Sprites/GRH_61619.asset","Assets/AOMigrator/MapVisualV063/Textures/tex_5087.png",".png",1,1,0,0,1,"INVALID_CROP_DIMENSIONS","Predominio marrón 0.92, sat 0.54"
"WARNING",61622,"GRH 61622 (tex_5087.png)",14,9,239,"Dirt","Dirt",1.000,1,"Assets/AOMigrator/MapVisualV063/Generated/Sprites/GRH_61622.asset","Assets/AOMigrator/MapVisualV063/Textures/tex_5087.png",".png",1,1,0,0,1,"INVALID_CROP_DIMENSIONS","Predominio marrón 0.84, sat 0.58"
"WARNING",61623,"GRH 61623 (tex_5087.png)",14,9,239,"Grass","Grass",0.930,1,"Assets/AOMigrator/MapVisualV063/Generated/Sprites/GRH_61623.asset","Assets/AOMigrator/MapVisualV063/Textures/tex_5087.png",".png",1,1,0,0,1,"INVALID_CROP_DIMENSIONS","Predominio verde 0.34, sat 0.57"
"WARNING",61626,"GRH 61626 (tex_5087.png)",14,9,239,"Dirt","Dirt",1.000,1,"Assets/AOMigrator/MapVisualV063/Generated/Sprites/GRH_61626.asset","Assets/AOMigrator/MapVisualV063/Textures/tex_5087.png",".png",1,1,0,0,1,"INVALID_CROP_DIMENSIONS","Predominio marrón 0.88, sat 0.56"
"WARNING",61627,"GRH 61627 (tex_5087.png)",14,9,239,"Dirt","Dirt",1.000,1,"Assets/AOMigrator/MapVisualV063/Generated/Sprites/GRH_61627.asset","Assets/AOMigrator/MapVisualV063/Textures/tex_5087.png",".png",1,1,0,0,1,"INVALID_CROP_DIMENSIONS","Predominio marrón 0.95, sat 0.53"
"WARNING",6424,"GRH 6424 (tex_6215.png)",13,9,238,"Dirt","Dirt",1.000,1,"Assets/AOMigrator/MapVisualV063/Generated/Sprites/GRH_6424.asset","Assets/AOMigrator/MapVisualV063/Textures/tex_6215.png",".png",1,1,0,0,1,"INVALID_CROP_DIMENSIONS","Predominio marrón 0.88, sat 0.49"
"WARNING",61003,"GRH 61003 (tex_5087.png)",38,8,238,"Grass","Grass",1.000,1,"Assets/AOMigrator/MapVisualV063/Generated/Sprites/GRH_61003.asset","Assets/AOMigrator/MapVisualV063/Textures/tex_5087.png",".png",1,1,0,0,1,"INVALID_CROP_DIMENSIONS","Predominio verde 0.92, sat 0.70"
"WARNING",60991,"GRH 60991 (tex_5087.png)",37,8,237,"Grass","Grass",1.000,1,"Assets/AOMigrator/MapVisualV063/Generated/Sprites/GRH_60991.asset","Assets/AOMigrator/MapVisualV063/Textures/tex_5087.png",".png",1,1,0,0,1,"INVALID_CROP_DIMENSIONS","Predominio verde 0.93, sat 0.69"
"WARNING",61458,"GRH 61458 (tex_5087.png)",36,8,236,"Grass","Grass",1.000,1,"Assets/AOMigrator/MapVisualV063/Generated/Sprites/GRH_61458.asset","Assets/AOMigrator/MapVisualV063/Textures/tex_5087.png",".png",1,1,0,0,1,"INVALID_CROP_DIMENSIONS","Predominio verde 0.86, sat 0.69"
"WARNING",61462,"GRH 61462 (tex_5087.png)",36,8,236,"Grass","Grass",1.000,1,"Assets/AOMigrator/MapVisualV063/Generated/Sprites/GRH_61462.asset","Assets/AOMigrator/MapVisualV063/Textures/tex_5087.png",".png",1,1,0,0,1,"INVALID_CROP_DIMENSIONS","Predominio verde 0.66, sat 0.65"
"WARNING",61466,"GRH 61466 (tex_5087.png)",36,8,236,"Grass","Grass",1.000,1,"Assets/AOMigrator/MapVisualV063/Generated/Sprites/GRH_61466.asset","Assets/AOMigrator/MapVisualV063/Textures/tex_5087.png",".png",1,1,0,0,1,"INVALID_CROP_DIMENSIONS","Predominio verde 0.71, sat 0.65"
"WARNING",60995,"GRH 60995 (tex_5087.png)",35,8,235,"Grass","Grass",1.000,1,"Assets/AOMigrator/MapVisualV063/Generated/Sprites/GRH_60995.asset","Assets/AOMigrator/MapVisualV063/Textures/tex_5087.png",".png",1,1,0,0,1,"INVALID_CROP_DIMENSIONS","Predominio verde 0.92, sat 0.69"
"WARNING",60999,"GRH 60999 (tex_5087.png)",35,8,235,"Grass","Grass",1.000,1,"Assets/AOMigrator/MapVisualV063/Generated/Sprites/GRH_60999.asset","Assets/AOMigrator/MapVisualV063/Textures/tex_5087.png",".png",1,1,0,0,1,"INVALID_CROP_DIMENSIONS","Predominio verde 0.90, sat 0.69"
"WARNING",61454,"GRH 61454 (tex_5087.png)",34,8,234,"Grass","Grass",1.000,1,"Assets/AOMigrator/MapVisualV063/Generated/Sprites/GRH_61454.asset","Assets/AOMigrator/MapVisualV063/Textures/tex_5087.png",".png",1,1,0,0,1,"INVALID_CROP_DIMENSIONS","Predominio verde 0.87, sat 0.69"
"WARNING",6440,"GRH 6440 (tex_6215.png)",32,8,232,"Grass","Grass",1.000,1,"Assets/AOMigrator/MapVisualV063/Generated/Sprites/GRH_6440.asset","Assets/AOMigrator/MapVisualV063/Textures/tex_6215.png",".png",1,1,0,0,1,"INVALID_CROP_DIMENSIONS","Predominio verde 0.93, sat 0.72"
"WARNING",6123,"GRH 6123 (sin textura)",31,8,231,"Unclassified","Unclassified",0.150,0,"","","",0,0,0,1,0,"NO_CLASSIC_SPRITE|NO_SOURCE_TEXTURE_PATH|INVALID_CROP_DIMENSIONS","No se pudo analizar el sprite."
"WARNING",6436,"GRH 6436 (tex_6215.png)",31,8,231,"Grass","Grass",1.000,1,"Assets/AOMigrator/MapVisualV063/Generated/Sprites/GRH_6436.asset","Assets/AOMigrator/MapVisualV063/Textures/tex_6215.png",".png",1,1,0,0,1,"INVALID_CROP_DIMENSIONS","Predominio verde 0.93, sat 0.72"
"WARNING",6115,"GRH 6115 (sin textura)",30,8,230,"Unclassified","Unclassified",0.150,0,"","","",0,0,0,1,0,"NO_CLASSIC_SPRITE|NO_SOURCE_TEXTURE_PATH|INVALID_CROP_DIMENSIONS","No se pudo analizar el sprite."
"WARNING",6119,"GRH 6119 (sin textura)",30,8,230,"Unclassified","Unclassified",0.150,0,"","","",0,0,0,1,0,"NO_CLASSIC_SPRITE|NO_SOURCE_TEXTURE_PATH|INVALID_CROP_DIMENSIONS","No se pudo analizar el sprite."
"WARNING",6340,"GRH 6340 (tex_6215.png)",30,8,230,"Dirt","Dirt",1.000,1,"Assets/AOMigrator/MapVisualV063/Generated/Sprites/GRH_6340.asset","Assets/AOMigrator/MapVisualV063/Textures/tex_6215.png",".png",1,1,0,0,1,"INVALID_CROP_DIMENSIONS","Predominio marrón 0.84, sat 0.52"
"WARNING",6344,"GRH 6344 (tex_6215.png)",30,8,230,"Dirt","Dirt",1.000,1,"Assets/AOMigrator/MapVisualV063/Generated/Sprites/GRH_6344.asset","Assets/AOMigrator/MapVisualV063/Textures/tex_6215.png",".png",1,1,0,0,1,"INVALID_CROP_DIMENSIONS","Predominio marrón 0.88, sat 0.51"
"WARNING",61459,"GRH 61459 (tex_5087.png)",30,8,230,"Grass","Grass",1.000,1,"Assets/AOMigrator/MapVisualV063/Generated/Sprites/GRH_61459.asset","Assets/AOMigrator/MapVisualV063/Textures/tex_5087.png",".png",1,1,0,0,1,"INVALID_CROP_DIMENSIONS","Predominio verde 0.90, sat 0.69"
"WARNING",61463,"GRH 61463 (tex_5087.png)",30,8,230,"Grass","Grass",1.000,1,"Assets/AOMigrator/MapVisualV063/Generated/Sprites/GRH_61463.asset","Assets/AOMigrator/MapVisualV063/Textures/tex_5087.png",".png",1,1,0,0,1,"INVALID_CROP_DIMENSIONS","Predominio verde 0.84, sat 0.69"
"WARNING",61467,"GRH 61467 (tex_5087.png)",30,8,230,"Grass","Grass",1.000,1,"Assets/AOMigrator/MapVisualV063/Generated/Sprites/GRH_61467.asset","Assets/AOMigrator/MapVisualV063/Textures/tex_5087.png",".png",1,1,0,0,1,"INVALID_CROP_DIMENSIONS","Predominio verde 0.91, sat 0.69"
"WARNING",61759,"GRH 61759 (tex_5087.png)",30,8,230,"Grass","Grass",1.000,1,"Assets/AOMigrator/MapVisualV063/Generated/Sprites/GRH_61759.asset","Assets/AOMigrator/MapVisualV063/Textures/tex_5087.png",".png",1,1,0,0,1,"INVALID_CROP_DIMENSIONS","Predominio verde 0.93, sat 0.70"
"WARNING",61763,"GRH 61763 (tex_5087.png)",30,8,230,"Grass","Grass",1.000,1,"Assets/AOMigrator/MapVisualV063/Generated/Sprites/GRH_61763.asset","Assets/AOMigrator/MapVisualV063/Textures/tex_5087.png",".png",1,1,0,0,1,"INVALID_CROP_DIMENSIONS","Predominio verde 0.86, sat 0.68"
"WARNING",61767,"GRH 61767 (tex_5087.png)",30,8,230,"Grass","Grass",1.000,1,"Assets/AOMigrator/MapVisualV063/Generated/Sprites/GRH_61767.asset","Assets/AOMigrator/MapVisualV063/Textures/tex_5087.png",".png",1,1,0,0,1,"INVALID_CROP_DIMENSIONS","Predominio verde 0.74, sat 0.67"
"WARNING",61771,"GRH 61771 (tex_5087.png)",30,8,230,"Grass","Grass",1.000,1,"Assets/AOMigrator/MapVisualV063/Generated/Sprites/GRH_61771.asset","Assets/AOMigrator/MapVisualV063/Textures/tex_5087.png",".png",1,1,0,0,1,"INVALID_CROP_DIMENSIONS","Predominio verde 0.92, sat 0.69"
"WARNING",6336,"GRH 6336 (tex_6215.png)",29,8,229,"Grass","Grass",1.000,1,"Assets/AOMigrator/MapVisualV063/Generated/Sprites/GRH_6336.asset","Assets/AOMigrator/MapVisualV063/Textures/tex_6215.png",".png",1,1,0,0,1,"INVALID_CROP_DIMENSIONS","Predominio verde 0.93, sat 0.73"
"WARNING",6339,"GRH 6339 (tex_6215.png)",29,8,229,"Grass","Grass",1.000,1,"Assets/AOMigrator/MapVisualV063/Generated/Sprites/GRH_6339.asset","Assets/AOMigrator/MapVisualV063/Textures/tex_6215.png",".png",1,1,0,0,1,"INVALID_CROP_DIMENSIONS","Predominio verde 0.93, sat 0.73"
"WARNING",61455,"GRH 61455 (tex_5087.png)",29,8,229,"Grass","Grass",1.000,1,"Assets/AOMigrator/MapVisualV063/Generated/Sprites/GRH_61455.asset","Assets/AOMigrator/MapVisualV063/Textures/tex_5087.png",".png",1,1,0,0,1,"INVALID_CROP_DIMENSIONS","Predominio verde 0.94, sat 0.70"
"WARNING",6337,"GRH 6337 (tex_6215.png)",27,8,227,"Grass","Grass",1.000,1,"Assets/AOMigrator/MapVisualV063/Generated/Sprites/GRH_6337.asset","Assets/AOMigrator/MapVisualV063/Textures/tex_6215.png",".png",1,1,0,0,1,"INVALID_CROP_DIMENSIONS","Predominio verde 0.87, sat 0.72"
"WARNING",6338,"GRH 6338 (tex_6215.png)",27,8,227,"Grass","Grass",1.000,1,"Assets/AOMigrator/MapVisualV063/Generated/Sprites/GRH_6338.asset","Assets/AOMigrator/MapVisualV063/Textures/tex_6215.png",".png",1,1,0,0,1,"INVALID_CROP_DIMENSIONS","Predominio verde 0.86, sat 0.73"
"WARNING",6341,"GRH 6341 (tex_6215.png)",27,8,227,"Dirt","Dirt",1.000,1,"Assets/AOMigrator/MapVisualV063/Generated/Sprites/GRH_6341.asset","Assets/AOMigrator/MapVisualV063/Textures/tex_6215.png",".png",1,1,0,0,1,"INVALID_CROP_DIMENSIONS","Predominio marrón 0.85, sat 0.53"
"WARNING",6342,"GRH 6342 (tex_6215.png)",27,8,227,"Dirt","Dirt",1.000,1,"Assets/AOMigrator/MapVisualV063/Generated/Sprites/GRH_6342.asset","Assets/AOMigrator/MapVisualV063/Textures/tex_6215.png",".png",1,1,0,0,1,"INVALID_CROP_DIMENSIONS","Predominio marrón 0.91, sat 0.56"
"WARNING",6345,"GRH 6345 (tex_6215.png)",27,8,227,"Dirt","Dirt",1.000,1,"Assets/AOMigrator/MapVisualV063/Generated/Sprites/GRH_6345.asset","Assets/AOMigrator/MapVisualV063/Textures/tex_6215.png",".png",1,1,0,0,1,"INVALID_CROP_DIMENSIONS","Predominio marrón 0.87, sat 0.52"
"WARNING",6346,"GRH 6346 (tex_6215.png)",27,8,227,"Grass","Grass",0.875,1,"Assets/AOMigrator/MapVisualV063/Generated/Sprites/GRH_6346.asset","Assets/AOMigrator/MapVisualV063/Textures/tex_6215.png",".png",1,1,0,0,1,"INVALID_CROP_DIMENSIONS","Predominio verde 0.28, sat 0.57"
"WARNING",6348,"GRH 6348 (tex_6215.png)",27,8,227,"Grass","Grass",1.000,1,"Assets/AOMigrator/MapVisualV063/Generated/Sprites/GRH_6348.asset","Assets/AOMigrator/MapVisualV063/Textures/tex_6215.png",".png",1,1,0,0,1,"INVALID_CROP_DIMENSIONS","Predominio verde 0.93, sat 0.72"
"WARNING",6349,"GRH 6349 (tex_6215.png)",27,8,227,"Grass","Grass",1.000,1,"Assets/AOMigrator/MapVisualV063/Generated/Sprites/GRH_6349.asset","Assets/AOMigrator/MapVisualV063/Textures/tex_6215.png",".png",1,1,0,0,1,"INVALID_CROP_DIMENSIONS","Predominio verde 0.94, sat 0.72"
"WARNING",6350,"GRH 6350 (tex_6215.png)",27,8,227,"Grass","Grass",1.000,1,"Assets/AOMigrator/MapVisualV063/Generated/Sprites/GRH_6350.asset","Assets/AOMigrator/MapVisualV063/Textures/tex_6215.png",".png",1,1,0,0,1,"INVALID_CROP_DIMENSIONS","Predominio verde 0.94, sat 0.72"
"WARNING",6343,"GRH 6343 (tex_6215.png)",25,8,225,"Grass","Grass",1.000,1,"Assets/AOMigrator/MapVisualV063/Generated/Sprites/GRH_6343.asset","Assets/AOMigrator/MapVisualV063/Textures/tex_6215.png",".png",1,1,0,0,1,"INVALID_CROP_DIMENSIONS","Predominio verde 0.89, sat 0.72"
"WARNING",6347,"GRH 6347 (tex_6215.png)",25,8,225,"Grass","Grass",1.000,1,"Assets/AOMigrator/MapVisualV063/Generated/Sprites/GRH_6347.asset","Assets/AOMigrator/MapVisualV063/Textures/tex_6215.png",".png",1,1,0,0,1,"INVALID_CROP_DIMENSIONS","Predominio verde 0.80, sat 0.72"
"WARNING",6351,"GRH 6351 (tex_6215.png)",25,8,225,"Grass","Grass",1.000,1,"Assets/AOMigrator/MapVisualV063/Generated/Sprites/GRH_6351.asset","Assets/AOMigrator/MapVisualV063/Textures/tex_6215.png",".png",1,1,0,0,1,"INVALID_CROP_DIMENSIONS","Predominio verde 0.92, sat 0.73"
"WARNING",6444,"GRH 6444 (tex_6215.png)",25,8,225,"Grass","Grass",1.000,1,"Assets/AOMigrator/MapVisualV063/Generated/Sprites/GRH_6444.asset","Assets/AOMigrator/MapVisualV063/Textures/tex_6215.png",".png",1,1,0,0,1,"INVALID_CROP_DIMENSIONS","Predominio verde 0.92, sat 0.73"
"WARNING",16136,"GRH 16136 (tex_5065.png)",24,8,224,"Transition","Transition",0.891,1,"Assets/AOMigrator/MapVisualV063/Generated/Sprites/GRH_16136.asset","Assets/AOMigrator/MapVisualV063/Textures/tex_5065.png",".png",1,1,0,0,1,"INVALID_CROP_DIMENSIONS","Transición: Layer2 100%, cobertura 50%, edge 0.26"
"WARNING",6499,"GRH 6499 (tex_6215.png)",23,8,223,"Grass","Grass",1.000,1,"Assets/AOMigrator/MapVisualV063/Generated/Sprites/GRH_6499.asset","Assets/AOMigrator/MapVisualV063/Textures/tex_6215.png",".png",1,1,0,0,1,"INVALID_CROP_DIMENSIONS","Predominio verde 0.89, sat 0.71"
"WARNING",6447,"GRH 6447 (tex_6215.png)",22,8,222,"Grass","Grass",1.000,1,"Assets/AOMigrator/MapVisualV063/Generated/Sprites/GRH_6447.asset","Assets/AOMigrator/MapVisualV063/Textures/tex_6215.png",".png",1,1,0,0,1,"INVALID_CROP_DIMENSIONS","Predominio verde 0.94, sat 0.73"
"WARNING",61743,"GRH 61743 (tex_5087.png)",21,8,221,"Dirt","Dirt",1.000,1,"Assets/AOMigrator/MapVisualV063/Generated/Sprites/GRH_61743.asset","Assets/AOMigrator/MapVisualV063/Textures/tex_5087.png",".png",1,1,0,0,1,"INVALID_CROP_DIMENSIONS","Predominio marrón 0.95, sat 0.56"
"WARNING",61747,"GRH 61747 (tex_5087.png)",21,8,221,"Grass","Grass",1.000,1,"Assets/AOMigrator/MapVisualV063/Generated/Sprites/GRH_61747.asset","Assets/AOMigrator/MapVisualV063/Textures/tex_5087.png",".png",1,1,0,0,1,"INVALID_CROP_DIMENSIONS","Predominio verde 0.52, sat 0.61"
"WARNING",61751,"GRH 61751 (tex_5087.png)",21,8,221,"Grass","Grass",1.000,1,"Assets/AOMigrator/MapVisualV063/Generated/Sprites/GRH_61751.asset","Assets/AOMigrator/MapVisualV063/Textures/tex_5087.png",".png",1,1,0,0,1,"INVALID_CROP_DIMENSIONS","Predominio verde 0.81, sat 0.68"
"WARNING",61755,"GRH 61755 (tex_5087.png)",21,8,221,"Grass","Grass",1.000,1,"Assets/AOMigrator/MapVisualV063/Generated/Sprites/GRH_61755.asset","Assets/AOMigrator/MapVisualV063/Textures/tex_5087.png",".png",1,1,0,0,1,"INVALID_CROP_DIMENSIONS","Predominio verde 0.90, sat 0.69"
"WARNING",61884,"GRH 61884 (sin textura)",21,8,221,"Unclassified","Unclassified",0.150,0,"","","",0,0,0,1,0,"NO_CLASSIC_SPRITE|NO_SOURCE_TEXTURE_PATH|INVALID_CROP_DIMENSIONS","No se pudo analizar el sprite."
"WARNING",61885,"GRH 61885 (sin textura)",21,8,221,"Unclassified","Unclassified",0.150,0,"","","",0,0,0,1,0,"NO_CLASSIC_SPRITE|NO_SOURCE_TEXTURE_PATH|INVALID_CROP_DIMENSIONS","No se pudo analizar el sprite."
"WARNING",61888,"GRH 61888 (sin textura)",21,8,221,"Unclassified","Unclassified",0.150,0,"","","",0,0,0,1,0,"NO_CLASSIC_SPRITE|NO_SOURCE_TEXTURE_PATH|INVALID_CROP_DIMENSIONS","No se pudo analizar el sprite."
"WARNING",61889,"GRH 61889 (sin textura)",21,8,221,"Unclassified","Unclassified",0.150,0,"","","",0,0,0,1,0,"NO_CLASSIC_SPRITE|NO_SOURCE_TEXTURE_PATH|INVALID_CROP_DIMENSIONS","No se pudo analizar el sprite."
"WARNING",61892,"GRH 61892 (sin textura)",21,8,221,"Unclassified","Unclassified",0.150,0,"","","",0,0,0,1,0,"NO_CLASSIC_SPRITE|NO_SOURCE_TEXTURE_PATH|INVALID_CROP_DIMENSIONS","No se pudo analizar el sprite."
"WARNING",61893,"GRH 61893 (sin textura)",21,8,221,"Unclassified","Unclassified",0.150,0,"","","",0,0,0,1,0,"NO_CLASSIC_SPRITE|NO_SOURCE_TEXTURE_PATH|INVALID_CROP_DIMENSIONS","No se pudo analizar el sprite."
"WARNING",61896,"GRH 61896 (sin textura)",21,8,221,"Unclassified","Unclassified",0.150,0,"","","",0,0,0,1,0,"NO_CLASSIC_SPRITE|NO_SOURCE_TEXTURE_PATH|INVALID_CROP_DIMENSIONS","No se pudo analizar el sprite."
"WARNING",61897,"GRH 61897 (sin textura)",21,8,221,"Unclassified","Unclassified",0.150,0,"","","",0,0,0,1,0,"NO_CLASSIC_SPRITE|NO_SOURCE_TEXTURE_PATH|INVALID_CROP_DIMENSIONS","No se pudo analizar el sprite."
"WARNING",61610,"GRH 61610 (sin textura)",20,8,220,"Unclassified","Unclassified",0.150,0,"","","",0,0,0,1,0,"NO_CLASSIC_SPRITE|NO_SOURCE_TEXTURE_PATH|INVALID_CROP_DIMENSIONS","No se pudo analizar el sprite."
"WARNING",61611,"GRH 61611 (sin textura)",20,8,220,"Unclassified","Unclassified",0.150,0,"","","",0,0,0,1,0,"NO_CLASSIC_SPRITE|NO_SOURCE_TEXTURE_PATH|INVALID_CROP_DIMENSIONS","No se pudo analizar el sprite."
"WARNING",61598,"GRH 61598 (sin textura)",19,8,219,"Unclassified","Unclassified",0.150,0,"","","",0,0,0,1,0,"NO_CLASSIC_SPRITE|NO_SOURCE_TEXTURE_PATH|INVALID_CROP_DIMENSIONS","No se pudo analizar el sprite."
"WARNING",61602,"GRH 61602 (sin textura)",19,8,219,"Unclassified","Unclassified",0.150,0,"","","",0,0,0,1,0,"NO_CLASSIC_SPRITE|NO_SOURCE_TEXTURE_PATH|INVALID_CROP_DIMENSIONS","No se pudo analizar el sprite."
"WARNING",61606,"GRH 61606 (sin textura)",19,8,219,"Unclassified","Unclassified",0.150,0,"","","",0,0,0,1,0,"NO_CLASSIC_SPRITE|NO_SOURCE_TEXTURE_PATH|INVALID_CROP_DIMENSIONS","No se pudo analizar el sprite."
"WARNING",61740,"GRH 61740 (tex_5087.png)",19,8,219,"Dirt","Dirt",1.000,1,"Assets/AOMigrator/MapVisualV063/Generated/Sprites/GRH_61740.asset","Assets/AOMigrator/MapVisualV063/Textures/tex_5087.png",".png",1,1,0,0,1,"INVALID_CROP_DIMENSIONS","Predominio marrón 1.00, sat 0.55"
"WARNING",61741,"GRH 61741 (tex_5087.png)",19,8,219,"Dirt","Dirt",1.000,1,"Assets/AOMigrator/MapVisualV063/Generated/Sprites/GRH_61741.asset","Assets/AOMigrator/MapVisualV063/Textures/tex_5087.png",".png",1,1,0,0,1,"INVALID_CROP_DIMENSIONS","Predominio marrón 0.97, sat 0.56"
"WARNING",61899,"GRH 61899 (sin textura)",19,8,219,"Unclassified","Unclassified",0.150,0,"","","",0,0,0,1,0,"NO_CLASSIC_SPRITE|NO_SOURCE_TEXTURE_PATH|INVALID_CROP_DIMENSIONS","No se pudo analizar el sprite."
"WARNING",6310,"GRH 6310 (tex_6215.png)",18,8,218,"Dirt","Dirt",1.000,1,"Assets/AOMigrator/MapVisualV063/Generated/Sprites/GRH_6310.asset","Assets/AOMigrator/MapVisualV063/Textures/tex_6215.png",".png",1,1,0,0,1,"INVALID_CROP_DIMENSIONS","Predominio marrón 0.81, sat 0.52"
"WARNING",6314,"GRH 6314 (tex_6215.png)",18,8,218,"Dirt","Dirt",1.000,1,"Assets/AOMigrator/MapVisualV063/Generated/Sprites/GRH_6314.asset","Assets/AOMigrator/MapVisualV063/Textures/tex_6215.png",".png",1,1,0,0,1,"INVALID_CROP_DIMENSIONS","Predominio marrón 0.81, sat 0.53"
"WARNING",6432,"GRH 6432 (tex_6215.png)",18,8,218,"Grass","Grass",1.000,1,"Assets/AOMigrator/MapVisualV063/Generated/Sprites/GRH_6432.asset","Assets/AOMigrator/MapVisualV063/Textures/tex_6215.png",".png",1,1,0,0,1,"INVALID_CROP_DIMENSIONS","Predominio verde 0.95, sat 0.72"
"WARNING",6308,"GRH 6308 (tex_6215.png)",17,8,217,"Grass","Grass",1.000,1,"Assets/AOMigrator/MapVisualV063/Generated/Sprites/GRH_6308.asset","Assets/AOMigrator/MapVisualV063/Textures/tex_6215.png",".png",1,1,0,0,1,"INVALID_CROP_DIMENSIONS","Predominio verde 0.89, sat 0.72"
"WARNING",6309,"GRH 6309 (tex_6215.png)",17,8,217,"Grass","Grass",0.905,1,"Assets/AOMigrator/MapVisualV063/Generated/Sprites/GRH_6309.asset","Assets/AOMigrator/MapVisualV063/Textures/tex_6215.png",".png",1,1,0,0,1,"INVALID_CROP_DIMENSIONS","Predominio verde 0.32, sat 0.60"
"WARNING",6312,"GRH 6312 (tex_6215.png)",17,8,217,"Grass","Grass",1.000,1,"Assets/AOMigrator/MapVisualV063/Generated/Sprites/GRH_6312.asset","Assets/AOMigrator/MapVisualV063/Textures/tex_6215.png",".png",1,1,0,0,1,"INVALID_CROP_DIMENSIONS","Predominio verde 0.87, sat 0.72"
"WARNING",6313,"GRH 6313 (tex_6215.png)",17,8,217,"Grass","Grass",1.000,1,"Assets/AOMigrator/MapVisualV063/Generated/Sprites/GRH_6313.asset","Assets/AOMigrator/MapVisualV063/Textures/tex_6215.png",".png",1,1,0,0,1,"INVALID_CROP_DIMENSIONS","Predominio verde 0.48, sat 0.62"
"WARNING",6316,"GRH 6316 (tex_6215.png)",17,8,217,"Grass","Grass",1.000,1,"Assets/AOMigrator/MapVisualV063/Generated/Sprites/GRH_6316.asset","Assets/AOMigrator/MapVisualV063/Textures/tex_6215.png",".png",1,1,0,0,1,"INVALID_CROP_DIMENSIONS","Predominio verde 0.91, sat 0.72"
"WARNING",6317,"GRH 6317 (tex_6215.png)",17,8,217,"Grass","Grass",1.000,1,"Assets/AOMigrator/MapVisualV063/Generated/Sprites/GRH_6317.asset","Assets/AOMigrator/MapVisualV063/Textures/tex_6215.png",".png",1,1,0,0,1,"INVALID_CROP_DIMENSIONS","Predominio verde 0.94, sat 0.72"
"WARNING",61214,"GRH 61214 (tex_5087.png)",17,8,217,"Grass","Grass",1.000,1,"Assets/AOMigrator/MapVisualV063/Generated/Sprites/GRH_61214.asset","Assets/AOMigrator/MapVisualV063/Textures/tex_5087.png",".png",1,1,0,0,1,"INVALID_CROP_DIMENSIONS","Predominio verde 0.59, sat 0.63"
"WARNING",61215,"GRH 61215 (tex_5087.png)",17,8,217,"Grass","Grass",1.000,1,"Assets/AOMigrator/MapVisualV063/Generated/Sprites/GRH_61215.asset","Assets/AOMigrator/MapVisualV063/Textures/tex_5087.png",".png",1,1,0,0,1,"INVALID_CROP_DIMENSIONS","Predominio verde 0.85, sat 0.68"
"WARNING",61218,"GRH 61218 (tex_5087.png)",17,8,217,"Grass","Grass",0.953,1,"Assets/AOMigrator/MapVisualV063/Generated/Sprites/GRH_61218.asset","Assets/AOMigrator/MapVisualV063/Textures/tex_5087.png",".png",1,1,0,0,1,"INVALID_CROP_DIMENSIONS","Predominio verde 0.37, sat 0.60"
"WARNING",61219,"GRH 61219 (tex_5087.png)",17,8,217,"Grass","Grass",0.945,1,"Assets/AOMigrator/MapVisualV063/Generated/Sprites/GRH_61219.asset","Assets/AOMigrator/MapVisualV063/Textures/tex_5087.png",".png",1,1,0,0,1,"INVALID_CROP_DIMENSIONS","Predominio verde 0.36, sat 0.59"
"WARNING",61222,"GRH 61222 (tex_5087.png)",17,8,217,"Dirt","Dirt",1.000,1,"Assets/AOMigrator/MapVisualV063/Generated/Sprites/GRH_61222.asset","Assets/AOMigrator/MapVisualV063/Textures/tex_5087.png",".png",1,1,0,0,1,"INVALID_CROP_DIMENSIONS","Predominio marrón 0.92, sat 0.56"
"WARNING",61223,"GRH 61223 (tex_5087.png)",17,8,217,"Grass","Grass",0.981,1,"Assets/AOMigrator/MapVisualV063/Generated/Sprites/GRH_61223.asset","Assets/AOMigrator/MapVisualV063/Textures/tex_5087.png",".png",1,1,0,0,1,"INVALID_CROP_DIMENSIONS","Predominio verde 0.40, sat 0.61"
"WARNING",61226,"GRH 61226 (tex_5087.png)",17,8,217,"Grass","Grass",0.853,1,"Assets/AOMigrator/MapVisualV063/Generated/Sprites/GRH_61226.asset","Assets/AOMigrator/MapVisualV063/Textures/tex_5087.png",".png",1,1,0,0,1,"INVALID_CROP_DIMENSIONS","Predominio verde 0.26, sat 0.60"
"WARNING",61227,"GRH 61227 (tex_5087.png)",17,8,217,"Grass","Grass",0.902,1,"Assets/AOMigrator/MapVisualV063/Generated/Sprites/GRH_61227.asset","Assets/AOMigrator/MapVisualV063/Textures/tex_5087.png",".png",1,1,0,0,1,"INVALID_CROP_DIMENSIONS","Predominio verde 0.31, sat 0.58"
"WARNING",61240,"GRH 61240 (sin textura)",17,8,217,"Unclassified","Unclassified",0.150,0,"","","",0,0,0,1,0,"NO_CLASSIC_SPRITE|NO_SOURCE_TEXTURE_PATH|INVALID_CROP_DIMENSIONS","No se pudo analizar el sprite."
"WARNING",6244,"GRH 6244 (tex_6003.png)",16,8,216,"Grass","Grass",1.000,1,"Assets/AOMigrator/MapVisualV063/Generated/Sprites/GRH_6244.asset","Assets/AOMigrator/MapVisualV063/Textures/tex_6003.png",".png",1,1,0,0,1,"INVALID_CROP_DIMENSIONS","Predominio verde 0.88, sat 0.71"
"WARNING",61228,"GRH 61228 (sin textura)",16,8,216,"Unclassified","Unclassified",0.150,0,"","","",0,0,0,1,0,"NO_CLASSIC_SPRITE|NO_SOURCE_TEXTURE_PATH|INVALID_CROP_DIMENSIONS","No se pudo analizar el sprite."
"WARNING",61232,"GRH 61232 (sin textura)",16,8,216,"Unclassified","Unclassified",0.150,0,"","","",0,0,0,1,0,"NO_CLASSIC_SPRITE|NO_SOURCE_TEXTURE_PATH|INVALID_CROP_DIMENSIONS","No se pudo analizar el sprite."
"WARNING",61236,"GRH 61236 (sin textura)",16,8,216,"Unclassified","Unclassified",0.150,0,"","","",0,0,0,1,0,"NO_CLASSIC_SPRITE|NO_SOURCE_TEXTURE_PATH|INVALID_CROP_DIMENSIONS","No se pudo analizar el sprite."
"WARNING",61324,"GRH 61324 (tex_5087.png)",16,8,216,"Grass","Grass",1.000,1,"Assets/AOMigrator/MapVisualV063/Generated/Sprites/GRH_61324.asset","Assets/AOMigrator/MapVisualV063/Textures/tex_5087.png",".png",1,1,0,0,1,"INVALID_CROP_DIMENSIONS","Predominio verde 0.93, sat 0.70"
"WARNING",61325,"GRH 61325 (tex_5087.png)",16,8,216,"Grass","Grass",1.000,1,"Assets/AOMigrator/MapVisualV063/Generated/Sprites/GRH_61325.asset","Assets/AOMigrator/MapVisualV063/Textures/tex_5087.png",".png",1,1,0,0,1,"INVALID_CROP_DIMENSIONS","Predominio verde 0.92, sat 0.69"
"WARNING",61328,"GRH 61328 (tex_5087.png)",16,8,216,"Grass","Grass",1.000,1,"Assets/AOMigrator/MapVisualV063/Generated/Sprites/GRH_61328.asset","Assets/AOMigrator/MapVisualV063/Textures/tex_5087.png",".png",1,1,0,0,1,"INVALID_CROP_DIMENSIONS","Predominio verde 0.92, sat 0.69"
"WARNING",61329,"GRH 61329 (tex_5087.png)",16,8,216,"Grass","Grass",1.000,1,"Assets/AOMigrator/MapVisualV063/Generated/Sprites/GRH_61329.asset","Assets/AOMigrator/MapVisualV063/Textures/tex_5087.png",".png",1,1,0,0,1,"INVALID_CROP_DIMENSIONS","Predominio verde 0.82, sat 0.68"
"WARNING",61332,"GRH 61332 (tex_5087.png)",16,8,216,"Grass","Grass",1.000,1,"Assets/AOMigrator/MapVisualV063/Generated/Sprites/GRH_61332.asset","Assets/AOMigrator/MapVisualV063/Textures/tex_5087.png",".png",1,1,0,0,1,"INVALID_CROP_DIMENSIONS","Predominio verde 0.57, sat 0.63"
"WARNING",61333,"GRH 61333 (tex_5087.png)",16,8,216,"Grass","Grass",1.000,1,"Assets/AOMigrator/MapVisualV063/Generated/Sprites/GRH_61333.asset","Assets/AOMigrator/MapVisualV063/Textures/tex_5087.png",".png",1,1,0,0,1,"INVALID_CROP_DIMENSIONS","Predominio verde 0.53, sat 0.62"
"WARNING",61336,"GRH 61336 (tex_5087.png)",16,8,216,"Dirt","Dirt",1.000,1,"Assets/AOMigrator/MapVisualV063/Generated/Sprites/GRH_61336.asset","Assets/AOMigrator/MapVisualV063/Textures/tex_5087.png",".png",1,1,0,0,1,"INVALID_CROP_DIMENSIONS","Predominio marrón 0.83, sat 0.57"
"WARNING",61337,"GRH 61337 (tex_5087.png)",16,8,216,"Dirt","Dirt",1.000,1,"Assets/AOMigrator/MapVisualV063/Generated/Sprites/GRH_61337.asset","Assets/AOMigrator/MapVisualV063/Textures/tex_5087.png",".png",1,1,0,0,1,"INVALID_CROP_DIMENSIONS","Predominio marrón 0.83, sat 0.56"
"WARNING",61384,"GRH 61384 (sin textura)",16,8,216,"Unclassified","Unclassified",0.150,0,"","","",0,0,0,1,0,"NO_CLASSIC_SPRITE|NO_SOURCE_TEXTURE_PATH|INVALID_CROP_DIMENSIONS","No se pudo analizar el sprite."
"WARNING",6245,"GRH 6245 (tex_6003.png)",15,8,215,"Grass","Grass",1.000,1,"Assets/AOMigrator/MapVisualV063/Generated/Sprites/GRH_6245.asset","Assets/AOMigrator/MapVisualV063/Textures/tex_6003.png",".png",1,1,0,0,1,"INVALID_CROP_DIMENSIONS","Predominio verde 0.78, sat 0.71"
"WARNING",6246,"GRH 6246 (tex_6003.png)",15,8,215,"Grass","Grass",1.000,1,"Assets/AOMigrator/MapVisualV063/Generated/Sprites/GRH_6246.asset","Assets/AOMigrator/MapVisualV063/Textures/tex_6003.png",".png",1,1,0,0,1,"INVALID_CROP_DIMENSIONS","Predominio verde 0.84, sat 0.71"
"WARNING",6247,"GRH 6247 (tex_6003.png)",15,8,215,"Grass","Grass",1.000,1,"Assets/AOMigrator/MapVisualV063/Generated/Sprites/GRH_6247.asset","Assets/AOMigrator/MapVisualV063/Textures/tex_6003.png",".png",1,1,0,0,1,"INVALID_CROP_DIMENSIONS","Predominio verde 0.86, sat 0.71"
"WARNING",6248,"GRH 6248 (tex_6003.png)",15,8,215,"Grass","Grass",1.000,1,"Assets/AOMigrator/MapVisualV063/Generated/Sprites/GRH_6248.asset","Assets/AOMigrator/MapVisualV063/Textures/tex_6003.png",".png",1,1,0,0,1,"INVALID_CROP_DIMENSIONS","Predominio verde 0.83, sat 0.71"
"WARNING",6249,"GRH 6249 (tex_6003.png)",15,8,215,"Grass","Grass",1.000,1,"Assets/AOMigrator/MapVisualV063/Generated/Sprites/GRH_6249.asset","Assets/AOMigrator/MapVisualV063/Textures/tex_6003.png",".png",1,1,0,0,1,"INVALID_CROP_DIMENSIONS","Predominio verde 0.82, sat 0.71"
"WARNING",6250,"GRH 6250 (tex_6003.png)",15,8,215,"Grass","Grass",1.000,1,"Assets/AOMigrator/MapVisualV063/Generated/Sprites/GRH_6250.asset","Assets/AOMigrator/MapVisualV063/Textures/tex_6003.png",".png",1,1,0,0,1,"INVALID_CROP_DIMENSIONS","Predominio verde 0.66, sat 0.70"
"WARNING",6251,"GRH 6251 (tex_6003.png)",15,8,215,"Grass","Grass",1.000,1,"Assets/AOMigrator/MapVisualV063/Generated/Sprites/GRH_6251.asset","Assets/AOMigrator/MapVisualV063/Textures/tex_6003.png",".png",1,1,0,0,1,"INVALID_CROP_DIMENSIONS","Predominio verde 0.67, sat 0.70"
"WARNING",6253,"GRH 6253 (tex_6003.png)",15,8,215,"Grass","Grass",1.000,1,"Assets/AOMigrator/MapVisualV063/Generated/Sprites/GRH_6253.asset","Assets/AOMigrator/MapVisualV063/Textures/tex_6003.png",".png",1,1,0,0,1,"INVALID_CROP_DIMENSIONS","Predominio verde 0.85, sat 0.71"
"WARNING",6254,"GRH 6254 (tex_6003.png)",15,8,215,"Grass","Grass",1.000,1,"Assets/AOMigrator/MapVisualV063/Generated/Sprites/GRH_6254.asset","Assets/AOMigrator/MapVisualV063/Textures/tex_6003.png",".png",1,1,0,0,1,"INVALID_CROP_DIMENSIONS","Predominio verde 0.74, sat 0.70"
"WARNING",6255,"GRH 6255 (tex_6003.png)",15,8,215,"Grass","Grass",1.000,1,"Assets/AOMigrator/MapVisualV063/Generated/Sprites/GRH_6255.asset","Assets/AOMigrator/MapVisualV063/Textures/tex_6003.png",".png",1,1,0,0,1,"INVALID_CROP_DIMENSIONS","Predominio verde 0.78, sat 0.69"
"WARNING",6311,"GRH 6311 (tex_6215.png)",15,8,215,"Grass","Grass",0.829,1,"Assets/AOMigrator/MapVisualV063/Generated/Sprites/GRH_6311.asset","Assets/AOMigrator/MapVisualV063/Textures/tex_6215.png",".png",1,1,0,0,1,"INVALID_CROP_DIMENSIONS","Predominio verde 0.23, sat 0.53"
"WARNING",6315,"GRH 6315 (tex_6215.png)",15,8,215,"Dirt","Dirt",1.000,1,"Assets/AOMigrator/MapVisualV063/Generated/Sprites/GRH_6315.asset","Assets/AOMigrator/MapVisualV063/Textures/tex_6215.png",".png",1,1,0,0,1,"INVALID_CROP_DIMENSIONS","Predominio marrón 0.84, sat 0.52"
"WARNING",6318,"GRH 6318 (tex_6215.png)",15,8,215,"Grass","Grass",1.000,1,"Assets/AOMigrator/MapVisualV063/Generated/Sprites/GRH_6318.asset","Assets/AOMigrator/MapVisualV063/Textures/tex_6215.png",".png",1,1,0,0,1,"INVALID_CROP_DIMENSIONS","Predominio verde 0.86, sat 0.72"
"WARNING",6319,"GRH 6319 (tex_6215.png)",15,8,215,"Grass","Grass",1.000,1,"Assets/AOMigrator/MapVisualV063/Generated/Sprites/GRH_6319.asset","Assets/AOMigrator/MapVisualV063/Textures/tex_6215.png",".png",1,1,0,0,1,"INVALID_CROP_DIMENSIONS","Predominio verde 0.95, sat 0.72"
"WARNING",61341,"GRH 61341 (tex_5087.png)",15,8,215,"Grass","Grass",1.000,1,"Assets/AOMigrator/MapVisualV063/Generated/Sprites/GRH_61341.asset","Assets/AOMigrator/MapVisualV063/Textures/tex_5087.png",".png",1,1,0,0,1,"INVALID_CROP_DIMENSIONS","Predominio verde 0.92, sat 0.69"
"WARNING",61345,"GRH 61345 (tex_5087.png)",15,8,215,"Grass","Grass",1.000,1,"Assets/AOMigrator/MapVisualV063/Generated/Sprites/GRH_61345.asset","Assets/AOMigrator/MapVisualV063/Textures/tex_5087.png",".png",1,1,0,0,1,"INVALID_CROP_DIMENSIONS","Predominio verde 0.71, sat 0.66"
"WARNING",61353,"GRH 61353 (tex_5087.png)",15,8,215,"Dirt","Dirt",1.000,1,"Assets/AOMigrator/MapVisualV063/Generated/Sprites/GRH_61353.asset","Assets/AOMigrator/MapVisualV063/Textures/tex_5087.png",".png",1,1,0,0,1,"INVALID_CROP_DIMENSIONS","Predominio marrón 0.79, sat 0.57"
"WARNING",6241,"GRH 6241 (tex_6003.png)",14,8,214,"Grass","Grass",1.000,1,"Assets/AOMigrator/MapVisualV063/Generated/Sprites/GRH_6241.asset","Assets/AOMigrator/MapVisualV063/Textures/tex_6003.png",".png",1,1,0,0,1,"INVALID_CROP_DIMENSIONS","Predominio verde 0.84, sat 0.71"
"WARNING",6242,"GRH 6242 (tex_6003.png)",14,8,214,"Grass","Grass",1.000,1,"Assets/AOMigrator/MapVisualV063/Generated/Sprites/GRH_6242.asset","Assets/AOMigrator/MapVisualV063/Textures/tex_6003.png",".png",1,1,0,0,1,"INVALID_CROP_DIMENSIONS","Predominio verde 0.81, sat 0.71"
"WARNING",6243,"GRH 6243 (tex_6003.png)",14,8,214,"Grass","Grass",1.000,1,"Assets/AOMigrator/MapVisualV063/Generated/Sprites/GRH_6243.asset","Assets/AOMigrator/MapVisualV063/Textures/tex_6003.png",".png",1,1,0,0,1,"INVALID_CROP_DIMENSIONS","Predominio verde 0.89, sat 0.71"
"WARNING",6252,"GRH 6252 (tex_6003.png)",13,8,213,"Grass","Grass",1.000,1,"Assets/AOMigrator/MapVisualV063/Generated/Sprites/GRH_6252.asset","Assets/AOMigrator/MapVisualV063/Textures/tex_6003.png",".png",1,1,0,0,1,"INVALID_CROP_DIMENSIONS","Predominio verde 0.83, sat 0.71"
"WARNING",6385,"GRH 6385 (tex_6215.png)",13,8,213,"Dirt","Dirt",1.000,1,"Assets/AOMigrator/MapVisualV063/Generated/Sprites/GRH_6385.asset","Assets/AOMigrator/MapVisualV063/Textures/tex_6215.png",".png",1,1,0,0,1,"INVALID_CROP_DIMENSIONS","Predominio marrón 0.95, sat 0.48"
"WARNING",61340,"GRH 61340 (tex_5087.png)",13,8,213,"Grass","Grass",1.000,1,"Assets/AOMigrator/MapVisualV063/Generated/Sprites/GRH_61340.asset","Assets/AOMigrator/MapVisualV063/Textures/tex_5087.png",".png",1,1,0,0,1,"INVALID_CROP_DIMENSIONS","Predominio verde 0.93, sat 0.70"
"WARNING",61344,"GRH 61344 (tex_5087.png)",13,8,213,"Grass","Grass",1.000,1,"Assets/AOMigrator/MapVisualV063/Generated/Sprites/GRH_61344.asset","Assets/AOMigrator/MapVisualV063/Textures/tex_5087.png",".png",1,1,0,0,1,"INVALID_CROP_DIMENSIONS","Predominio verde 0.65, sat 0.64"
"WARNING",61348,"GRH 61348 (tex_5087.png)",13,8,213,"Grass","Grass",0.999,1,"Assets/AOMigrator/MapVisualV063/Generated/Sprites/GRH_61348.asset","Assets/AOMigrator/MapVisualV063/Textures/tex_5087.png",".png",1,1,0,0,1,"INVALID_CROP_DIMENSIONS","Predominio verde 0.42, sat 0.61"
"WARNING",61349,"GRH 61349 (tex_5087.png)",13,8,213,"Dirt","Dirt",1.000,1,"Assets/AOMigrator/MapVisualV063/Generated/Sprites/GRH_61349.asset","Assets/AOMigrator/MapVisualV063/Textures/tex_5087.png",".png",1,1,0,0,1,"INVALID_CROP_DIMENSIONS","Predominio marrón 0.87, sat 0.55"
"WARNING",61352,"GRH 61352 (tex_5087.png)",13,8,213,"Grass","Grass",0.987,1,"Assets/AOMigrator/MapVisualV063/Generated/Sprites/GRH_61352.asset","Assets/AOMigrator/MapVisualV063/Textures/tex_5087.png",".png",1,1,0,0,1,"INVALID_CROP_DIMENSIONS","Predominio verde 0.41, sat 0.61"
"WARNING",595,"GRH 595 (tex_100.png)",87,5,212,"Transition","Transition",0.939,1,"Assets/AOMigrator/MapVisualV063/Generated/Sprites/GRH_595.asset","Assets/AOMigrator/MapVisualV063/Textures/tex_100.png",".png",1,1,0,0,1,"INVALID_CROP_DIMENSIONS","Transición: Layer2 100%, cobertura 23%, edge 0.44"
"WARNING",6240,"GRH 6240 (tex_6003.png)",12,8,212,"Grass","Grass",1.000,1,"Assets/AOMigrator/MapVisualV063/Generated/Sprites/GRH_6240.asset","Assets/AOMigrator/MapVisualV063/Textures/tex_6003.png",".png",1,1,0,0,1,"INVALID_CROP_DIMENSIONS","Predominio verde 0.89, sat 0.71"
"WARNING",6386,"GRH 6386 (tex_6215.png)",12,8,212,"Dirt","Dirt",1.000,1,"Assets/AOMigrator/MapVisualV063/Generated/Sprites/GRH_6386.asset","Assets/AOMigrator/MapVisualV063/Textures/tex_6215.png",".png",1,1,0,0,1,"INVALID_CROP_DIMENSIONS","Predominio marrón 0.94, sat 0.47"
"WARNING",16185,"GRH 16185 (tex_5065.png)",37,7,212,"Transition","Transition",0.905,1,"Assets/AOMigrator/MapVisualV063/Generated/Sprites/GRH_16185.asset","Assets/AOMigrator/MapVisualV063/Textures/tex_5065.png",".png",1,1,0,0,1,"INVALID_CROP_DIMENSIONS","Transición: Layer2 100%, cobertura 42%, edge 0.24"
"WARNING",6384,"GRH 6384 (tex_6215.png)",11,8,211,"Grass","Grass",1.000,1,"Assets/AOMigrator/MapVisualV063/Generated/Sprites/GRH_6384.asset","Assets/AOMigrator/MapVisualV063/Textures/tex_6215.png",".png",1,1,0,0,1,"INVALID_CROP_DIMENSIONS","Predominio verde 0.90, sat 0.73"
"WARNING",6387,"GRH 6387 (tex_6215.png)",11,8,211,"Grass","Grass",1.000,1,"Assets/AOMigrator/MapVisualV063/Generated/Sprites/GRH_6387.asset","Assets/AOMigrator/MapVisualV063/Textures/tex_6215.png",".png",1,1,0,0,1,"INVALID_CROP_DIMENSIONS","Predominio verde 0.94, sat 0.72"
"WARNING",17046,"GRH 17046 (tex_5041.png)",35,7,210,"Transition","Transition",0.956,1,"Assets/AOMigrator/MapVisualV063/Generated/Sprites/GRH_17046.asset","Assets/AOMigrator/MapVisualV063/Textures/tex_5041.png",".png",1,1,0,0,1,"INVALID_CROP_DIMENSIONS","Transición: Layer2 100%, cobertura 13%, edge 0.18"
"WARNING",14294,"GRH 14294 (tex_5082.png)",82,5,207,"Dirt","Dirt",1.000,1,"Assets/AOMigrator/MapVisualV063/Generated/Sprites/GRH_14294.asset","Assets/AOMigrator/MapVisualV063/Textures/tex_5082.png",".png",1,1,0,0,1,"INVALID_CROP_DIMENSIONS","Predominio marrón 0.98, sat 0.54"
"WARNING",6498,"GRH 6498 (tex_6215.png)",24,7,199,"Dirt","Dirt",1.000,1,"Assets/AOMigrator/MapVisualV063/Generated/Sprites/GRH_6498.asset","Assets/AOMigrator/MapVisualV063/Textures/tex_6215.png",".png",1,1,0,0,1,"INVALID_CROP_DIMENSIONS","Predominio marrón 0.92, sat 0.48"
"WARNING",6445,"GRH 6445 (tex_6215.png)",23,7,198,"Grass","Grass",1.000,1,"Assets/AOMigrator/MapVisualV063/Generated/Sprites/GRH_6445.asset","Assets/AOMigrator/MapVisualV063/Textures/tex_6215.png",".png",1,1,0,0,1,"INVALID_CROP_DIMENSIONS","Predominio verde 0.95, sat 0.73"
"WARNING",6446,"GRH 6446 (tex_6215.png)",21,7,196,"Grass","Grass",1.000,1,"Assets/AOMigrator/MapVisualV063/Generated/Sprites/GRH_6446.asset","Assets/AOMigrator/MapVisualV063/Textures/tex_6215.png",".png",1,1,0,0,1,"INVALID_CROP_DIMENSIONS","Predominio verde 0.91, sat 0.72"
"WARNING",6502,"GRH 6502 (tex_6215.png)",20,7,195,"Dirt","Dirt",1.000,1,"Assets/AOMigrator/MapVisualV063/Generated/Sprites/GRH_6502.asset","Assets/AOMigrator/MapVisualV063/Textures/tex_6215.png",".png",1,1,0,0,1,"INVALID_CROP_DIMENSIONS","Predominio marrón 1.00, sat 0.44"
"WARNING",6503,"GRH 6503 (tex_6215.png)",20,7,195,"Dirt","Dirt",1.000,1,"Assets/AOMigrator/MapVisualV063/Generated/Sprites/GRH_6503.asset","Assets/AOMigrator/MapVisualV063/Textures/tex_6215.png",".png",1,1,0,0,1,"INVALID_CROP_DIMENSIONS","Predominio marrón 0.97, sat 0.47"
"WARNING",6506,"GRH 6506 (tex_6215.png)",20,7,195,"Dirt","Dirt",1.000,1,"Assets/AOMigrator/MapVisualV063/Generated/Sprites/GRH_6506.asset","Assets/AOMigrator/MapVisualV063/Textures/tex_6215.png",".png",1,1,0,0,1,"INVALID_CROP_DIMENSIONS","Predominio marrón 0.99, sat 0.46"
"WARNING",6507,"GRH 6507 (tex_6215.png)",20,7,195,"Dirt","Dirt",1.000,1,"Assets/AOMigrator/MapVisualV063/Generated/Sprites/GRH_6507.asset","Assets/AOMigrator/MapVisualV063/Textures/tex_6215.png",".png",1,1,0,0,1,"INVALID_CROP_DIMENSIONS","Predominio marrón 1.00, sat 0.45"
"WARNING",6510,"GRH 6510 (tex_6215.png)",20,7,195,"Dirt","Dirt",1.000,1,"Assets/AOMigrator/MapVisualV063/Generated/Sprites/GRH_6510.asset","Assets/AOMigrator/MapVisualV063/Textures/tex_6215.png",".png",1,1,0,0,1,"INVALID_CROP_DIMENSIONS","Predominio marrón 0.98, sat 0.46"
"WARNING",61599,"GRH 61599 (sin textura)",18,7,193,"Unclassified","Unclassified",0.150,0,"","","",0,0,0,1,0,"NO_CLASSIC_SPRITE|NO_SOURCE_TEXTURE_PATH|INVALID_CROP_DIMENSIONS","No se pudo analizar el sprite."
"WARNING",61603,"GRH 61603 (sin textura)",18,7,193,"Unclassified","Unclassified",0.150,0,"","","",0,0,0,1,0,"NO_CLASSIC_SPRITE|NO_SOURCE_TEXTURE_PATH|INVALID_CROP_DIMENSIONS","No se pudo analizar el sprite."
"WARNING",61607,"GRH 61607 (sin textura)",18,7,193,"Unclassified","Unclassified",0.150,0,"","","",0,0,0,1,0,"NO_CLASSIC_SPRITE|NO_SOURCE_TEXTURE_PATH|INVALID_CROP_DIMENSIONS","No se pudo analizar el sprite."
"WARNING",6367,"GRH 6367 (tex_6215.png)",17,7,192,"Grass","Grass",1.000,1,"Assets/AOMigrator/MapVisualV063/Generated/Sprites/GRH_6367.asset","Assets/AOMigrator/MapVisualV063/Textures/tex_6215.png",".png",1,1,0,0,1,"INVALID_CROP_DIMENSIONS","Predominio verde 0.92, sat 0.73"
"WARNING",6511,"GRH 6511 (tex_6215.png)",17,7,192,"Grass","Grass",1.000,1,"Assets/AOMigrator/MapVisualV063/Generated/Sprites/GRH_6511.asset","Assets/AOMigrator/MapVisualV063/Textures/tex_6215.png",".png",1,1,0,0,1,"INVALID_CROP_DIMENSIONS","Predominio verde 0.69, sat 0.68"
"WARNING",61326,"GRH 61326 (tex_5087.png)",17,7,192,"Grass","Grass",1.000,1,"Assets/AOMigrator/MapVisualV063/Generated/Sprites/GRH_61326.asset","Assets/AOMigrator/MapVisualV063/Textures/tex_5087.png",".png",1,1,0,0,1,"INVALID_CROP_DIMENSIONS","Predominio verde 0.87, sat 0.69"
"WARNING",61327,"GRH 61327 (tex_5087.png)",17,7,192,"Grass","Grass",1.000,1,"Assets/AOMigrator/MapVisualV063/Generated/Sprites/GRH_61327.asset","Assets/AOMigrator/MapVisualV063/Textures/tex_5087.png",".png",1,1,0,0,1,"INVALID_CROP_DIMENSIONS","Predominio verde 0.95, sat 0.70"
"WARNING",61330,"GRH 61330 (tex_5087.png)",17,7,192,"Grass","Grass",1.000,1,"Assets/AOMigrator/MapVisualV063/Generated/Sprites/GRH_61330.asset","Assets/AOMigrator/MapVisualV063/Textures/tex_5087.png",".png",1,1,0,0,1,"INVALID_CROP_DIMENSIONS","Predominio verde 0.79, sat 0.67"
"WARNING",61331,"GRH 61331 (tex_5087.png)",17,7,192,"Grass","Grass",1.000,1,"Assets/AOMigrator/MapVisualV063/Generated/Sprites/GRH_61331.asset","Assets/AOMigrator/MapVisualV063/Textures/tex_5087.png",".png",1,1,0,0,1,"INVALID_CROP_DIMENSIONS","Predominio verde 0.57, sat 0.63"
"WARNING",61334,"GRH 61334 (tex_5087.png)",17,7,192,"Grass","Grass",0.993,1,"Assets/AOMigrator/MapVisualV063/Generated/Sprites/GRH_61334.asset","Assets/AOMigrator/MapVisualV063/Textures/tex_5087.png",".png",1,1,0,0,1,"INVALID_CROP_DIMENSIONS","Predominio verde 0.41, sat 0.62"
"WARNING",61335,"GRH 61335 (tex_5087.png)",17,7,192,"Dirt","Dirt",1.000,1,"Assets/AOMigrator/MapVisualV063/Generated/Sprites/GRH_61335.asset","Assets/AOMigrator/MapVisualV063/Textures/tex_5087.png",".png",1,1,0,0,1,"INVALID_CROP_DIMENSIONS","Predominio marrón 0.90, sat 0.58"
"WARNING",61338,"GRH 61338 (tex_5087.png)",17,7,192,"Dirt","Dirt",1.000,1,"Assets/AOMigrator/MapVisualV063/Generated/Sprites/GRH_61338.asset","Assets/AOMigrator/MapVisualV063/Textures/tex_5087.png",".png",1,1,0,0,1,"INVALID_CROP_DIMENSIONS","Predominio marrón 0.83, sat 0.57"
"WARNING",61339,"GRH 61339 (tex_5087.png)",17,7,192,"Dirt","Dirt",1.000,1,"Assets/AOMigrator/MapVisualV063/Generated/Sprites/GRH_61339.asset","Assets/AOMigrator/MapVisualV063/Textures/tex_5087.png",".png",1,1,0,0,1,"INVALID_CROP_DIMENSIONS","Predominio marrón 0.83, sat 0.57"
"WARNING",61212,"GRH 61212 (sin textura)",16,7,191,"Unclassified","Unclassified",0.150,0,"","","",0,0,0,1,0,"NO_CLASSIC_SPRITE|NO_SOURCE_TEXTURE_PATH|INVALID_CROP_DIMENSIONS","No se pudo analizar el sprite."
"WARNING",61213,"GRH 61213 (sin textura)",16,7,191,"Unclassified","Unclassified",0.150,0,"","","",0,0,0,1,0,"NO_CLASSIC_SPRITE|NO_SOURCE_TEXTURE_PATH|INVALID_CROP_DIMENSIONS","No se pudo analizar el sprite."
"WARNING",61216,"GRH 61216 (sin textura)",16,7,191,"Unclassified","Unclassified",0.150,0,"","","",0,0,0,1,0,"NO_CLASSIC_SPRITE|NO_SOURCE_TEXTURE_PATH|INVALID_CROP_DIMENSIONS","No se pudo analizar el sprite."
"WARNING",61217,"GRH 61217 (sin textura)",16,7,191,"Unclassified","Unclassified",0.150,0,"","","",0,0,0,1,0,"NO_CLASSIC_SPRITE|NO_SOURCE_TEXTURE_PATH|INVALID_CROP_DIMENSIONS","No se pudo analizar el sprite."
"WARNING",61220,"GRH 61220 (sin textura)",16,7,191,"Unclassified","Unclassified",0.150,0,"","","",0,0,0,1,0,"NO_CLASSIC_SPRITE|NO_SOURCE_TEXTURE_PATH|INVALID_CROP_DIMENSIONS","No se pudo analizar el sprite."
"WARNING",61221,"GRH 61221 (sin textura)",16,7,191,"Unclassified","Unclassified",0.150,0,"","","",0,0,0,1,0,"NO_CLASSIC_SPRITE|NO_SOURCE_TEXTURE_PATH|INVALID_CROP_DIMENSIONS","No se pudo analizar el sprite."
"WARNING",61224,"GRH 61224 (sin textura)",16,7,191,"Unclassified","Unclassified",0.150,0,"","","",0,0,0,1,0,"NO_CLASSIC_SPRITE|NO_SOURCE_TEXTURE_PATH|INVALID_CROP_DIMENSIONS","No se pudo analizar el sprite."
"WARNING",61225,"GRH 61225 (sin textura)",16,7,191,"Unclassified","Unclassified",0.150,0,"","","",0,0,0,1,0,"NO_CLASSIC_SPRITE|NO_SOURCE_TEXTURE_PATH|INVALID_CROP_DIMENSIONS","No se pudo analizar el sprite."
"WARNING",61241,"GRH 61241 (sin textura)",16,7,191,"Unclassified","Unclassified",0.150,0,"","","",0,0,0,1,0,"NO_CLASSIC_SPRITE|NO_SOURCE_TEXTURE_PATH|INVALID_CROP_DIMENSIONS","No se pudo analizar el sprite."
"WARNING",61229,"GRH 61229 (sin textura)",15,7,190,"Unclassified","Unclassified",0.150,0,"","","",0,0,0,1,0,"NO_CLASSIC_SPRITE|NO_SOURCE_TEXTURE_PATH|INVALID_CROP_DIMENSIONS","No se pudo analizar el sprite."
"WARNING",61233,"GRH 61233 (sin textura)",15,7,190,"Unclassified","Unclassified",0.150,0,"","","",0,0,0,1,0,"NO_CLASSIC_SPRITE|NO_SOURCE_TEXTURE_PATH|INVALID_CROP_DIMENSIONS","No se pudo analizar el sprite."
"WARNING",61237,"GRH 61237 (sin textura)",15,7,190,"Unclassified","Unclassified",0.150,0,"","","",0,0,0,1,0,"NO_CLASSIC_SPRITE|NO_SOURCE_TEXTURE_PATH|INVALID_CROP_DIMENSIONS","No se pudo analizar el sprite."
"WARNING",61350,"GRH 61350 (tex_5087.png)",15,7,190,"Grass","Grass",0.859,1,"Assets/AOMigrator/MapVisualV063/Generated/Sprites/GRH_61350.asset","Assets/AOMigrator/MapVisualV063/Textures/tex_5087.png",".png",1,1,0,0,1,"INVALID_CROP_DIMENSIONS","Predominio verde 0.27, sat 0.58"
"WARNING",61354,"GRH 61354 (tex_5087.png)",15,7,190,"Dirt","Dirt",1.000,1,"Assets/AOMigrator/MapVisualV063/Generated/Sprites/GRH_61354.asset","Assets/AOMigrator/MapVisualV063/Textures/tex_5087.png",".png",1,1,0,0,1,"INVALID_CROP_DIMENSIONS","Predominio marrón 0.96, sat 0.55"
"WARNING",6226,"GRH 6226 (tex_6003.png)",13,7,188,"Grass","Grass",1.000,1,"Assets/AOMigrator/MapVisualV063/Generated/Sprites/GRH_6226.asset","Assets/AOMigrator/MapVisualV063/Textures/tex_6003.png",".png",1,1,0,0,1,"INVALID_CROP_DIMENSIONS","Predominio verde 0.81, sat 0.71"
"WARNING",6230,"GRH 6230 (tex_6003.png)",13,7,188,"Grass","Grass",1.000,1,"Assets/AOMigrator/MapVisualV063/Generated/Sprites/GRH_6230.asset","Assets/AOMigrator/MapVisualV063/Textures/tex_6003.png",".png",1,1,0,0,1,"INVALID_CROP_DIMENSIONS","Predominio verde 0.86, sat 0.71"
"WARNING",6234,"GRH 6234 (tex_6003.png)",13,7,188,"Grass","Grass",1.000,1,"Assets/AOMigrator/MapVisualV063/Generated/Sprites/GRH_6234.asset","Assets/AOMigrator/MapVisualV063/Textures/tex_6003.png",".png",1,1,0,0,1,"INVALID_CROP_DIMENSIONS","Predominio verde 0.78, sat 0.71"
"WARNING",6238,"GRH 6238 (tex_6003.png)",13,7,188,"Grass","Grass",1.000,1,"Assets/AOMigrator/MapVisualV063/Generated/Sprites/GRH_6238.asset","Assets/AOMigrator/MapVisualV063/Textures/tex_6003.png",".png",1,1,0,0,1,"INVALID_CROP_DIMENSIONS","Predominio verde 0.77, sat 0.71"
"WARNING",6355,"GRH 6355 (tex_6215.png)",13,7,188,"Grass","Grass",1.000,1,"Assets/AOMigrator/MapVisualV063/Generated/Sprites/GRH_6355.asset","Assets/AOMigrator/MapVisualV063/Textures/tex_6215.png",".png",1,1,0,0,1,"INVALID_CROP_DIMENSIONS","Predominio verde 0.93, sat 0.73"
"WARNING",61342,"GRH 61342 (tex_5087.png)",13,7,188,"Grass","Grass",1.000,1,"Assets/AOMigrator/MapVisualV063/Generated/Sprites/GRH_61342.asset","Assets/AOMigrator/MapVisualV063/Textures/tex_5087.png",".png",1,1,0,0,1,"INVALID_CROP_DIMENSIONS","Predominio verde 0.88, sat 0.69"
"WARNING",61346,"GRH 61346 (tex_5087.png)",13,7,188,"Grass","Grass",1.000,1,"Assets/AOMigrator/MapVisualV063/Generated/Sprites/GRH_61346.asset","Assets/AOMigrator/MapVisualV063/Textures/tex_5087.png",".png",1,1,0,0,1,"INVALID_CROP_DIMENSIONS","Predominio verde 0.75, sat 0.67"
"WARNING",6199,"GRH 6199 (tex_6003.png)",12,7,187,"Grass","Grass",1.000,1,"Assets/AOMigrator/MapVisualV063/Generated/Sprites/GRH_6199.asset","Assets/AOMigrator/MapVisualV063/Textures/tex_6003.png",".png",1,1,0,0,1,"INVALID_CROP_DIMENSIONS","Predominio verde 0.87, sat 0.71"
"WARNING",6207,"GRH 6207 (tex_6003.png)",12,7,187,"Grass","Grass",1.000,1,"Assets/AOMigrator/MapVisualV063/Generated/Sprites/GRH_6207.asset","Assets/AOMigrator/MapVisualV063/Textures/tex_6003.png",".png",1,1,0,0,1,"INVALID_CROP_DIMENSIONS","Predominio verde 0.88, sat 0.71"
"WARNING",6224,"GRH 6224 (tex_6003.png)",12,7,187,"Grass","Grass",1.000,1,"Assets/AOMigrator/MapVisualV063/Generated/Sprites/GRH_6224.asset","Assets/AOMigrator/MapVisualV063/Textures/tex_6003.png",".png",1,1,0,0,1,"INVALID_CROP_DIMENSIONS","Predominio verde 0.89, sat 0.71"
"WARNING",6225,"GRH 6225 (tex_6003.png)",12,7,187,"Grass","Grass",1.000,1,"Assets/AOMigrator/MapVisualV063/Generated/Sprites/GRH_6225.asset","Assets/AOMigrator/MapVisualV063/Textures/tex_6003.png",".png",1,1,0,0,1,"INVALID_CROP_DIMENSIONS","Predominio verde 0.84, sat 0.71"
"WARNING",6228,"GRH 6228 (tex_6003.png)",12,7,187,"Grass","Grass",1.000,1,"Assets/AOMigrator/MapVisualV063/Generated/Sprites/GRH_6228.asset","Assets/AOMigrator/MapVisualV063/Textures/tex_6003.png",".png",1,1,0,0,1,"INVALID_CROP_DIMENSIONS","Predominio verde 0.88, sat 0.71"
"WARNING",6232,"GRH 6232 (tex_6003.png)",12,7,187,"Grass","Grass",1.000,1,"Assets/AOMigrator/MapVisualV063/Generated/Sprites/GRH_6232.asset","Assets/AOMigrator/MapVisualV063/Textures/tex_6003.png",".png",1,1,0,0,1,"INVALID_CROP_DIMENSIONS","Predominio verde 0.72, sat 0.70"
"WARNING",6233,"GRH 6233 (tex_6003.png)",12,7,187,"Grass","Grass",1.000,1,"Assets/AOMigrator/MapVisualV063/Generated/Sprites/GRH_6233.asset","Assets/AOMigrator/MapVisualV063/Textures/tex_6003.png",".png",1,1,0,0,1,"INVALID_CROP_DIMENSIONS","Predominio verde 0.72, sat 0.71"
"WARNING",6236,"GRH 6236 (tex_6003.png)",12,7,187,"Grass","Grass",1.000,1,"Assets/AOMigrator/MapVisualV063/Generated/Sprites/GRH_6236.asset","Assets/AOMigrator/MapVisualV063/Textures/tex_6003.png",".png",1,1,0,0,1,"INVALID_CROP_DIMENSIONS","Predominio verde 0.82, sat 0.71"
"WARNING",6237,"GRH 6237 (tex_6003.png)",12,7,187,"Grass","Grass",1.000,1,"Assets/AOMigrator/MapVisualV063/Generated/Sprites/GRH_6237.asset","Assets/AOMigrator/MapVisualV063/Textures/tex_6003.png",".png",1,1,0,0,1,"INVALID_CROP_DIMENSIONS","Predominio verde 0.75, sat 0.71"
"WARNING",6364,"GRH 6364 (tex_6215.png)",12,7,187,"Grass","Grass",1.000,1,"Assets/AOMigrator/MapVisualV063/Generated/Sprites/GRH_6364.asset","Assets/AOMigrator/MapVisualV063/Textures/tex_6215.png",".png",1,1,0,0,1,"INVALID_CROP_DIMENSIONS","Predominio verde 0.90, sat 0.72"
"WARNING",61343,"GRH 61343 (tex_5087.png)",12,7,187,"Grass","Grass",1.000,1,"Assets/AOMigrator/MapVisualV063/Generated/Sprites/GRH_61343.asset","Assets/AOMigrator/MapVisualV063/Textures/tex_5087.png",".png",1,1,0,0,1,"INVALID_CROP_DIMENSIONS","Predominio verde 0.94, sat 0.70"
"WARNING",61347,"GRH 61347 (tex_5087.png)",12,7,187,"Grass","Grass",1.000,1,"Assets/AOMigrator/MapVisualV063/Generated/Sprites/GRH_61347.asset","Assets/AOMigrator/MapVisualV063/Textures/tex_5087.png",".png",1,1,0,0,1,"INVALID_CROP_DIMENSIONS","Predominio verde 0.75, sat 0.66"
"WARNING",61351,"GRH 61351 (tex_5087.png)",12,7,187,"Grass","Grass",0.930,1,"Assets/AOMigrator/MapVisualV063/Generated/Sprites/GRH_61351.asset","Assets/AOMigrator/MapVisualV063/Textures/tex_5087.png",".png",1,1,0,0,1,"INVALID_CROP_DIMENSIONS","Predominio verde 0.34, sat 0.60"
"WARNING",61355,"GRH 61355 (tex_5087.png)",12,7,187,"Dirt","Dirt",1.000,1,"Assets/AOMigrator/MapVisualV063/Generated/Sprites/GRH_61355.asset","Assets/AOMigrator/MapVisualV063/Textures/tex_5087.png",".png",1,1,0,0,1,"INVALID_CROP_DIMENSIONS","Predominio marrón 0.89, sat 0.55"
"WARNING",61621,"GRH 61621 (sin textura)",12,7,187,"Unclassified","Unclassified",0.150,0,"","","",0,0,0,1,0,"NO_CLASSIC_SPRITE|NO_SOURCE_TEXTURE_PATH|INVALID_CROP_DIMENSIONS","No se pudo analizar el sprite."
"WARNING",61624,"GRH 61624 (sin textura)",12,7,187,"Unclassified","Unclassified",0.150,0,"","","",0,0,0,1,0,"NO_CLASSIC_SPRITE|NO_SOURCE_TEXTURE_PATH|INVALID_CROP_DIMENSIONS","No se pudo analizar el sprite."
"WARNING",61625,"GRH 61625 (sin textura)",12,7,187,"Unclassified","Unclassified",0.150,0,"","","",0,0,0,1,0,"NO_CLASSIC_SPRITE|NO_SOURCE_TEXTURE_PATH|INVALID_CROP_DIMENSIONS","No se pudo analizar el sprite."
"WARNING",6388,"GRH 6388 (tex_6215.png)",11,7,186,"Grass","Grass",1.000,1,"Assets/AOMigrator/MapVisualV063/Generated/Sprites/GRH_6388.asset","Assets/AOMigrator/MapVisualV063/Textures/tex_6215.png",".png",1,1,0,0,1,"INVALID_CROP_DIMENSIONS","Predominio verde 0.94, sat 0.73"
"WARNING",6353,"GRH 6353 (tex_6215.png)",10,7,185,"Grass","Grass",1.000,1,"Assets/AOMigrator/MapVisualV063/Generated/Sprites/GRH_6353.asset","Assets/AOMigrator/MapVisualV063/Textures/tex_6215.png",".png",1,1,0,0,1,"INVALID_CROP_DIMENSIONS","Predominio verde 0.83, sat 0.71"
"WARNING",6354,"GRH 6354 (tex_6215.png)",10,7,185,"Grass","Grass",1.000,1,"Assets/AOMigrator/MapVisualV063/Generated/Sprites/GRH_6354.asset","Assets/AOMigrator/MapVisualV063/Textures/tex_6215.png",".png",1,1,0,0,1,"INVALID_CROP_DIMENSIONS","Predominio verde 0.75, sat 0.70"
"WARNING",6366,"GRH 6366 (tex_6215.png)",10,7,185,"Dirt","Dirt",1.000,1,"Assets/AOMigrator/MapVisualV063/Generated/Sprites/GRH_6366.asset","Assets/AOMigrator/MapVisualV063/Textures/tex_6215.png",".png",1,1,0,0,1,"INVALID_CROP_DIMENSIONS","Predominio marrón 0.99, sat 0.45"
"WARNING",61712,"GRH 61712 (sin textura)",10,7,185,"Unclassified","Unclassified",0.150,0,"","","",0,0,0,1,0,"NO_CLASSIC_SPRITE|NO_SOURCE_TEXTURE_PATH|INVALID_CROP_DIMENSIONS","No se pudo analizar el sprite."
"WARNING",61716,"GRH 61716 (sin textura)",10,7,185,"Unclassified","Unclassified",0.150,0,"","","",0,0,0,1,0,"NO_CLASSIC_SPRITE|NO_SOURCE_TEXTURE_PATH|INVALID_CROP_DIMENSIONS","No se pudo analizar el sprite."
"WARNING",6389,"GRH 6389 (tex_6215.png)",9,7,184,"Dirt","Dirt",1.000,1,"Assets/AOMigrator/MapVisualV063/Generated/Sprites/GRH_6389.asset","Assets/AOMigrator/MapVisualV063/Textures/tex_6215.png",".png",1,1,0,0,1,"INVALID_CROP_DIMENSIONS","Predominio marrón 0.89, sat 0.50"
"WARNING",6390,"GRH 6390 (tex_6215.png)",9,7,184,"Dirt","Dirt",1.000,1,"Assets/AOMigrator/MapVisualV063/Generated/Sprites/GRH_6390.asset","Assets/AOMigrator/MapVisualV063/Textures/tex_6215.png",".png",1,1,0,0,1,"INVALID_CROP_DIMENSIONS","Predominio marrón 0.88, sat 0.51"
"WARNING",61720,"GRH 61720 (sin textura)",9,7,184,"Unclassified","Unclassified",0.150,0,"","","",0,0,0,1,0,"NO_CLASSIC_SPRITE|NO_SOURCE_TEXTURE_PATH|INVALID_CROP_DIMENSIONS","No se pudo analizar el sprite."
"WARNING",61868,"GRH 61868 (tex_5087.png)",8,7,183,"Dirt","Dirt",1.000,1,"Assets/AOMigrator/MapVisualV063/Generated/Sprites/GRH_61868.asset","Assets/AOMigrator/MapVisualV063/Textures/tex_5087.png",".png",1,1,0,0,1,"INVALID_CROP_DIMENSIONS","Predominio marrón 0.94, sat 0.56"
"WARNING",61869,"GRH 61869 (tex_5087.png)",8,7,183,"Dirt","Dirt",1.000,1,"Assets/AOMigrator/MapVisualV063/Generated/Sprites/GRH_61869.asset","Assets/AOMigrator/MapVisualV063/Textures/tex_5087.png",".png",1,1,0,0,1,"INVALID_CROP_DIMENSIONS","Predominio marrón 0.95, sat 0.56"
"WARNING",61870,"GRH 61870 (tex_5087.png)",8,7,183,"Dirt","Dirt",1.000,1,"Assets/AOMigrator/MapVisualV063/Generated/Sprites/GRH_61870.asset","Assets/AOMigrator/MapVisualV063/Textures/tex_5087.png",".png",1,1,0,0,1,"INVALID_CROP_DIMENSIONS","Predominio marrón 0.90, sat 0.56"
"WARNING",61871,"GRH 61871 (tex_5087.png)",8,7,183,"Grass","Grass",0.885,1,"Assets/AOMigrator/MapVisualV063/Generated/Sprites/GRH_61871.asset","Assets/AOMigrator/MapVisualV063/Textures/tex_5087.png",".png",1,1,0,0,1,"INVALID_CROP_DIMENSIONS","Predominio verde 0.29, sat 0.59"
"WARNING",61872,"GRH 61872 (tex_5087.png)",8,7,183,"Grass","Grass",1.000,1,"Assets/AOMigrator/MapVisualV063/Generated/Sprites/GRH_61872.asset","Assets/AOMigrator/MapVisualV063/Textures/tex_5087.png",".png",1,1,0,0,1,"INVALID_CROP_DIMENSIONS","Predominio verde 0.65, sat 0.64"
"WARNING",61873,"GRH 61873 (tex_5087.png)",8,7,183,"Grass","Grass",1.000,1,"Assets/AOMigrator/MapVisualV063/Generated/Sprites/GRH_61873.asset","Assets/AOMigrator/MapVisualV063/Textures/tex_5087.png",".png",1,1,0,0,1,"INVALID_CROP_DIMENSIONS","Predominio verde 0.62, sat 0.64"
"WARNING",61874,"GRH 61874 (tex_5087.png)",8,7,183,"Grass","Grass",1.000,1,"Assets/AOMigrator/MapVisualV063/Generated/Sprites/GRH_61874.asset","Assets/AOMigrator/MapVisualV063/Textures/tex_5087.png",".png",1,1,0,0,1,"INVALID_CROP_DIMENSIONS","Predominio verde 0.84, sat 0.66"
"WARNING",61876,"GRH 61876 (tex_5087.png)",8,7,183,"Grass","Grass",1.000,1,"Assets/AOMigrator/MapVisualV063/Generated/Sprites/GRH_61876.asset","Assets/AOMigrator/MapVisualV063/Textures/tex_5087.png",".png",1,1,0,0,1,"INVALID_CROP_DIMENSIONS","Predominio verde 0.87, sat 0.69"
"WARNING",61877,"GRH 61877 (tex_5087.png)",8,7,183,"Grass","Grass",1.000,1,"Assets/AOMigrator/MapVisualV063/Generated/Sprites/GRH_61877.asset","Assets/AOMigrator/MapVisualV063/Textures/tex_5087.png",".png",1,1,0,0,1,"INVALID_CROP_DIMENSIONS","Predominio verde 0.84, sat 0.69"
"WARNING",61878,"GRH 61878 (tex_5087.png)",8,7,183,"Grass","Grass",1.000,1,"Assets/AOMigrator/MapVisualV063/Generated/Sprites/GRH_61878.asset","Assets/AOMigrator/MapVisualV063/Textures/tex_5087.png",".png",1,1,0,0,1,"INVALID_CROP_DIMENSIONS","Predominio verde 0.81, sat 0.67"
"WARNING",61879,"GRH 61879 (tex_5087.png)",8,7,183,"Grass","Grass",1.000,1,"Assets/AOMigrator/MapVisualV063/Generated/Sprites/GRH_61879.asset","Assets/AOMigrator/MapVisualV063/Textures/tex_5087.png",".png",1,1,0,0,1,"INVALID_CROP_DIMENSIONS","Predominio verde 0.84, sat 0.69"
"WARNING",61880,"GRH 61880 (tex_5087.png)",8,7,183,"Grass","Grass",1.000,1,"Assets/AOMigrator/MapVisualV063/Generated/Sprites/GRH_61880.asset","Assets/AOMigrator/MapVisualV063/Textures/tex_5087.png",".png",1,1,0,0,1,"INVALID_CROP_DIMENSIONS","Predominio verde 0.88, sat 0.69"
"WARNING",61881,"GRH 61881 (tex_5087.png)",8,7,183,"Grass","Grass",1.000,1,"Assets/AOMigrator/MapVisualV063/Generated/Sprites/GRH_61881.asset","Assets/AOMigrator/MapVisualV063/Textures/tex_5087.png",".png",1,1,0,0,1,"INVALID_CROP_DIMENSIONS","Predominio verde 0.92, sat 0.69"
"WARNING",61882,"GRH 61882 (tex_5087.png)",8,7,183,"Grass","Grass",1.000,1,"Assets/AOMigrator/MapVisualV063/Generated/Sprites/GRH_61882.asset","Assets/AOMigrator/MapVisualV063/Textures/tex_5087.png",".png",1,1,0,0,1,"INVALID_CROP_DIMENSIONS","Predominio verde 0.86, sat 0.68"
"WARNING",61883,"GRH 61883 (tex_5087.png)",8,7,183,"Grass","Grass",1.000,1,"Assets/AOMigrator/MapVisualV063/Generated/Sprites/GRH_61883.asset","Assets/AOMigrator/MapVisualV063/Textures/tex_5087.png",".png",1,1,0,0,1,"INVALID_CROP_DIMENSIONS","Predominio verde 0.81, sat 0.67"
"WARNING",6121,"GRH 6121 (sin textura)",30,6,180,"Unclassified","Unclassified",0.150,0,"","","",0,0,0,1,0,"NO_CLASSIC_SPRITE|NO_SOURCE_TEXTURE_PATH|INVALID_CROP_DIMENSIONS","No se pudo analizar el sprite."
"WARNING",6125,"GRH 6125 (sin textura)",30,6,180,"Unclassified","Unclassified",0.150,0,"","","",0,0,0,1,0,"NO_CLASSIC_SPRITE|NO_SOURCE_TEXTURE_PATH|INVALID_CROP_DIMENSIONS","No se pudo analizar el sprite."
"WARNING",6113,"GRH 6113 (sin textura)",29,6,179,"Unclassified","Unclassified",0.150,0,"","","",0,0,0,1,0,"NO_CLASSIC_SPRITE|NO_SOURCE_TEXTURE_PATH|INVALID_CROP_DIMENSIONS","No se pudo analizar el sprite."
"WARNING",6117,"GRH 6117 (sin textura)",29,6,179,"Unclassified","Unclassified",0.150,0,"","","",0,0,0,1,0,"NO_CLASSIC_SPRITE|NO_SOURCE_TEXTURE_PATH|INVALID_CROP_DIMENSIONS","No se pudo analizar el sprite."
"WARNING",6122,"GRH 6122 (sin textura)",29,6,179,"Unclassified","Unclassified",0.150,0,"","","",0,0,0,1,0,"NO_CLASSIC_SPRITE|NO_SOURCE_TEXTURE_PATH|INVALID_CROP_DIMENSIONS","No se pudo analizar el sprite."
"WARNING",6126,"GRH 6126 (sin textura)",29,6,179,"Unclassified","Unclassified",0.150,0,"","","",0,0,0,1,0,"NO_CLASSIC_SPRITE|NO_SOURCE_TEXTURE_PATH|INVALID_CROP_DIMENSIONS","No se pudo analizar el sprite."
"WARNING",6127,"GRH 6127 (sin textura)",29,6,179,"Unclassified","Unclassified",0.150,0,"","","",0,0,0,1,0,"NO_CLASSIC_SPRITE|NO_SOURCE_TEXTURE_PATH|INVALID_CROP_DIMENSIONS","No se pudo analizar el sprite."
"WARNING",6114,"GRH 6114 (sin textura)",28,6,178,"Unclassified","Unclassified",0.150,0,"","","",0,0,0,1,0,"NO_CLASSIC_SPRITE|NO_SOURCE_TEXTURE_PATH|INVALID_CROP_DIMENSIONS","No se pudo analizar el sprite."
"WARNING",6118,"GRH 6118 (sin textura)",28,6,178,"Unclassified","Unclassified",0.150,0,"","","",0,0,0,1,0,"NO_CLASSIC_SPRITE|NO_SOURCE_TEXTURE_PATH|INVALID_CROP_DIMENSIONS","No se pudo analizar el sprite."
"WARNING",6120,"GRH 6120 (sin textura)",22,6,172,"Unclassified","Unclassified",0.150,0,"","","",0,0,0,1,0,"NO_CLASSIC_SPRITE|NO_SOURCE_TEXTURE_PATH|INVALID_CROP_DIMENSIONS","No se pudo analizar el sprite."
"WARNING",6124,"GRH 6124 (sin textura)",22,6,172,"Unclassified","Unclassified",0.150,0,"","","",0,0,0,1,0,"NO_CLASSIC_SPRITE|NO_SOURCE_TEXTURE_PATH|INVALID_CROP_DIMENSIONS","No se pudo analizar el sprite."
"WARNING",8986,"GRH 8986 (tex_10150.png)",97,3,172,"Floor","Floor",1.000,1,"Assets/AOMigrator/MapVisualV063/Generated/Sprites/GRH_8986.asset","Assets/AOMigrator/MapVisualV063/Textures/tex_10150.png",".png",1,1,0,0,1,"INVALID_CROP_DIMENSIONS","Piso marrón sólido; marrón 0.58, cobertura 1.00"
"WARNING",6112,"GRH 6112 (sin textura)",21,6,171,"Unclassified","Unclassified",0.150,0,"","","",0,0,0,1,0,"NO_CLASSIC_SPRITE|NO_SOURCE_TEXTURE_PATH|INVALID_CROP_DIMENSIONS","No se pudo analizar el sprite."
"WARNING",6116,"GRH 6116 (sin textura)",21,6,171,"Unclassified","Unclassified",0.150,0,"","","",0,0,0,1,0,"NO_CLASSIC_SPRITE|NO_SOURCE_TEXTURE_PATH|INVALID_CROP_DIMENSIONS","No se pudo analizar el sprite."
"WARNING",6497,"GRH 6497 (tex_6215.png)",18,6,168,"Dirt","Dirt",1.000,1,"Assets/AOMigrator/MapVisualV063/Generated/Sprites/GRH_6497.asset","Assets/AOMigrator/MapVisualV063/Textures/tex_6215.png",".png",1,1,0,0,1,"INVALID_CROP_DIMENSIONS","Predominio marrón 0.84, sat 0.51"
"WARNING",6501,"GRH 6501 (tex_6215.png)",18,6,168,"Dirt","Dirt",1.000,1,"Assets/AOMigrator/MapVisualV063/Generated/Sprites/GRH_6501.asset","Assets/AOMigrator/MapVisualV063/Textures/tex_6215.png",".png",1,1,0,0,1,"INVALID_CROP_DIMENSIONS","Predominio marrón 0.91, sat 0.49"
"WARNING",6505,"GRH 6505 (tex_6215.png)",16,6,166,"Dirt","Dirt",1.000,1,"Assets/AOMigrator/MapVisualV063/Generated/Sprites/GRH_6505.asset","Assets/AOMigrator/MapVisualV063/Textures/tex_6215.png",".png",1,1,0,0,1,"INVALID_CROP_DIMENSIONS","Predominio marrón 0.90, sat 0.49"
"WARNING",6307,"GRH 6307 (tex_6215.png)",14,6,164,"Grass","Grass",1.000,1,"Assets/AOMigrator/MapVisualV063/Generated/Sprites/GRH_6307.asset","Assets/AOMigrator/MapVisualV063/Textures/tex_6215.png",".png",1,1,0,0,1,"INVALID_CROP_DIMENSIONS","Predominio verde 0.94, sat 0.72"
"WARNING",6509,"GRH 6509 (tex_6215.png)",14,6,164,"Dirt","Dirt",1.000,1,"Assets/AOMigrator/MapVisualV063/Generated/Sprites/GRH_6509.asset","Assets/AOMigrator/MapVisualV063/Textures/tex_6215.png",".png",1,1,0,0,1,"INVALID_CROP_DIMENSIONS","Predominio marrón 0.96, sat 0.47"
"WARNING",61242,"GRH 61242 (sin textura)",14,6,164,"Unclassified","Unclassified",0.150,0,"","","",0,0,0,1,0,"NO_CLASSIC_SPRITE|NO_SOURCE_TEXTURE_PATH|INVALID_CROP_DIMENSIONS","No se pudo analizar el sprite."
"WARNING",61243,"GRH 61243 (sin textura)",14,6,164,"Unclassified","Unclassified",0.150,0,"","","",0,0,0,1,0,"NO_CLASSIC_SPRITE|NO_SOURCE_TEXTURE_PATH|INVALID_CROP_DIMENSIONS","No se pudo analizar el sprite."
"WARNING",6304,"GRH 6304 (tex_6215.png)",13,6,163,"Grass","Grass",1.000,1,"Assets/AOMigrator/MapVisualV063/Generated/Sprites/GRH_6304.asset","Assets/AOMigrator/MapVisualV063/Textures/tex_6215.png",".png",1,1,0,0,1,"INVALID_CROP_DIMENSIONS","Predominio verde 0.89, sat 0.72"
"WARNING",8637,"GRH 8637 (tex_7516.png)",88,3,163,"Floor","Floor",1.000,1,"Assets/AOMigrator/MapVisualV063/Generated/Sprites/GRH_8637.asset","Assets/AOMigrator/MapVisualV063/Textures/tex_7516.png",".png",1,1,0,0,1,"INVALID_CROP_DIMENSIONS","Piso neutro; gris 1.00, sat 0.03"
"WARNING",6067,"GRH 6067 (sin textura)",37,5,162,"Unclassified","Unclassified",0.150,0,"","","",0,0,0,1,0,"NO_CLASSIC_SPRITE|NO_SOURCE_TEXTURE_PATH|INVALID_CROP_DIMENSIONS","No se pudo analizar el sprite."
"WARNING",6068,"GRH 6068 (sin textura)",37,5,162,"Unclassified","Unclassified",0.150,0,"","","",0,0,0,1,0,"NO_CLASSIC_SPRITE|NO_SOURCE_TEXTURE_PATH|INVALID_CROP_DIMENSIONS","No se pudo analizar el sprite."
"WARNING",6069,"GRH 6069 (sin textura)",37,5,162,"Unclassified","Unclassified",0.150,0,"","","",0,0,0,1,0,"NO_CLASSIC_SPRITE|NO_SOURCE_TEXTURE_PATH|INVALID_CROP_DIMENSIONS","No se pudo analizar el sprite."
"WARNING",6070,"GRH 6070 (sin textura)",37,5,162,"Unclassified","Unclassified",0.150,0,"","","",0,0,0,1,0,"NO_CLASSIC_SPRITE|NO_SOURCE_TEXTURE_PATH|INVALID_CROP_DIMENSIONS","No se pudo analizar el sprite."
"WARNING",6071,"GRH 6071 (sin textura)",37,5,162,"Unclassified","Unclassified",0.150,0,"","","",0,0,0,1,0,"NO_CLASSIC_SPRITE|NO_SOURCE_TEXTURE_PATH|INVALID_CROP_DIMENSIONS","No se pudo analizar el sprite."
"WARNING",6072,"GRH 6072 (sin textura)",37,5,162,"Unclassified","Unclassified",0.150,0,"","","",0,0,0,1,0,"NO_CLASSIC_SPRITE|NO_SOURCE_TEXTURE_PATH|INVALID_CROP_DIMENSIONS","No se pudo analizar el sprite."
"WARNING",6073,"GRH 6073 (sin textura)",37,5,162,"Unclassified","Unclassified",0.150,0,"","","",0,0,0,1,0,"NO_CLASSIC_SPRITE|NO_SOURCE_TEXTURE_PATH|INVALID_CROP_DIMENSIONS","No se pudo analizar el sprite."
"WARNING",6074,"GRH 6074 (sin textura)",37,5,162,"Unclassified","Unclassified",0.150,0,"","","",0,0,0,1,0,"NO_CLASSIC_SPRITE|NO_SOURCE_TEXTURE_PATH|INVALID_CROP_DIMENSIONS","No se pudo analizar el sprite."
"WARNING",6075,"GRH 6075 (sin textura)",37,5,162,"Unclassified","Unclassified",0.150,0,"","","",0,0,0,1,0,"NO_CLASSIC_SPRITE|NO_SOURCE_TEXTURE_PATH|INVALID_CROP_DIMENSIONS","No se pudo analizar el sprite."
"WARNING",6076,"GRH 6076 (sin textura)",37,5,162,"Unclassified","Unclassified",0.150,0,"","","",0,0,0,1,0,"NO_CLASSIC_SPRITE|NO_SOURCE_TEXTURE_PATH|INVALID_CROP_DIMENSIONS","No se pudo analizar el sprite."
"WARNING",6077,"GRH 6077 (sin textura)",37,5,162,"Unclassified","Unclassified",0.150,0,"","","",0,0,0,1,0,"NO_CLASSIC_SPRITE|NO_SOURCE_TEXTURE_PATH|INVALID_CROP_DIMENSIONS","No se pudo analizar el sprite."
"WARNING",6078,"GRH 6078 (sin textura)",37,5,162,"Unclassified","Unclassified",0.150,0,"","","",0,0,0,1,0,"NO_CLASSIC_SPRITE|NO_SOURCE_TEXTURE_PATH|INVALID_CROP_DIMENSIONS","No se pudo analizar el sprite."
"WARNING",6079,"GRH 6079 (sin textura)",37,5,162,"Unclassified","Unclassified",0.150,0,"","","",0,0,0,1,0,"NO_CLASSIC_SPRITE|NO_SOURCE_TEXTURE_PATH|INVALID_CROP_DIMENSIONS","No se pudo analizar el sprite."
"WARNING",6306,"GRH 6306 (tex_6215.png)",12,6,162,"Grass","Grass",1.000,1,"Assets/AOMigrator/MapVisualV063/Generated/Sprites/GRH_6306.asset","Assets/AOMigrator/MapVisualV063/Textures/tex_6215.png",".png",1,1,0,0,1,"INVALID_CROP_DIMENSIONS","Predominio verde 0.80, sat 0.69"
"WARNING",6064,"GRH 6064 (sin textura)",36,5,161,"Unclassified","Unclassified",0.150,0,"","","",0,0,0,1,0,"NO_CLASSIC_SPRITE|NO_SOURCE_TEXTURE_PATH|INVALID_CROP_DIMENSIONS","No se pudo analizar el sprite."
"WARNING",6066,"GRH 6066 (sin textura)",36,5,161,"Unclassified","Unclassified",0.150,0,"","","",0,0,0,1,0,"NO_CLASSIC_SPRITE|NO_SOURCE_TEXTURE_PATH|INVALID_CROP_DIMENSIONS","No se pudo analizar el sprite."
"WARNING",6305,"GRH 6305 (tex_6215.png)",11,6,161,"Grass","Grass",1.000,1,"Assets/AOMigrator/MapVisualV063/Generated/Sprites/GRH_6305.asset","Assets/AOMigrator/MapVisualV063/Textures/tex_6215.png",".png",1,1,0,0,1,"INVALID_CROP_DIMENSIONS","Predominio verde 0.88, sat 0.72"
"WARNING",6359,"GRH 6359 (tex_6215.png)",11,6,161,"Grass","Grass",1.000,1,"Assets/AOMigrator/MapVisualV063/Generated/Sprites/GRH_6359.asset","Assets/AOMigrator/MapVisualV063/Textures/tex_6215.png",".png",1,1,0,0,1,"INVALID_CROP_DIMENSIONS","Predominio verde 0.90, sat 0.73"
"WARNING",6361,"GRH 6361 (tex_6215.png)",11,6,161,"Dirt","Dirt",1.000,1,"Assets/AOMigrator/MapVisualV063/Generated/Sprites/GRH_6361.asset","Assets/AOMigrator/MapVisualV063/Textures/tex_6215.png",".png",1,1,0,0,1,"INVALID_CROP_DIMENSIONS","Predominio marrón 0.98, sat 0.48"
"WARNING",6363,"GRH 6363 (tex_6215.png)",11,6,161,"Grass","Grass",1.000,1,"Assets/AOMigrator/MapVisualV063/Generated/Sprites/GRH_6363.asset","Assets/AOMigrator/MapVisualV063/Textures/tex_6215.png",".png",1,1,0,0,1,"INVALID_CROP_DIMENSIONS","Predominio verde 0.84, sat 0.72"
"WARNING",85214,"GRH 85214 (sin textura)",61,4,161,"Unclassified","Unclassified",0.150,0,"","","",0,0,0,1,0,"NO_CLASSIC_SPRITE|NO_SOURCE_TEXTURE_PATH|INVALID_CROP_DIMENSIONS","No se pudo analizar el sprite."
"WARNING",6106,"GRH 6106 (sin textura)",35,5,160,"Unclassified","Unclassified",0.150,0,"","","",0,0,0,1,0,"NO_CLASSIC_SPRITE|NO_SOURCE_TEXTURE_PATH|INVALID_CROP_DIMENSIONS","No se pudo analizar el sprite."
"WARNING",6110,"GRH 6110 (sin textura)",35,5,160,"Unclassified","Unclassified",0.150,0,"","","",0,0,0,1,0,"NO_CLASSIC_SPRITE|NO_SOURCE_TEXTURE_PATH|INVALID_CROP_DIMENSIONS","No se pudo analizar el sprite."
"WARNING",6227,"GRH 6227 (tex_6003.png)",10,6,160,"Grass","Grass",1.000,1,"Assets/AOMigrator/MapVisualV063/Generated/Sprites/GRH_6227.asset","Assets/AOMigrator/MapVisualV063/Textures/tex_6003.png",".png",1,1,0,0,1,"INVALID_CROP_DIMENSIONS","Predominio verde 0.89, sat 0.71"
"WARNING",6231,"GRH 6231 (tex_6003.png)",10,6,160,"Grass","Grass",1.000,1,"Assets/AOMigrator/MapVisualV063/Generated/Sprites/GRH_6231.asset","Assets/AOMigrator/MapVisualV063/Textures/tex_6003.png",".png",1,1,0,0,1,"INVALID_CROP_DIMENSIONS","Predominio verde 0.87, sat 0.71"
"WARNING",6235,"GRH 6235 (tex_6003.png)",10,6,160,"Grass","Grass",1.000,1,"Assets/AOMigrator/MapVisualV063/Generated/Sprites/GRH_6235.asset","Assets/AOMigrator/MapVisualV063/Textures/tex_6003.png",".png",1,1,0,0,1,"INVALID_CROP_DIMENSIONS","Predominio verde 0.81, sat 0.71"
"WARNING",6239,"GRH 6239 (tex_6003.png)",10,6,160,"Grass","Grass",1.000,1,"Assets/AOMigrator/MapVisualV063/Generated/Sprites/GRH_6239.asset","Assets/AOMigrator/MapVisualV063/Textures/tex_6003.png",".png",1,1,0,0,1,"INVALID_CROP_DIMENSIONS","Predominio verde 0.88, sat 0.71"
"WARNING",6420,"GRH 6420 (sin textura)",10,6,160,"Unclassified","Unclassified",0.150,0,"","","",0,0,0,1,0,"NO_CLASSIC_SPRITE|NO_SOURCE_TEXTURE_PATH|INVALID_CROP_DIMENSIONS","No se pudo analizar el sprite."
"WARNING",6428,"GRH 6428 (sin textura)",10,6,160,"Unclassified","Unclassified",0.150,0,"","","",0,0,0,1,0,"NO_CLASSIC_SPRITE|NO_SOURCE_TEXTURE_PATH|INVALID_CROP_DIMENSIONS","No se pudo analizar el sprite."
"WARNING",6098,"GRH 6098 (sin textura)",34,5,159,"Unclassified","Unclassified",0.150,0,"","","",0,0,0,1,0,"NO_CLASSIC_SPRITE|NO_SOURCE_TEXTURE_PATH|INVALID_CROP_DIMENSIONS","No se pudo analizar el sprite."
"WARNING",6102,"GRH 6102 (sin textura)",34,5,159,"Unclassified","Unclassified",0.150,0,"","","",0,0,0,1,0,"NO_CLASSIC_SPRITE|NO_SOURCE_TEXTURE_PATH|INVALID_CROP_DIMENSIONS","No se pudo analizar el sprite."
"WARNING",6104,"GRH 6104 (sin textura)",34,5,159,"Unclassified","Unclassified",0.150,0,"","","",0,0,0,1,0,"NO_CLASSIC_SPRITE|NO_SOURCE_TEXTURE_PATH|INVALID_CROP_DIMENSIONS","No se pudo analizar el sprite."
"WARNING",6105,"GRH 6105 (sin textura)",34,5,159,"Unclassified","Unclassified",0.150,0,"","","",0,0,0,1,0,"NO_CLASSIC_SPRITE|NO_SOURCE_TEXTURE_PATH|INVALID_CROP_DIMENSIONS","No se pudo analizar el sprite."
"WARNING",6108,"GRH 6108 (sin textura)",34,5,159,"Unclassified","Unclassified",0.150,0,"","","",0,0,0,1,0,"NO_CLASSIC_SPRITE|NO_SOURCE_TEXTURE_PATH|INVALID_CROP_DIMENSIONS","No se pudo analizar el sprite."
"WARNING",6109,"GRH 6109 (sin textura)",34,5,159,"Unclassified","Unclassified",0.150,0,"","","",0,0,0,1,0,"NO_CLASSIC_SPRITE|NO_SOURCE_TEXTURE_PATH|INVALID_CROP_DIMENSIONS","No se pudo analizar el sprite."
"WARNING",6365,"GRH 6365 (tex_6215.png)",9,6,159,"Dirt","Dirt",1.000,1,"Assets/AOMigrator/MapVisualV063/Generated/Sprites/GRH_6365.asset","Assets/AOMigrator/MapVisualV063/Textures/tex_6215.png",".png",1,1,0,0,1,"INVALID_CROP_DIMENSIONS","Predominio marrón 0.89, sat 0.49"
"WARNING",6096,"GRH 6096 (sin textura)",33,5,158,"Unclassified","Unclassified",0.150,0,"","","",0,0,0,1,0,"NO_CLASSIC_SPRITE|NO_SOURCE_TEXTURE_PATH|INVALID_CROP_DIMENSIONS","No se pudo analizar el sprite."
"WARNING",6097,"GRH 6097 (sin textura)",33,5,158,"Unclassified","Unclassified",0.150,0,"","","",0,0,0,1,0,"NO_CLASSIC_SPRITE|NO_SOURCE_TEXTURE_PATH|INVALID_CROP_DIMENSIONS","No se pudo analizar el sprite."
"WARNING",6100,"GRH 6100 (sin textura)",33,5,158,"Unclassified","Unclassified",0.150,0,"","","",0,0,0,1,0,"NO_CLASSIC_SPRITE|NO_SOURCE_TEXTURE_PATH|INVALID_CROP_DIMENSIONS","No se pudo analizar el sprite."
"WARNING",6101,"GRH 6101 (sin textura)",33,5,158,"Unclassified","Unclassified",0.150,0,"","","",0,0,0,1,0,"NO_CLASSIC_SPRITE|NO_SOURCE_TEXTURE_PATH|INVALID_CROP_DIMENSIONS","No se pudo analizar el sprite."
"WARNING",6360,"GRH 6360 (tex_6215.png)",8,6,158,"Grass","Grass",1.000,1,"Assets/AOMigrator/MapVisualV063/Generated/Sprites/GRH_6360.asset","Assets/AOMigrator/MapVisualV063/Textures/tex_6215.png",".png",1,1,0,0,1,"INVALID_CROP_DIMENSIONS","Predominio verde 0.88, sat 0.73"
"WARNING",6392,"GRH 6392 (tex_6215.png)",8,6,158,"Grass","Grass",1.000,1,"Assets/AOMigrator/MapVisualV063/Generated/Sprites/GRH_6392.asset","Assets/AOMigrator/MapVisualV063/Textures/tex_6215.png",".png",1,1,0,0,1,"INVALID_CROP_DIMENSIONS","Predominio verde 0.89, sat 0.73"
"WARNING",6393,"GRH 6393 (tex_6215.png)",8,6,158,"Grass","Grass",0.881,1,"Assets/AOMigrator/MapVisualV063/Generated/Sprites/GRH_6393.asset","Assets/AOMigrator/MapVisualV063/Textures/tex_6215.png",".png",1,1,0,0,1,"INVALID_CROP_DIMENSIONS","Predominio verde 0.29, sat 0.57"
"WARNING",6394,"GRH 6394 (tex_6215.png)",8,6,158,"Grass","Grass",0.823,1,"Assets/AOMigrator/MapVisualV063/Generated/Sprites/GRH_6394.asset","Assets/AOMigrator/MapVisualV063/Textures/tex_6215.png",".png",1,1,0,0,1,"INVALID_CROP_DIMENSIONS","Predominio verde 0.23, sat 0.56"
"WARNING",6395,"GRH 6395 (tex_6215.png)",8,6,158,"Grass","Grass",1.000,1,"Assets/AOMigrator/MapVisualV063/Generated/Sprites/GRH_6395.asset","Assets/AOMigrator/MapVisualV063/Textures/tex_6215.png",".png",1,1,0,0,1,"INVALID_CROP_DIMENSIONS","Predominio verde 0.92, sat 0.72"
"WARNING",6396,"GRH 6396 (tex_6215.png)",8,6,158,"Grass","Grass",1.000,1,"Assets/AOMigrator/MapVisualV063/Generated/Sprites/GRH_6396.asset","Assets/AOMigrator/MapVisualV063/Textures/tex_6215.png",".png",1,1,0,0,1,"INVALID_CROP_DIMENSIONS","Predominio verde 0.88, sat 0.73"
"WARNING",6397,"GRH 6397 (tex_6215.png)",8,6,158,"Grass","Grass",1.000,1,"Assets/AOMigrator/MapVisualV063/Generated/Sprites/GRH_6397.asset","Assets/AOMigrator/MapVisualV063/Textures/tex_6215.png",".png",1,1,0,0,1,"INVALID_CROP_DIMENSIONS","Predominio verde 0.86, sat 0.72"
"WARNING",6398,"GRH 6398 (tex_6215.png)",8,6,158,"Grass","Grass",1.000,1,"Assets/AOMigrator/MapVisualV063/Generated/Sprites/GRH_6398.asset","Assets/AOMigrator/MapVisualV063/Textures/tex_6215.png",".png",1,1,0,0,1,"INVALID_CROP_DIMENSIONS","Predominio verde 0.83, sat 0.71"
"WARNING",6399,"GRH 6399 (tex_6215.png)",8,6,158,"Grass","Grass",1.000,1,"Assets/AOMigrator/MapVisualV063/Generated/Sprites/GRH_6399.asset","Assets/AOMigrator/MapVisualV063/Textures/tex_6215.png",".png",1,1,0,0,1,"INVALID_CROP_DIMENSIONS","Predominio verde 0.90, sat 0.72"
"WARNING",61713,"GRH 61713 (sin textura)",8,6,158,"Unclassified","Unclassified",0.150,0,"","","",0,0,0,1,0,"NO_CLASSIC_SPRITE|NO_SOURCE_TEXTURE_PATH|INVALID_CROP_DIMENSIONS","No se pudo analizar el sprite."
"WARNING",61714,"GRH 61714 (sin textura)",8,6,158,"Unclassified","Unclassified",0.150,0,"","","",0,0,0,1,0,"NO_CLASSIC_SPRITE|NO_SOURCE_TEXTURE_PATH|INVALID_CROP_DIMENSIONS","No se pudo analizar el sprite."
"WARNING",61715,"GRH 61715 (sin textura)",8,6,158,"Unclassified","Unclassified",0.150,0,"","","",0,0,0,1,0,"NO_CLASSIC_SPRITE|NO_SOURCE_TEXTURE_PATH|INVALID_CROP_DIMENSIONS","No se pudo analizar el sprite."
"WARNING",61717,"GRH 61717 (sin textura)",8,6,158,"Unclassified","Unclassified",0.150,0,"","","",0,0,0,1,0,"NO_CLASSIC_SPRITE|NO_SOURCE_TEXTURE_PATH|INVALID_CROP_DIMENSIONS","No se pudo analizar el sprite."
"WARNING",61718,"GRH 61718 (sin textura)",8,6,158,"Unclassified","Unclassified",0.150,0,"","","",0,0,0,1,0,"NO_CLASSIC_SPRITE|NO_SOURCE_TEXTURE_PATH|INVALID_CROP_DIMENSIONS","No se pudo analizar el sprite."
"WARNING",61719,"GRH 61719 (sin textura)",8,6,158,"Unclassified","Unclassified",0.150,0,"","","",0,0,0,1,0,"NO_CLASSIC_SPRITE|NO_SOURCE_TEXTURE_PATH|INVALID_CROP_DIMENSIONS","No se pudo analizar el sprite."
"WARNING",61721,"GRH 61721 (sin textura)",7,6,157,"Unclassified","Unclassified",0.150,0,"","","",0,0,0,1,0,"NO_CLASSIC_SPRITE|NO_SOURCE_TEXTURE_PATH|INVALID_CROP_DIMENSIONS","No se pudo analizar el sprite."
"WARNING",61722,"GRH 61722 (sin textura)",7,6,157,"Unclassified","Unclassified",0.150,0,"","","",0,0,0,1,0,"NO_CLASSIC_SPRITE|NO_SOURCE_TEXTURE_PATH|INVALID_CROP_DIMENSIONS","No se pudo analizar el sprite."
"WARNING",61723,"GRH 61723 (sin textura)",7,6,157,"Unclassified","Unclassified",0.150,0,"","","",0,0,0,1,0,"NO_CLASSIC_SPRITE|NO_SOURCE_TEXTURE_PATH|INVALID_CROP_DIMENSIONS","No se pudo analizar el sprite."
"WARNING",85184,"GRH 85184 (sin textura)",54,4,154,"Unclassified","Unclassified",0.150,0,"","","",0,0,0,1,0,"NO_CLASSIC_SPRITE|NO_SOURCE_TEXTURE_PATH|INVALID_CROP_DIMENSIONS","No se pudo analizar el sprite."
"WARNING",8987,"GRH 8987 (tex_10150.png)",73,3,148,"Floor","Floor",1.000,1,"Assets/AOMigrator/MapVisualV063/Generated/Sprites/GRH_8987.asset","Assets/AOMigrator/MapVisualV063/Textures/tex_10150.png",".png",1,1,0,0,1,"INVALID_CROP_DIMENSIONS","Piso marrón sólido; marrón 0.65, cobertura 1.00"
"WARNING",14293,"GRH 14293 (sin textura)",20,5,145,"Unclassified","Unclassified",0.150,0,"","","",0,0,0,1,0,"NO_CLASSIC_SPRITE|NO_SOURCE_TEXTURE_PATH|INVALID_CROP_DIMENSIONS","No se pudo analizar el sprite."
"WARNING",19876,"GRH 19876 (sin textura)",20,5,145,"Unclassified","Unclassified",0.150,0,"","","",0,0,0,1,0,"NO_CLASSIC_SPRITE|NO_SOURCE_TEXTURE_PATH|INVALID_CROP_DIMENSIONS","No se pudo analizar el sprite."
"WARNING",19877,"GRH 19877 (sin textura)",20,5,145,"Unclassified","Unclassified",0.150,0,"","","",0,0,0,1,0,"NO_CLASSIC_SPRITE|NO_SOURCE_TEXTURE_PATH|INVALID_CROP_DIMENSIONS","No se pudo analizar el sprite."
"WARNING",19879,"GRH 19879 (sin textura)",20,5,145,"Unclassified","Unclassified",0.150,0,"","","",0,0,0,1,0,"NO_CLASSIC_SPRITE|NO_SOURCE_TEXTURE_PATH|INVALID_CROP_DIMENSIONS","No se pudo analizar el sprite."
"WARNING",61235,"GRH 61235 (sin textura)",18,5,143,"Unclassified","Unclassified",0.150,0,"","","",0,0,0,1,0,"NO_CLASSIC_SPRITE|NO_SOURCE_TEXTURE_PATH|INVALID_CROP_DIMENSIONS","No se pudo analizar el sprite."
"WARNING",6496,"GRH 6496 (tex_6215.png)",16,5,141,"Grass","Grass",1.000,1,"Assets/AOMigrator/MapVisualV063/Generated/Sprites/GRH_6496.asset","Assets/AOMigrator/MapVisualV063/Textures/tex_6215.png",".png",1,1,0,0,1,"INVALID_CROP_DIMENSIONS","Predominio verde 0.94, sat 0.72"
"WARNING",6500,"GRH 6500 (tex_6215.png)",16,5,141,"Grass","Grass",1.000,1,"Assets/AOMigrator/MapVisualV063/Generated/Sprites/GRH_6500.asset","Assets/AOMigrator/MapVisualV063/Textures/tex_6215.png",".png",1,1,0,0,1,"INVALID_CROP_DIMENSIONS","Predominio verde 0.88, sat 0.72"
"WARNING",61630,"GRH 61630 (tex_5087.png)",16,5,141,"Dirt","Dirt",1.000,1,"Assets/AOMigrator/MapVisualV063/Generated/Sprites/GRH_61630.asset","Assets/AOMigrator/MapVisualV063/Textures/tex_5087.png",".png",1,1,0,0,1,"INVALID_CROP_DIMENSIONS","Predominio marrón 1.00, sat 0.56"
"WARNING",61631,"GRH 61631 (tex_5087.png)",16,5,141,"Dirt","Dirt",1.000,1,"Assets/AOMigrator/MapVisualV063/Generated/Sprites/GRH_61631.asset","Assets/AOMigrator/MapVisualV063/Textures/tex_5087.png",".png",1,1,0,0,1,"INVALID_CROP_DIMENSIONS","Predominio marrón 1.00, sat 0.56"
"WARNING",61634,"GRH 61634 (tex_5087.png)",16,5,141,"Dirt","Dirt",1.000,1,"Assets/AOMigrator/MapVisualV063/Generated/Sprites/GRH_61634.asset","Assets/AOMigrator/MapVisualV063/Textures/tex_5087.png",".png",1,1,0,0,1,"INVALID_CROP_DIMENSIONS","Predominio marrón 0.88, sat 0.56"
"WARNING",61635,"GRH 61635 (tex_5087.png)",16,5,141,"Dirt","Dirt",1.000,1,"Assets/AOMigrator/MapVisualV063/Generated/Sprites/GRH_61635.asset","Assets/AOMigrator/MapVisualV063/Textures/tex_5087.png",".png",1,1,0,0,1,"INVALID_CROP_DIMENSIONS","Predominio marrón 0.85, sat 0.56"
"WARNING",61638,"GRH 61638 (tex_5087.png)",16,5,141,"Dirt","Dirt",1.000,1,"Assets/AOMigrator/MapVisualV063/Generated/Sprites/GRH_61638.asset","Assets/AOMigrator/MapVisualV063/Textures/tex_5087.png",".png",1,1,0,0,1,"INVALID_CROP_DIMENSIONS","Predominio marrón 0.89, sat 0.56"
"WARNING",61639,"GRH 61639 (tex_5087.png)",16,5,141,"Grass","Grass",0.863,1,"Assets/AOMigrator/MapVisualV063/Generated/Sprites/GRH_61639.asset","Assets/AOMigrator/MapVisualV063/Textures/tex_5087.png",".png",1,1,0,0,1,"INVALID_CROP_DIMENSIONS","Predominio verde 0.27, sat 0.59"
"WARNING",61642,"GRH 61642 (tex_5087.png)",16,5,141,"Dirt","Dirt",1.000,1,"Assets/AOMigrator/MapVisualV063/Generated/Sprites/GRH_61642.asset","Assets/AOMigrator/MapVisualV063/Textures/tex_5087.png",".png",1,1,0,0,1,"INVALID_CROP_DIMENSIONS","Predominio marrón 0.81, sat 0.58"
"WARNING",61643,"GRH 61643 (tex_5087.png)",16,5,141,"Dirt","Dirt",1.000,1,"Assets/AOMigrator/MapVisualV063/Generated/Sprites/GRH_61643.asset","Assets/AOMigrator/MapVisualV063/Textures/tex_5087.png",".png",1,1,0,0,1,"INVALID_CROP_DIMENSIONS","Predominio marrón 1.00, sat 0.54"
"WARNING",6537,"GRH 6537 (tex_6215.png)",15,5,140,"Dirt","Dirt",1.000,1,"Assets/AOMigrator/MapVisualV063/Generated/Sprites/GRH_6537.asset","Assets/AOMigrator/MapVisualV063/Textures/tex_6215.png",".png",1,1,0,0,1,"INVALID_CROP_DIMENSIONS","Predominio marrón 0.99, sat 0.43"
"WARNING",6504,"GRH 6504 (tex_6215.png)",14,5,139,"Grass","Grass",1.000,1,"Assets/AOMigrator/MapVisualV063/Generated/Sprites/GRH_6504.asset","Assets/AOMigrator/MapVisualV063/Textures/tex_6215.png",".png",1,1,0,0,1,"INVALID_CROP_DIMENSIONS","Predominio verde 0.95, sat 0.72"
"WARNING",6508,"GRH 6508 (tex_6215.png)",14,5,139,"Grass","Grass",1.000,1,"Assets/AOMigrator/MapVisualV063/Generated/Sprites/GRH_6508.asset","Assets/AOMigrator/MapVisualV063/Textures/tex_6215.png",".png",1,1,0,0,1,"INVALID_CROP_DIMENSIONS","Predominio verde 0.92, sat 0.72"
"WARNING",6488,"GRH 6488 (tex_6215.png)",13,5,138,"Dirt","Dirt",1.000,1,"Assets/AOMigrator/MapVisualV063/Generated/Sprites/GRH_6488.asset","Assets/AOMigrator/MapVisualV063/Textures/tex_6215.png",".png",1,1,0,0,1,"INVALID_CROP_DIMENSIONS","Predominio marrón 0.97, sat 0.46"
"WARNING",6489,"GRH 6489 (tex_6215.png)",13,5,138,"Dirt","Dirt",1.000,1,"Assets/AOMigrator/MapVisualV063/Generated/Sprites/GRH_6489.asset","Assets/AOMigrator/MapVisualV063/Textures/tex_6215.png",".png",1,1,0,0,1,"INVALID_CROP_DIMENSIONS","Predominio marrón 1.00, sat 0.44"
"WARNING",6490,"GRH 6490 (tex_6215.png)",13,5,138,"Dirt","Dirt",1.000,1,"Assets/AOMigrator/MapVisualV063/Generated/Sprites/GRH_6490.asset","Assets/AOMigrator/MapVisualV063/Textures/tex_6215.png",".png",1,1,0,0,1,"INVALID_CROP_DIMENSIONS","Predominio marrón 1.00, sat 0.44"
"WARNING",6491,"GRH 6491 (tex_6215.png)",13,5,138,"Dirt","Dirt",1.000,1,"Assets/AOMigrator/MapVisualV063/Generated/Sprites/GRH_6491.asset","Assets/AOMigrator/MapVisualV063/Textures/tex_6215.png",".png",1,1,0,0,1,"INVALID_CROP_DIMENSIONS","Predominio marrón 0.99, sat 0.45"
"WARNING",6492,"GRH 6492 (tex_6215.png)",13,5,138,"Grass","Grass",1.000,1,"Assets/AOMigrator/MapVisualV063/Generated/Sprites/GRH_6492.asset","Assets/AOMigrator/MapVisualV063/Textures/tex_6215.png",".png",1,1,0,0,1,"INVALID_CROP_DIMENSIONS","Predominio verde 0.81, sat 0.69"
"WARNING",6493,"GRH 6493 (tex_6215.png)",13,5,138,"Dirt","Dirt",1.000,1,"Assets/AOMigrator/MapVisualV063/Generated/Sprites/GRH_6493.asset","Assets/AOMigrator/MapVisualV063/Textures/tex_6215.png",".png",1,1,0,0,1,"INVALID_CROP_DIMENSIONS","Predominio marrón 0.97, sat 0.46"
"WARNING",6494,"GRH 6494 (tex_6215.png)",13,5,138,"Dirt","Dirt",1.000,1,"Assets/AOMigrator/MapVisualV063/Generated/Sprites/GRH_6494.asset","Assets/AOMigrator/MapVisualV063/Textures/tex_6215.png",".png",1,1,0,0,1,"INVALID_CROP_DIMENSIONS","Predominio marrón 0.96, sat 0.46"
"WARNING",6495,"GRH 6495 (tex_6215.png)",13,5,138,"Grass","Grass",1.000,1,"Assets/AOMigrator/MapVisualV063/Generated/Sprites/GRH_6495.asset","Assets/AOMigrator/MapVisualV063/Textures/tex_6215.png",".png",1,1,0,0,1,"INVALID_CROP_DIMENSIONS","Predominio verde 0.71, sat 0.68"
"WARNING",17055,"GRH 17055 (tex_5041.png)",13,5,138,"Transition","Transition",0.946,1,"Assets/AOMigrator/MapVisualV063/Generated/Sprites/GRH_17055.asset","Assets/AOMigrator/MapVisualV063/Textures/tex_5041.png",".png",1,1,0,0,1,"INVALID_CROP_DIMENSIONS","Transición: Layer2 100%, cobertura 19%, edge 0.41"
"WARNING",61230,"GRH 61230 (sin textura)",13,5,138,"Unclassified","Unclassified",0.150,0,"","","",0,0,0,1,0,"NO_CLASSIC_SPRITE|NO_SOURCE_TEXTURE_PATH|INVALID_CROP_DIMENSIONS","No se pudo analizar el sprite."
"WARNING",61231,"GRH 61231 (sin textura)",13,5,138,"Unclassified","Unclassified",0.150,0,"","","",0,0,0,1,0,"NO_CLASSIC_SPRITE|NO_SOURCE_TEXTURE_PATH|INVALID_CROP_DIMENSIONS","No se pudo analizar el sprite."
"WARNING",61234,"GRH 61234 (sin textura)",13,5,138,"Unclassified","Unclassified",0.150,0,"","","",0,0,0,1,0,"NO_CLASSIC_SPRITE|NO_SOURCE_TEXTURE_PATH|INVALID_CROP_DIMENSIONS","No se pudo analizar el sprite."
"WARNING",61238,"GRH 61238 (sin textura)",13,5,138,"Unclassified","Unclassified",0.150,0,"","","",0,0,0,1,0,"NO_CLASSIC_SPRITE|NO_SOURCE_TEXTURE_PATH|INVALID_CROP_DIMENSIONS","No se pudo analizar el sprite."
"WARNING",61239,"GRH 61239 (sin textura)",13,5,138,"Unclassified","Unclassified",0.150,0,"","","",0,0,0,1,0,"NO_CLASSIC_SPRITE|NO_SOURCE_TEXTURE_PATH|INVALID_CROP_DIMENSIONS","No se pudo analizar el sprite."
"WARNING",6541,"GRH 6541 (tex_6215.png)",12,5,137,"Dirt","Dirt",1.000,1,"Assets/AOMigrator/MapVisualV063/Generated/Sprites/GRH_6541.asset","Assets/AOMigrator/MapVisualV063/Textures/tex_6215.png",".png",1,1,0,0,1,"INVALID_CROP_DIMENSIONS","Predominio marrón 0.92, sat 0.48"
"WARNING",6480,"GRH 6480 (tex_6215.png)",11,5,136,"Grass","Grass",1.000,1,"Assets/AOMigrator/MapVisualV063/Generated/Sprites/GRH_6480.asset","Assets/AOMigrator/MapVisualV063/Textures/tex_6215.png",".png",1,1,0,0,1,"INVALID_CROP_DIMENSIONS","Predominio verde 0.89, sat 0.71"
"WARNING",6481,"GRH 6481 (tex_6215.png)",11,5,136,"Grass","Grass",1.000,1,"Assets/AOMigrator/MapVisualV063/Generated/Sprites/GRH_6481.asset","Assets/AOMigrator/MapVisualV063/Textures/tex_6215.png",".png",1,1,0,0,1,"INVALID_CROP_DIMENSIONS","Predominio verde 0.96, sat 0.72"
"WARNING",6482,"GRH 6482 (tex_6215.png)",11,5,136,"Grass","Grass",1.000,1,"Assets/AOMigrator/MapVisualV063/Generated/Sprites/GRH_6482.asset","Assets/AOMigrator/MapVisualV063/Textures/tex_6215.png",".png",1,1,0,0,1,"INVALID_CROP_DIMENSIONS","Predominio verde 0.95, sat 0.72"
"WARNING",6483,"GRH 6483 (tex_6215.png)",11,5,136,"Grass","Grass",1.000,1,"Assets/AOMigrator/MapVisualV063/Generated/Sprites/GRH_6483.asset","Assets/AOMigrator/MapVisualV063/Textures/tex_6215.png",".png",1,1,0,0,1,"INVALID_CROP_DIMENSIONS","Predominio verde 0.89, sat 0.72"
"WARNING",6484,"GRH 6484 (tex_6215.png)",11,5,136,"Dirt","Dirt",1.000,1,"Assets/AOMigrator/MapVisualV063/Generated/Sprites/GRH_6484.asset","Assets/AOMigrator/MapVisualV063/Textures/tex_6215.png",".png",1,1,0,0,1,"INVALID_CROP_DIMENSIONS","Predominio marrón 0.96, sat 0.46"
"WARNING",6485,"GRH 6485 (tex_6215.png)",11,5,136,"Dirt","Dirt",1.000,1,"Assets/AOMigrator/MapVisualV063/Generated/Sprites/GRH_6485.asset","Assets/AOMigrator/MapVisualV063/Textures/tex_6215.png",".png",1,1,0,0,1,"INVALID_CROP_DIMENSIONS","Predominio marrón 0.94, sat 0.48"
"WARNING",6486,"GRH 6486 (tex_6215.png)",11,5,136,"Dirt","Dirt",1.000,1,"Assets/AOMigrator/MapVisualV063/Generated/Sprites/GRH_6486.asset","Assets/AOMigrator/MapVisualV063/Textures/tex_6215.png",".png",1,1,0,0,1,"INVALID_CROP_DIMENSIONS","Predominio marrón 0.83, sat 0.50"
"WARNING",6487,"GRH 6487 (tex_6215.png)",11,5,136,"Dirt","Dirt",1.000,1,"Assets/AOMigrator/MapVisualV063/Generated/Sprites/GRH_6487.asset","Assets/AOMigrator/MapVisualV063/Textures/tex_6215.png",".png",1,1,0,0,1,"INVALID_CROP_DIMENSIONS","Predominio marrón 0.90, sat 0.49"
"WARNING",6543,"GRH 6543 (tex_6215.png)",11,5,136,"Grass","Grass",1.000,1,"Assets/AOMigrator/MapVisualV063/Generated/Sprites/GRH_6543.asset","Assets/AOMigrator/MapVisualV063/Textures/tex_6215.png",".png",1,1,0,0,1,"INVALID_CROP_DIMENSIONS","Predominio verde 0.69, sat 0.68"
"WARNING",6210,"GRH 6210 (sin textura)",10,5,135,"Unclassified","Unclassified",0.150,0,"","","",0,0,0,1,0,"NO_CLASSIC_SPRITE|NO_SOURCE_TEXTURE_PATH|INVALID_CROP_DIMENSIONS","No se pudo analizar el sprite."
"WARNING",6211,"GRH 6211 (sin textura)",10,5,135,"Unclassified","Unclassified",0.150,0,"","","",0,0,0,1,0,"NO_CLASSIC_SPRITE|NO_SOURCE_TEXTURE_PATH|INVALID_CROP_DIMENSIONS","No se pudo analizar el sprite."
"WARNING",6214,"GRH 6214 (sin textura)",10,5,135,"Unclassified","Unclassified",0.150,0,"","","",0,0,0,1,0,"NO_CLASSIC_SPRITE|NO_SOURCE_TEXTURE_PATH|INVALID_CROP_DIMENSIONS","No se pudo analizar el sprite."
"WARNING",6215,"GRH 6215 (sin textura)",10,5,135,"Unclassified","Unclassified",0.150,0,"","","",0,0,0,1,0,"NO_CLASSIC_SPRITE|NO_SOURCE_TEXTURE_PATH|INVALID_CROP_DIMENSIONS","No se pudo analizar el sprite."
"WARNING",6218,"GRH 6218 (sin textura)",10,5,135,"Unclassified","Unclassified",0.150,0,"","","",0,0,0,1,0,"NO_CLASSIC_SPRITE|NO_SOURCE_TEXTURE_PATH|INVALID_CROP_DIMENSIONS","No se pudo analizar el sprite."
"WARNING",6219,"GRH 6219 (sin textura)",10,5,135,"Unclassified","Unclassified",0.150,0,"","","",0,0,0,1,0,"NO_CLASSIC_SPRITE|NO_SOURCE_TEXTURE_PATH|INVALID_CROP_DIMENSIONS","No se pudo analizar el sprite."
"WARNING",6222,"GRH 6222 (sin textura)",10,5,135,"Unclassified","Unclassified",0.150,0,"","","",0,0,0,1,0,"NO_CLASSIC_SPRITE|NO_SOURCE_TEXTURE_PATH|INVALID_CROP_DIMENSIONS","No se pudo analizar el sprite."
"WARNING",6223,"GRH 6223 (sin textura)",10,5,135,"Unclassified","Unclassified",0.150,0,"","","",0,0,0,1,0,"NO_CLASSIC_SPRITE|NO_SOURCE_TEXTURE_PATH|INVALID_CROP_DIMENSIONS","No se pudo analizar el sprite."
"WARNING",6356,"GRH 6356 (tex_6215.png)",10,5,135,"Grass","Grass",1.000,1,"Assets/AOMigrator/MapVisualV063/Generated/Sprites/GRH_6356.asset","Assets/AOMigrator/MapVisualV063/Textures/tex_6215.png",".png",1,1,0,0,1,"INVALID_CROP_DIMENSIONS","Predominio verde 0.93, sat 0.73"
"WARNING",60972,"GRH 60972 (tex_5087.png)",10,5,135,"Dirt","Dirt",1.000,1,"Assets/AOMigrator/MapVisualV063/Generated/Sprites/GRH_60972.asset","Assets/AOMigrator/MapVisualV063/Textures/tex_5087.png",".png",1,1,0,0,1,"INVALID_CROP_DIMENSIONS","Predominio marrón 0.94, sat 0.55"
"WARNING",60976,"GRH 60976 (tex_5087.png)",10,5,135,"Dirt","Dirt",1.000,1,"Assets/AOMigrator/MapVisualV063/Generated/Sprites/GRH_60976.asset","Assets/AOMigrator/MapVisualV063/Textures/tex_5087.png",".png",1,1,0,0,1,"INVALID_CROP_DIMENSIONS","Predominio marrón 0.94, sat 0.52"
"WARNING",60980,"GRH 60980 (tex_5087.png)",10,5,135,"Dirt","Dirt",1.000,1,"Assets/AOMigrator/MapVisualV063/Generated/Sprites/GRH_60980.asset","Assets/AOMigrator/MapVisualV063/Textures/tex_5087.png",".png",1,1,0,0,1,"INVALID_CROP_DIMENSIONS","Predominio marrón 0.94, sat 0.55"
"WARNING",6528,"GRH 6528 (tex_6215.png)",9,5,134,"Grass","Grass",1.000,1,"Assets/AOMigrator/MapVisualV063/Generated/Sprites/GRH_6528.asset","Assets/AOMigrator/MapVisualV063/Textures/tex_6215.png",".png",1,1,0,0,1,"INVALID_CROP_DIMENSIONS","Predominio verde 0.80, sat 0.71"
"WARNING",6529,"GRH 6529 (tex_6215.png)",9,5,134,"Dirt","Dirt",1.000,1,"Assets/AOMigrator/MapVisualV063/Generated/Sprites/GRH_6529.asset","Assets/AOMigrator/MapVisualV063/Textures/tex_6215.png",".png",1,1,0,0,1,"INVALID_CROP_DIMENSIONS","Predominio marrón 0.90, sat 0.49"
"WARNING",6532,"GRH 6532 (tex_6215.png)",9,5,134,"Dirt","Dirt",1.000,1,"Assets/AOMigrator/MapVisualV063/Generated/Sprites/GRH_6532.asset","Assets/AOMigrator/MapVisualV063/Textures/tex_6215.png",".png",1,1,0,0,1,"INVALID_CROP_DIMENSIONS","Predominio marrón 0.89, sat 0.49"
"WARNING",6533,"GRH 6533 (tex_6215.png)",9,5,134,"Dirt","Dirt",1.000,1,"Assets/AOMigrator/MapVisualV063/Generated/Sprites/GRH_6533.asset","Assets/AOMigrator/MapVisualV063/Textures/tex_6215.png",".png",1,1,0,0,1,"INVALID_CROP_DIMENSIONS","Predominio marrón 1.00, sat 0.44"
"WARNING",6535,"GRH 6535 (tex_6215.png)",9,5,134,"Dirt","Dirt",1.000,1,"Assets/AOMigrator/MapVisualV063/Generated/Sprites/GRH_6535.asset","Assets/AOMigrator/MapVisualV063/Textures/tex_6215.png",".png",1,1,0,0,1,"INVALID_CROP_DIMENSIONS","Predominio marrón 0.99, sat 0.45"
"WARNING",6536,"GRH 6536 (tex_6215.png)",9,5,134,"Dirt","Dirt",1.000,1,"Assets/AOMigrator/MapVisualV063/Generated/Sprites/GRH_6536.asset","Assets/AOMigrator/MapVisualV063/Textures/tex_6215.png",".png",1,1,0,0,1,"INVALID_CROP_DIMENSIONS","Predominio marrón 0.98, sat 0.46"
"WARNING",6539,"GRH 6539 (tex_6215.png)",9,5,134,"Dirt","Dirt",1.000,1,"Assets/AOMigrator/MapVisualV063/Generated/Sprites/GRH_6539.asset","Assets/AOMigrator/MapVisualV063/Textures/tex_6215.png",".png",1,1,0,0,1,"INVALID_CROP_DIMENSIONS","Predominio marrón 0.99, sat 0.45"
"WARNING",6540,"GRH 6540 (tex_6215.png)",9,5,134,"Grass","Grass",1.000,1,"Assets/AOMigrator/MapVisualV063/Generated/Sprites/GRH_6540.asset","Assets/AOMigrator/MapVisualV063/Textures/tex_6215.png",".png",1,1,0,0,1,"INVALID_CROP_DIMENSIONS","Predominio verde 0.83, sat 0.70"
"WARNING",61480,"GRH 61480 (sin textura)",9,5,134,"Unclassified","Unclassified",0.150,0,"","","",0,0,0,1,0,"NO_CLASSIC_SPRITE|NO_SOURCE_TEXTURE_PATH|INVALID_CROP_DIMENSIONS","No se pudo analizar el sprite."
"WARNING",61481,"GRH 61481 (sin textura)",9,5,134,"Unclassified","Unclassified",0.150,0,"","","",0,0,0,1,0,"NO_CLASSIC_SPRITE|NO_SOURCE_TEXTURE_PATH|INVALID_CROP_DIMENSIONS","No se pudo analizar el sprite."
"WARNING",6357,"GRH 6357 (tex_6215.png)",8,5,133,"Dirt","Dirt",1.000,1,"Assets/AOMigrator/MapVisualV063/Generated/Sprites/GRH_6357.asset","Assets/AOMigrator/MapVisualV063/Textures/tex_6215.png",".png",1,1,0,0,1,"INVALID_CROP_DIMENSIONS","Predominio marrón 0.83, sat 0.55"
"WARNING",6358,"GRH 6358 (tex_6215.png)",8,5,133,"Dirt","Dirt",1.000,1,"Assets/AOMigrator/MapVisualV063/Generated/Sprites/GRH_6358.asset","Assets/AOMigrator/MapVisualV063/Textures/tex_6215.png",".png",1,1,0,0,1,"INVALID_CROP_DIMENSIONS","Predominio marrón 0.84, sat 0.55"
"WARNING",6362,"GRH 6362 (tex_6215.png)",8,5,133,"Dirt","Dirt",1.000,1,"Assets/AOMigrator/MapVisualV063/Generated/Sprites/GRH_6362.asset","Assets/AOMigrator/MapVisualV063/Textures/tex_6215.png",".png",1,1,0,0,1,"INVALID_CROP_DIMENSIONS","Predominio marrón 0.99, sat 0.48"
"WARNING",6416,"GRH 6416 (sin textura)",8,5,133,"Unclassified","Unclassified",0.150,0,"","","",0,0,0,1,0,"NO_CLASSIC_SPRITE|NO_SOURCE_TEXTURE_PATH|INVALID_CROP_DIMENSIONS","No se pudo analizar el sprite."
"WARNING",60984,"GRH 60984 (tex_5087.png)",8,5,133,"Dirt","Dirt",1.000,1,"Assets/AOMigrator/MapVisualV063/Generated/Sprites/GRH_60984.asset","Assets/AOMigrator/MapVisualV063/Textures/tex_5087.png",".png",1,1,0,0,1,"INVALID_CROP_DIMENSIONS","Predominio marrón 0.86, sat 0.56"
"WARNING",61472,"GRH 61472 (sin textura)",8,5,133,"Unclassified","Unclassified",0.150,0,"","","",0,0,0,1,0,"NO_CLASSIC_SPRITE|NO_SOURCE_TEXTURE_PATH|INVALID_CROP_DIMENSIONS","No se pudo analizar el sprite."
"WARNING",61473,"GRH 61473 (sin textura)",8,5,133,"Unclassified","Unclassified",0.150,0,"","","",0,0,0,1,0,"NO_CLASSIC_SPRITE|NO_SOURCE_TEXTURE_PATH|INVALID_CROP_DIMENSIONS","No se pudo analizar el sprite."
"WARNING",61476,"GRH 61476 (sin textura)",8,5,133,"Unclassified","Unclassified",0.150,0,"","","",0,0,0,1,0,"NO_CLASSIC_SPRITE|NO_SOURCE_TEXTURE_PATH|INVALID_CROP_DIMENSIONS","No se pudo analizar el sprite."
"WARNING",61477,"GRH 61477 (sin textura)",8,5,133,"Unclassified","Unclassified",0.150,0,"","","",0,0,0,1,0,"NO_CLASSIC_SPRITE|NO_SOURCE_TEXTURE_PATH|INVALID_CROP_DIMENSIONS","No se pudo analizar el sprite."
"WARNING",61516,"GRH 61516 (tex_5087.png)",8,5,133,"Grass","Grass",1.000,1,"Assets/AOMigrator/MapVisualV063/Generated/Sprites/GRH_61516.asset","Assets/AOMigrator/MapVisualV063/Textures/tex_5087.png",".png",1,1,0,0,1,"INVALID_CROP_DIMENSIONS","Predominio verde 0.64, sat 0.68"
"WARNING",61517,"GRH 61517 (tex_5087.png)",8,5,133,"Grass","Grass",1.000,1,"Assets/AOMigrator/MapVisualV063/Generated/Sprites/GRH_61517.asset","Assets/AOMigrator/MapVisualV063/Textures/tex_5087.png",".png",1,1,0,0,1,"INVALID_CROP_DIMENSIONS","Predominio verde 0.54, sat 0.68"
"WARNING",61518,"GRH 61518 (tex_5087.png)",8,5,133,"Grass","Grass",1.000,1,"Assets/AOMigrator/MapVisualV063/Generated/Sprites/GRH_61518.asset","Assets/AOMigrator/MapVisualV063/Textures/tex_5087.png",".png",1,1,0,0,1,"INVALID_CROP_DIMENSIONS","Predominio verde 0.73, sat 0.69"
"WARNING",61519,"GRH 61519 (tex_5087.png)",8,5,133,"Grass","Grass",1.000,1,"Assets/AOMigrator/MapVisualV063/Generated/Sprites/GRH_61519.asset","Assets/AOMigrator/MapVisualV063/Textures/tex_5087.png",".png",1,1,0,0,1,"INVALID_CROP_DIMENSIONS","Predominio verde 0.86, sat 0.69"
"WARNING",61520,"GRH 61520 (tex_5087.png)",8,5,133,"Grass","Grass",1.000,1,"Assets/AOMigrator/MapVisualV063/Generated/Sprites/GRH_61520.asset","Assets/AOMigrator/MapVisualV063/Textures/tex_5087.png",".png",1,1,0,0,1,"INVALID_CROP_DIMENSIONS","Predominio verde 0.66, sat 0.69"
"WARNING",61521,"GRH 61521 (tex_5087.png)",8,5,133,"Dirt","Dirt",1.000,1,"Assets/AOMigrator/MapVisualV063/Generated/Sprites/GRH_61521.asset","Assets/AOMigrator/MapVisualV063/Textures/tex_5087.png",".png",1,1,0,0,1,"INVALID_CROP_DIMENSIONS","Predominio marrón 0.90, sat 0.65"
"WARNING",61522,"GRH 61522 (tex_5087.png)",8,5,133,"Dirt","Dirt",1.000,1,"Assets/AOMigrator/MapVisualV063/Generated/Sprites/GRH_61522.asset","Assets/AOMigrator/MapVisualV063/Textures/tex_5087.png",".png",1,1,0,0,1,"INVALID_CROP_DIMENSIONS","Predominio marrón 0.89, sat 0.66"
"WARNING",61523,"GRH 61523 (tex_5087.png)",8,5,133,"Grass","Grass",1.000,1,"Assets/AOMigrator/MapVisualV063/Generated/Sprites/GRH_61523.asset","Assets/AOMigrator/MapVisualV063/Textures/tex_5087.png",".png",1,1,0,0,1,"INVALID_CROP_DIMENSIONS","Predominio verde 0.71, sat 0.69"
"WARNING",61524,"GRH 61524 (tex_5087.png)",8,5,133,"Grass","Grass",1.000,1,"Assets/AOMigrator/MapVisualV063/Generated/Sprites/GRH_61524.asset","Assets/AOMigrator/MapVisualV063/Textures/tex_5087.png",".png",1,1,0,0,1,"INVALID_CROP_DIMENSIONS","Predominio verde 0.89, sat 0.69"
"WARNING",61525,"GRH 61525 (tex_5087.png)",8,5,133,"Grass","Grass",1.000,1,"Assets/AOMigrator/MapVisualV063/Generated/Sprites/GRH_61525.asset","Assets/AOMigrator/MapVisualV063/Textures/tex_5087.png",".png",1,1,0,0,1,"INVALID_CROP_DIMENSIONS","Predominio verde 0.48, sat 0.68"
"WARNING",61526,"GRH 61526 (tex_5087.png)",8,5,133,"Dirt","Dirt",1.000,1,"Assets/AOMigrator/MapVisualV063/Generated/Sprites/GRH_61526.asset","Assets/AOMigrator/MapVisualV063/Textures/tex_5087.png",".png",1,1,0,0,1,"INVALID_CROP_DIMENSIONS","Predominio marrón 0.80, sat 0.66"
"WARNING",61527,"GRH 61527 (tex_5087.png)",8,5,133,"Grass","Grass",1.000,1,"Assets/AOMigrator/MapVisualV063/Generated/Sprites/GRH_61527.asset","Assets/AOMigrator/MapVisualV063/Textures/tex_5087.png",".png",1,1,0,0,1,"INVALID_CROP_DIMENSIONS","Predominio verde 0.59, sat 0.68"
"WARNING",61528,"GRH 61528 (tex_5087.png)",8,5,133,"Grass","Grass",1.000,1,"Assets/AOMigrator/MapVisualV063/Generated/Sprites/GRH_61528.asset","Assets/AOMigrator/MapVisualV063/Textures/tex_5087.png",".png",1,1,0,0,1,"INVALID_CROP_DIMENSIONS","Predominio verde 0.88, sat 0.69"
"WARNING",61529,"GRH 61529 (tex_5087.png)",8,5,133,"Grass","Grass",1.000,1,"Assets/AOMigrator/MapVisualV063/Generated/Sprites/GRH_61529.asset","Assets/AOMigrator/MapVisualV063/Textures/tex_5087.png",".png",1,1,0,0,1,"INVALID_CROP_DIMENSIONS","Predominio verde 0.91, sat 0.69"
"WARNING",61530,"GRH 61530 (tex_5087.png)",8,5,133,"Grass","Grass",1.000,1,"Assets/AOMigrator/MapVisualV063/Generated/Sprites/GRH_61530.asset","Assets/AOMigrator/MapVisualV063/Textures/tex_5087.png",".png",1,1,0,0,1,"INVALID_CROP_DIMENSIONS","Predominio verde 0.70, sat 0.69"
"WARNING",61531,"GRH 61531 (tex_5087.png)",8,5,133,"Grass","Grass",1.000,1,"Assets/AOMigrator/MapVisualV063/Generated/Sprites/GRH_61531.asset","Assets/AOMigrator/MapVisualV063/Textures/tex_5087.png",".png",1,1,0,0,1,"INVALID_CROP_DIMENSIONS","Predominio verde 0.72, sat 0.69"
"WARNING",61708,"GRH 61708 (sin textura)",8,5,133,"Unclassified","Unclassified",0.150,0,"","","",0,0,0,1,0,"NO_CLASSIC_SPRITE|NO_SOURCE_TEXTURE_PATH|INVALID_CROP_DIMENSIONS","No se pudo analizar el sprite."
"WARNING",6352,"GRH 6352 (tex_6215.png)",7,5,132,"Grass","Grass",1.000,1,"Assets/AOMigrator/MapVisualV063/Generated/Sprites/GRH_6352.asset","Assets/AOMigrator/MapVisualV063/Textures/tex_6215.png",".png",1,1,0,0,1,"INVALID_CROP_DIMENSIONS","Predominio verde 0.92, sat 0.73"
"WARNING",17063,"GRH 17063 (sin textura)",7,5,132,"Unclassified","Unclassified",0.150,0,"","","",0,0,0,1,0,"NO_CLASSIC_SPRITE|NO_SOURCE_TEXTURE_PATH|INVALID_CROP_DIMENSIONS","No se pudo analizar el sprite."
"WARNING",61709,"GRH 61709 (sin textura)",7,5,132,"Unclassified","Unclassified",0.150,0,"","","",0,0,0,1,0,"NO_CLASSIC_SPRITE|NO_SOURCE_TEXTURE_PATH|INVALID_CROP_DIMENSIONS","No se pudo analizar el sprite."
"WARNING",61710,"GRH 61710 (sin textura)",7,5,132,"Unclassified","Unclassified",0.150,0,"","","",0,0,0,1,0,"NO_CLASSIC_SPRITE|NO_SOURCE_TEXTURE_PATH|INVALID_CROP_DIMENSIONS","No se pudo analizar el sprite."
"WARNING",61711,"GRH 61711 (sin textura)",7,5,132,"Unclassified","Unclassified",0.150,0,"","","",0,0,0,1,0,"NO_CLASSIC_SPRITE|NO_SOURCE_TEXTURE_PATH|INVALID_CROP_DIMENSIONS","No se pudo analizar el sprite."
"WARNING",6391,"GRH 6391 (sin textura)",6,5,131,"Unclassified","Unclassified",0.150,0,"","","",0,0,0,1,0,"NO_CLASSIC_SPRITE|NO_SOURCE_TEXTURE_PATH|INVALID_CROP_DIMENSIONS","No se pudo analizar el sprite."
"WARNING",61843,"GRH 61843 (sin textura)",5,5,130,"Unclassified","Unclassified",0.150,0,"","","",0,0,0,1,0,"NO_CLASSIC_SPRITE|NO_SOURCE_TEXTURE_PATH|INVALID_CROP_DIMENSIONS","No se pudo analizar el sprite."
"WARNING",61847,"GRH 61847 (sin textura)",5,5,130,"Unclassified","Unclassified",0.150,0,"","","",0,0,0,1,0,"NO_CLASSIC_SPRITE|NO_SOURCE_TEXTURE_PATH|INVALID_CROP_DIMENSIONS","No se pudo analizar el sprite."
"WARNING",8988,"GRH 8988 (tex_10150.png)",54,3,129,"Floor","Floor",1.000,1,"Assets/AOMigrator/MapVisualV063/Generated/Sprites/GRH_8988.asset","Assets/AOMigrator/MapVisualV063/Textures/tex_10150.png",".png",1,1,0,0,1,"INVALID_CROP_DIMENSIONS","Piso marrón sólido; marrón 0.76, cobertura 1.00"
"WARNING",85254,"GRH 85254 (sin textura)",24,4,124,"Unclassified","Unclassified",0.150,0,"","","",0,0,0,1,0,"NO_CLASSIC_SPRITE|NO_SOURCE_TEXTURE_PATH|INVALID_CROP_DIMENSIONS","No se pudo analizar el sprite."
"WARNING",8989,"GRH 8989 (tex_10150.png)",48,3,123,"Floor","Floor",1.000,1,"Assets/AOMigrator/MapVisualV063/Generated/Sprites/GRH_8989.asset","Assets/AOMigrator/MapVisualV063/Textures/tex_10150.png",".png",1,1,0,0,1,"INVALID_CROP_DIMENSIONS","Piso marrón sólido; marrón 0.51, cobertura 1.00"
"WARNING",85204,"GRH 85204 (sin textura)",47,3,122,"Unclassified","Unclassified",0.150,0,"","","",0,0,0,1,0,"NO_CLASSIC_SPRITE|NO_SOURCE_TEXTURE_PATH|INVALID_CROP_DIMENSIONS","No se pudo analizar el sprite."
"WARNING",85264,"GRH 85264 (sin textura)",22,4,122,"Unclassified","Unclassified",0.150,0,"","","",0,0,0,1,0,"NO_CLASSIC_SPRITE|NO_SOURCE_TEXTURE_PATH|INVALID_CROP_DIMENSIONS","No se pudo analizar el sprite."
"WARNING",85284,"GRH 85284 (sin textura)",21,4,121,"Unclassified","Unclassified",0.150,0,"","","",0,0,0,1,0,"NO_CLASSIC_SPRITE|NO_SOURCE_TEXTURE_PATH|INVALID_CROP_DIMENSIONS","No se pudo analizar el sprite."
"WARNING",6107,"GRH 6107 (sin textura)",20,4,120,"Unclassified","Unclassified",0.150,0,"","","",0,0,0,1,0,"NO_CLASSIC_SPRITE|NO_SOURCE_TEXTURE_PATH|INVALID_CROP_DIMENSIONS","No se pudo analizar el sprite."
"WARNING",6111,"GRH 6111 (sin textura)",20,4,120,"Unclassified","Unclassified",0.150,0,"","","",0,0,0,1,0,"NO_CLASSIC_SPRITE|NO_SOURCE_TEXTURE_PATH|INVALID_CROP_DIMENSIONS","No se pudo analizar el sprite."
"WARNING",85234,"GRH 85234 (sin textura)",20,4,120,"Unclassified","Unclassified",0.150,0,"","","",0,0,0,1,0,"NO_CLASSIC_SPRITE|NO_SOURCE_TEXTURE_PATH|INVALID_CROP_DIMENSIONS","No se pudo analizar el sprite."
"WARNING",6099,"GRH 6099 (sin textura)",19,4,119,"Unclassified","Unclassified",0.150,0,"","","",0,0,0,1,0,"NO_CLASSIC_SPRITE|NO_SOURCE_TEXTURE_PATH|INVALID_CROP_DIMENSIONS","No se pudo analizar el sprite."
"WARNING",6103,"GRH 6103 (sin textura)",19,4,119,"Unclassified","Unclassified",0.150,0,"","","",0,0,0,1,0,"NO_CLASSIC_SPRITE|NO_SOURCE_TEXTURE_PATH|INVALID_CROP_DIMENSIONS","No se pudo analizar el sprite."
"WARNING",6512,"GRH 6512 (tex_6215.png)",14,4,114,"Grass","Grass",1.000,1,"Assets/AOMigrator/MapVisualV063/Generated/Sprites/GRH_6512.asset","Assets/AOMigrator/MapVisualV063/Textures/tex_6215.png",".png",1,1,0,0,1,"INVALID_CROP_DIMENSIONS","Predominio verde 0.68, sat 0.68"
"WARNING",6513,"GRH 6513 (tex_6215.png)",14,4,114,"Floor","Floor",1.000,1,"Assets/AOMigrator/MapVisualV063/Generated/Sprites/GRH_6513.asset","Assets/AOMigrator/MapVisualV063/Textures/tex_6215.png",".png",1,1,0,0,1,"INVALID_CROP_DIMENSIONS","Piso marrón sólido; marrón 0.97, cobertura 1.00"
"WARNING",6516,"GRH 6516 (tex_6215.png)",14,4,114,"Floor","Floor",1.000,1,"Assets/AOMigrator/MapVisualV063/Generated/Sprites/GRH_6516.asset","Assets/AOMigrator/MapVisualV063/Textures/tex_6215.png",".png",1,1,0,0,1,"INVALID_CROP_DIMENSIONS","Piso marrón sólido; marrón 0.97, cobertura 1.00"
"WARNING",6517,"GRH 6517 (tex_6215.png)",14,4,114,"Floor","Floor",1.000,1,"Assets/AOMigrator/MapVisualV063/Generated/Sprites/GRH_6517.asset","Assets/AOMigrator/MapVisualV063/Textures/tex_6215.png",".png",1,1,0,0,1,"INVALID_CROP_DIMENSIONS","Piso marrón sólido; marrón 1.00, cobertura 1.00"
"WARNING",6518,"GRH 6518 (tex_6215.png)",14,4,114,"Floor","Floor",1.000,1,"Assets/AOMigrator/MapVisualV063/Generated/Sprites/GRH_6518.asset","Assets/AOMigrator/MapVisualV063/Textures/tex_6215.png",".png",1,1,0,0,1,"INVALID_CROP_DIMENSIONS","Piso marrón sólido; marrón 0.88, cobertura 1.00"
"WARNING",6538,"GRH 6538 (tex_6215.png)",14,4,114,"Floor","Floor",1.000,1,"Assets/AOMigrator/MapVisualV063/Generated/Sprites/GRH_6538.asset","Assets/AOMigrator/MapVisualV063/Textures/tex_6215.png",".png",1,1,0,0,1,"INVALID_CROP_DIMENSIONS","Piso marrón sólido; marrón 1.00, cobertura 1.00"
"WARNING",6542,"GRH 6542 (tex_6215.png)",14,4,114,"Floor","Floor",1.000,1,"Assets/AOMigrator/MapVisualV063/Generated/Sprites/GRH_6542.asset","Assets/AOMigrator/MapVisualV063/Textures/tex_6215.png",".png",1,1,0,0,1,"INVALID_CROP_DIMENSIONS","Piso marrón sólido; marrón 0.97, cobertura 1.00"
"WARNING",6514,"GRH 6514 (tex_6215.png)",12,4,112,"Grass","Grass",0.858,1,"Assets/AOMigrator/MapVisualV063/Generated/Sprites/GRH_6514.asset","Assets/AOMigrator/MapVisualV063/Textures/tex_6215.png",".png",1,1,0,0,1,"INVALID_CROP_DIMENSIONS","Predominio verde 0.26, sat 0.54"
"WARNING",6520,"GRH 6520 (tex_6215.png)",12,4,112,"Floor","Floor",1.000,1,"Assets/AOMigrator/MapVisualV063/Generated/Sprites/GRH_6520.asset","Assets/AOMigrator/MapVisualV063/Textures/tex_6215.png",".png",1,1,0,0,1,"INVALID_CROP_DIMENSIONS","Piso marrón sólido; marrón 0.99, cobertura 1.00"
"WARNING",6521,"GRH 6521 (tex_6215.png)",12,4,112,"Floor","Floor",1.000,1,"Assets/AOMigrator/MapVisualV063/Generated/Sprites/GRH_6521.asset","Assets/AOMigrator/MapVisualV063/Textures/tex_6215.png",".png",1,1,0,0,1,"INVALID_CROP_DIMENSIONS","Piso marrón sólido; marrón 1.00, cobertura 1.00"
"WARNING",6524,"GRH 6524 (tex_6215.png)",12,4,112,"Grass","Grass",1.000,1,"Assets/AOMigrator/MapVisualV063/Generated/Sprites/GRH_6524.asset","Assets/AOMigrator/MapVisualV063/Textures/tex_6215.png",".png",1,1,0,0,1,"INVALID_CROP_DIMENSIONS","Predominio verde 0.75, sat 0.67"
"WARNING",6525,"GRH 6525 (tex_6215.png)",12,4,112,"Floor","Floor",1.000,1,"Assets/AOMigrator/MapVisualV063/Generated/Sprites/GRH_6525.asset","Assets/AOMigrator/MapVisualV063/Textures/tex_6215.png",".png",1,1,0,0,1,"INVALID_CROP_DIMENSIONS","Piso marrón sólido; marrón 0.98, cobertura 1.00"
"WARNING",6209,"GRH 6209 (sin textura)",10,4,110,"Unclassified","Unclassified",0.150,0,"","","",0,0,0,1,0,"NO_CLASSIC_SPRITE|NO_SOURCE_TEXTURE_PATH|INVALID_CROP_DIMENSIONS","No se pudo analizar el sprite."
"WARNING",6213,"GRH 6213 (sin textura)",10,4,110,"Unclassified","Unclassified",0.150,0,"","","",0,0,0,1,0,"NO_CLASSIC_SPRITE|NO_SOURCE_TEXTURE_PATH|INVALID_CROP_DIMENSIONS","No se pudo analizar el sprite."
"WARNING",6217,"GRH 6217 (sin textura)",10,4,110,"Unclassified","Unclassified",0.150,0,"","","",0,0,0,1,0,"NO_CLASSIC_SPRITE|NO_SOURCE_TEXTURE_PATH|INVALID_CROP_DIMENSIONS","No se pudo analizar el sprite."
"WARNING",6221,"GRH 6221 (sin textura)",10,4,110,"Unclassified","Unclassified",0.150,0,"","","",0,0,0,1,0,"NO_CLASSIC_SPRITE|NO_SOURCE_TEXTURE_PATH|INVALID_CROP_DIMENSIONS","No se pudo analizar el sprite."
"WARNING",61831,"GRH 61831 (sin textura)",10,4,110,"Unclassified","Unclassified",0.150,0,"","","",0,0,0,1,0,"NO_CLASSIC_SPRITE|NO_SOURCE_TEXTURE_PATH|INVALID_CROP_DIMENSIONS","No se pudo analizar el sprite."
"WARNING",6194,"GRH 6194 (sin textura)",9,4,109,"Unclassified","Unclassified",0.150,0,"","","",0,0,0,1,0,"NO_CLASSIC_SPRITE|NO_SOURCE_TEXTURE_PATH|INVALID_CROP_DIMENSIONS","No se pudo analizar el sprite."
"WARNING",6198,"GRH 6198 (sin textura)",9,4,109,"Unclassified","Unclassified",0.150,0,"","","",0,0,0,1,0,"NO_CLASSIC_SPRITE|NO_SOURCE_TEXTURE_PATH|INVALID_CROP_DIMENSIONS","No se pudo analizar el sprite."
"WARNING",6202,"GRH 6202 (sin textura)",9,4,109,"Unclassified","Unclassified",0.150,0,"","","",0,0,0,1,0,"NO_CLASSIC_SPRITE|NO_SOURCE_TEXTURE_PATH|INVALID_CROP_DIMENSIONS","No se pudo analizar el sprite."
"WARNING",6206,"GRH 6206 (sin textura)",9,4,109,"Unclassified","Unclassified",0.150,0,"","","",0,0,0,1,0,"NO_CLASSIC_SPRITE|NO_SOURCE_TEXTURE_PATH|INVALID_CROP_DIMENSIONS","No se pudo analizar el sprite."
"WARNING",61613,"GRH 61613 (sin textura)",9,4,109,"Unclassified","Unclassified",0.150,0,"","","",0,0,0,1,0,"NO_CLASSIC_SPRITE|NO_SOURCE_TEXTURE_PATH|INVALID_CROP_DIMENSIONS","No se pudo analizar el sprite."
"WARNING",61617,"GRH 61617 (sin textura)",9,4,109,"Unclassified","Unclassified",0.150,0,"","","",0,0,0,1,0,"NO_CLASSIC_SPRITE|NO_SOURCE_TEXTURE_PATH|INVALID_CROP_DIMENSIONS","No se pudo analizar el sprite."
"WARNING",61629,"GRH 61629 (tex_5087.png)",9,4,109,"Floor","Floor",1.000,1,"Assets/AOMigrator/MapVisualV063/Generated/Sprites/GRH_61629.asset","Assets/AOMigrator/MapVisualV063/Textures/tex_5087.png",".png",1,1,0,0,1,"INVALID_CROP_DIMENSIONS","Piso marrón sólido; marrón 1.00, cobertura 1.00"
"WARNING",61632,"GRH 61632 (tex_5087.png)",9,4,109,"Floor","Floor",1.000,1,"Assets/AOMigrator/MapVisualV063/Generated/Sprites/GRH_61632.asset","Assets/AOMigrator/MapVisualV063/Textures/tex_5087.png",".png",1,1,0,0,1,"INVALID_CROP_DIMENSIONS","Piso marrón sólido; marrón 0.99, cobertura 1.00"
"WARNING",61633,"GRH 61633 (tex_5087.png)",9,4,109,"Floor","Floor",1.000,1,"Assets/AOMigrator/MapVisualV063/Generated/Sprites/GRH_61633.asset","Assets/AOMigrator/MapVisualV063/Textures/tex_5087.png",".png",1,1,0,0,1,"INVALID_CROP_DIMENSIONS","Piso marrón sólido; marrón 0.89, cobertura 1.00"
"WARNING",61636,"GRH 61636 (tex_5087.png)",9,4,109,"Floor","Floor",1.000,1,"Assets/AOMigrator/MapVisualV063/Generated/Sprites/GRH_61636.asset","Assets/AOMigrator/MapVisualV063/Textures/tex_5087.png",".png",1,1,0,0,1,"INVALID_CROP_DIMENSIONS","Piso marrón sólido; marrón 1.00, cobertura 1.00"
"WARNING",61637,"GRH 61637 (tex_5087.png)",9,4,109,"Floor","Floor",1.000,1,"Assets/AOMigrator/MapVisualV063/Generated/Sprites/GRH_61637.asset","Assets/AOMigrator/MapVisualV063/Textures/tex_5087.png",".png",1,1,0,0,1,"INVALID_CROP_DIMENSIONS","Piso marrón sólido; marrón 0.99, cobertura 1.00"
"WARNING",61640,"GRH 61640 (tex_5087.png)",9,4,109,"Floor","Floor",1.000,1,"Assets/AOMigrator/MapVisualV063/Generated/Sprites/GRH_61640.asset","Assets/AOMigrator/MapVisualV063/Textures/tex_5087.png",".png",1,1,0,0,1,"INVALID_CROP_DIMENSIONS","Piso marrón sólido; marrón 0.98, cobertura 1.00"
"WARNING",61641,"GRH 61641 (tex_5087.png)",9,4,109,"Floor","Floor",1.000,1,"Assets/AOMigrator/MapVisualV063/Generated/Sprites/GRH_61641.asset","Assets/AOMigrator/MapVisualV063/Textures/tex_5087.png",".png",1,1,0,0,1,"INVALID_CROP_DIMENSIONS","Piso marrón sólido; marrón 0.91, cobertura 1.00"
"WARNING",6179,"GRH 6179 (sin textura)",8,4,108,"Unclassified","Unclassified",0.150,0,"","","",0,0,0,1,0,"NO_CLASSIC_SPRITE|NO_SOURCE_TEXTURE_PATH|INVALID_CROP_DIMENSIONS","No se pudo analizar el sprite."
"WARNING",6192,"GRH 6192 (sin textura)",8,4,108,"Unclassified","Unclassified",0.150,0,"","","",0,0,0,1,0,"NO_CLASSIC_SPRITE|NO_SOURCE_TEXTURE_PATH|INVALID_CROP_DIMENSIONS","No se pudo analizar el sprite."
"WARNING",6193,"GRH 6193 (sin textura)",8,4,108,"Unclassified","Unclassified",0.150,0,"","","",0,0,0,1,0,"NO_CLASSIC_SPRITE|NO_SOURCE_TEXTURE_PATH|INVALID_CROP_DIMENSIONS","No se pudo analizar el sprite."
"WARNING",6196,"GRH 6196 (sin textura)",8,4,108,"Unclassified","Unclassified",0.150,0,"","","",0,0,0,1,0,"NO_CLASSIC_SPRITE|NO_SOURCE_TEXTURE_PATH|INVALID_CROP_DIMENSIONS","No se pudo analizar el sprite."
"WARNING",6197,"GRH 6197 (sin textura)",8,4,108,"Unclassified","Unclassified",0.150,0,"","","",0,0,0,1,0,"NO_CLASSIC_SPRITE|NO_SOURCE_TEXTURE_PATH|INVALID_CROP_DIMENSIONS","No se pudo analizar el sprite."
"WARNING",6200,"GRH 6200 (sin textura)",8,4,108,"Unclassified","Unclassified",0.150,0,"","","",0,0,0,1,0,"NO_CLASSIC_SPRITE|NO_SOURCE_TEXTURE_PATH|INVALID_CROP_DIMENSIONS","No se pudo analizar el sprite."
"WARNING",6201,"GRH 6201 (sin textura)",8,4,108,"Unclassified","Unclassified",0.150,0,"","","",0,0,0,1,0,"NO_CLASSIC_SPRITE|NO_SOURCE_TEXTURE_PATH|INVALID_CROP_DIMENSIONS","No se pudo analizar el sprite."
"WARNING",6204,"GRH 6204 (sin textura)",8,4,108,"Unclassified","Unclassified",0.150,0,"","","",0,0,0,1,0,"NO_CLASSIC_SPRITE|NO_SOURCE_TEXTURE_PATH|INVALID_CROP_DIMENSIONS","No se pudo analizar el sprite."
"WARNING",6205,"GRH 6205 (sin textura)",8,4,108,"Unclassified","Unclassified",0.150,0,"","","",0,0,0,1,0,"NO_CLASSIC_SPRITE|NO_SOURCE_TEXTURE_PATH|INVALID_CROP_DIMENSIONS","No se pudo analizar el sprite."
"WARNING",6208,"GRH 6208 (sin textura)",8,4,108,"Unclassified","Unclassified",0.150,0,"","","",0,0,0,1,0,"NO_CLASSIC_SPRITE|NO_SOURCE_TEXTURE_PATH|INVALID_CROP_DIMENSIONS","No se pudo analizar el sprite."
"WARNING",6212,"GRH 6212 (sin textura)",8,4,108,"Unclassified","Unclassified",0.150,0,"","","",0,0,0,1,0,"NO_CLASSIC_SPRITE|NO_SOURCE_TEXTURE_PATH|INVALID_CROP_DIMENSIONS","No se pudo analizar el sprite."
"WARNING",6216,"GRH 6216 (sin textura)",8,4,108,"Unclassified","Unclassified",0.150,0,"","","",0,0,0,1,0,"NO_CLASSIC_SPRITE|NO_SOURCE_TEXTURE_PATH|INVALID_CROP_DIMENSIONS","No se pudo analizar el sprite."
"WARNING",6220,"GRH 6220 (sin textura)",8,4,108,"Unclassified","Unclassified",0.150,0,"","","",0,0,0,1,0,"NO_CLASSIC_SPRITE|NO_SOURCE_TEXTURE_PATH|INVALID_CROP_DIMENSIONS","No se pudo analizar el sprite."
"WARNING",6530,"GRH 6530 (tex_6215.png)",8,4,108,"Floor","Floor",1.000,1,"Assets/AOMigrator/MapVisualV063/Generated/Sprites/GRH_6530.asset","Assets/AOMigrator/MapVisualV063/Textures/tex_6215.png",".png",1,1,0,0,1,"INVALID_CROP_DIMENSIONS","Piso marrón sólido; marrón 0.95, cobertura 1.00"
"WARNING",6531,"GRH 6531 (tex_6215.png)",8,4,108,"Grass","Grass",1.000,1,"Assets/AOMigrator/MapVisualV063/Generated/Sprites/GRH_6531.asset","Assets/AOMigrator/MapVisualV063/Textures/tex_6215.png",".png",1,1,0,0,1,"INVALID_CROP_DIMENSIONS","Predominio verde 0.88, sat 0.71"
"WARNING",6534,"GRH 6534 (tex_6215.png)",8,4,108,"Floor","Floor",1.000,1,"Assets/AOMigrator/MapVisualV063/Generated/Sprites/GRH_6534.asset","Assets/AOMigrator/MapVisualV063/Textures/tex_6215.png",".png",1,1,0,0,1,"INVALID_CROP_DIMENSIONS","Piso marrón sólido; marrón 1.00, cobertura 1.00"
"WARNING",60973,"GRH 60973 (tex_5087.png)",8,4,108,"Floor","Floor",1.000,1,"Assets/AOMigrator/MapVisualV063/Generated/Sprites/GRH_60973.asset","Assets/AOMigrator/MapVisualV063/Textures/tex_5087.png",".png",1,1,0,0,1,"INVALID_CROP_DIMENSIONS","Piso marrón sólido; marrón 0.92, cobertura 1.00"
"WARNING",60974,"GRH 60974 (tex_5087.png)",8,4,108,"Floor","Floor",1.000,1,"Assets/AOMigrator/MapVisualV063/Generated/Sprites/GRH_60974.asset","Assets/AOMigrator/MapVisualV063/Textures/tex_5087.png",".png",1,1,0,0,1,"INVALID_CROP_DIMENSIONS","Piso marrón sólido; marrón 0.98, cobertura 1.00"
"WARNING",60975,"GRH 60975 (tex_5087.png)",8,4,108,"Floor","Floor",1.000,1,"Assets/AOMigrator/MapVisualV063/Generated/Sprites/GRH_60975.asset","Assets/AOMigrator/MapVisualV063/Textures/tex_5087.png",".png",1,1,0,0,1,"INVALID_CROP_DIMENSIONS","Piso marrón sólido; marrón 0.97, cobertura 1.00"
"WARNING",60977,"GRH 60977 (tex_5087.png)",8,4,108,"Floor","Floor",1.000,1,"Assets/AOMigrator/MapVisualV063/Generated/Sprites/GRH_60977.asset","Assets/AOMigrator/MapVisualV063/Textures/tex_5087.png",".png",1,1,0,0,1,"INVALID_CROP_DIMENSIONS","Piso marrón sólido; marrón 1.00, cobertura 1.00"
"WARNING",60978,"GRH 60978 (tex_5087.png)",8,4,108,"Floor","Floor",1.000,1,"Assets/AOMigrator/MapVisualV063/Generated/Sprites/GRH_60978.asset","Assets/AOMigrator/MapVisualV063/Textures/tex_5087.png",".png",1,1,0,0,1,"INVALID_CROP_DIMENSIONS","Piso marrón sólido; marrón 0.79, cobertura 1.00"
"WARNING",60979,"GRH 60979 (tex_5087.png)",8,4,108,"Grass","Grass",1.000,1,"Assets/AOMigrator/MapVisualV063/Generated/Sprites/GRH_60979.asset","Assets/AOMigrator/MapVisualV063/Textures/tex_5087.png",".png",1,1,0,0,1,"INVALID_CROP_DIMENSIONS","Predominio verde 0.49, sat 0.61"
"WARNING",60981,"GRH 60981 (tex_5087.png)",8,4,108,"Floor","Floor",1.000,1,"Assets/AOMigrator/MapVisualV063/Generated/Sprites/GRH_60981.asset","Assets/AOMigrator/MapVisualV063/Textures/tex_5087.png",".png",1,1,0,0,1,"INVALID_CROP_DIMENSIONS","Piso marrón sólido; marrón 0.84, cobertura 1.00"
"WARNING",60982,"GRH 60982 (tex_5087.png)",8,4,108,"Grass","Grass",1.000,1,"Assets/AOMigrator/MapVisualV063/Generated/Sprites/GRH_60982.asset","Assets/AOMigrator/MapVisualV063/Textures/tex_5087.png",".png",1,1,0,0,1,"INVALID_CROP_DIMENSIONS","Predominio verde 0.61, sat 0.63"
"WARNING",60983,"GRH 60983 (tex_5087.png)",8,4,108,"Grass","Grass",1.000,1,"Assets/AOMigrator/MapVisualV063/Generated/Sprites/GRH_60983.asset","Assets/AOMigrator/MapVisualV063/Textures/tex_5087.png",".png",1,1,0,0,1,"INVALID_CROP_DIMENSIONS","Predominio verde 0.83, sat 0.67"
"WARNING",60985,"GRH 60985 (tex_5087.png)",8,4,108,"Grass","Grass",1.000,1,"Assets/AOMigrator/MapVisualV063/Generated/Sprites/GRH_60985.asset","Assets/AOMigrator/MapVisualV063/Textures/tex_5087.png",".png",1,1,0,0,1,"INVALID_CROP_DIMENSIONS","Predominio verde 0.47, sat 0.62"
"WARNING",60986,"GRH 60986 (tex_5087.png)",8,4,108,"Grass","Grass",1.000,1,"Assets/AOMigrator/MapVisualV063/Generated/Sprites/GRH_60986.asset","Assets/AOMigrator/MapVisualV063/Textures/tex_5087.png",".png",1,1,0,0,1,"INVALID_CROP_DIMENSIONS","Predominio verde 0.64, sat 0.66"
"WARNING",60987,"GRH 60987 (tex_5087.png)",8,4,108,"Grass","Grass",1.000,1,"Assets/AOMigrator/MapVisualV063/Generated/Sprites/GRH_60987.asset","Assets/AOMigrator/MapVisualV063/Textures/tex_5087.png",".png",1,1,0,0,1,"INVALID_CROP_DIMENSIONS","Predominio verde 0.88, sat 0.69"
"WARNING",61388,"GRH 61388 (tex_5087.png)",8,4,108,"Grass","Grass",1.000,1,"Assets/AOMigrator/MapVisualV063/Generated/Sprites/GRH_61388.asset","Assets/AOMigrator/MapVisualV063/Textures/tex_5087.png",".png",1,1,0,0,1,"INVALID_CROP_DIMENSIONS","Predominio verde 0.88, sat 0.69"
"WARNING",61389,"GRH 61389 (tex_5087.png)",8,4,108,"Grass","Grass",1.000,1,"Assets/AOMigrator/MapVisualV063/Generated/Sprites/GRH_61389.asset","Assets/AOMigrator/MapVisualV063/Textures/tex_5087.png",".png",1,1,0,0,1,"INVALID_CROP_DIMENSIONS","Predominio verde 0.73, sat 0.69"
"WARNING",61390,"GRH 61390 (tex_5087.png)",8,4,108,"Grass","Grass",1.000,1,"Assets/AOMigrator/MapVisualV063/Generated/Sprites/GRH_61390.asset","Assets/AOMigrator/MapVisualV063/Textures/tex_5087.png",".png",1,1,0,0,1,"INVALID_CROP_DIMENSIONS","Predominio verde 0.64, sat 0.69"
"WARNING",61391,"GRH 61391 (tex_5087.png)",8,4,108,"Grass","Grass",1.000,1,"Assets/AOMigrator/MapVisualV063/Generated/Sprites/GRH_61391.asset","Assets/AOMigrator/MapVisualV063/Textures/tex_5087.png",".png",1,1,0,0,1,"INVALID_CROP_DIMENSIONS","Predominio verde 0.80, sat 0.69"
"WARNING",61392,"GRH 61392 (tex_5087.png)",8,4,108,"Grass","Grass",1.000,1,"Assets/AOMigrator/MapVisualV063/Generated/Sprites/GRH_61392.asset","Assets/AOMigrator/MapVisualV063/Textures/tex_5087.png",".png",1,1,0,0,1,"INVALID_CROP_DIMENSIONS","Predominio verde 0.76, sat 0.69"
"WARNING",61393,"GRH 61393 (tex_5087.png)",8,4,108,"Grass","Grass",0.876,1,"Assets/AOMigrator/MapVisualV063/Generated/Sprites/GRH_61393.asset","Assets/AOMigrator/MapVisualV063/Textures/tex_5087.png",".png",1,1,0,0,1,"INVALID_CROP_DIMENSIONS","Predominio verde 0.28, sat 0.67"
"WARNING",61394,"GRH 61394 (tex_5087.png)",8,4,108,"Grass","Grass",0.832,1,"Assets/AOMigrator/MapVisualV063/Generated/Sprites/GRH_61394.asset","Assets/AOMigrator/MapVisualV063/Textures/tex_5087.png",".png",1,1,0,0,1,"INVALID_CROP_DIMENSIONS","Predominio verde 0.24, sat 0.67"
"WARNING",61395,"GRH 61395 (tex_5087.png)",8,4,108,"Grass","Grass",1.000,1,"Assets/AOMigrator/MapVisualV063/Generated/Sprites/GRH_61395.asset","Assets/AOMigrator/MapVisualV063/Textures/tex_5087.png",".png",1,1,0,0,1,"INVALID_CROP_DIMENSIONS","Predominio verde 0.68, sat 0.69"
"WARNING",61396,"GRH 61396 (tex_5087.png)",8,4,108,"Grass","Grass",1.000,1,"Assets/AOMigrator/MapVisualV063/Generated/Sprites/GRH_61396.asset","Assets/AOMigrator/MapVisualV063/Textures/tex_5087.png",".png",1,1,0,0,1,"INVALID_CROP_DIMENSIONS","Predominio verde 0.71, sat 0.68"
"WARNING",61397,"GRH 61397 (tex_5087.png)",8,4,108,"Grass","Grass",0.841,1,"Assets/AOMigrator/MapVisualV063/Generated/Sprites/GRH_61397.asset","Assets/AOMigrator/MapVisualV063/Textures/tex_5087.png",".png",1,1,0,0,1,"INVALID_CROP_DIMENSIONS","Predominio verde 0.25, sat 0.67"
"WARNING",61398,"GRH 61398 (tex_5087.png)",8,4,108,"Grass","Grass",0.841,1,"Assets/AOMigrator/MapVisualV063/Generated/Sprites/GRH_61398.asset","Assets/AOMigrator/MapVisualV063/Textures/tex_5087.png",".png",1,1,0,0,1,"INVALID_CROP_DIMENSIONS","Predominio verde 0.25, sat 0.66"
"WARNING",61399,"GRH 61399 (tex_5087.png)",8,4,108,"Grass","Grass",1.000,1,"Assets/AOMigrator/MapVisualV063/Generated/Sprites/GRH_61399.asset","Assets/AOMigrator/MapVisualV063/Textures/tex_5087.png",".png",1,1,0,0,1,"INVALID_CROP_DIMENSIONS","Predominio verde 0.57, sat 0.68"
"WARNING",61400,"GRH 61400 (tex_5087.png)",8,4,108,"Grass","Grass",1.000,1,"Assets/AOMigrator/MapVisualV063/Generated/Sprites/GRH_61400.asset","Assets/AOMigrator/MapVisualV063/Textures/tex_5087.png",".png",1,1,0,0,1,"INVALID_CROP_DIMENSIONS","Predominio verde 0.64, sat 0.68"
"WARNING",61401,"GRH 61401 (tex_5087.png)",8,4,108,"Grass","Grass",1.000,1,"Assets/AOMigrator/MapVisualV063/Generated/Sprites/GRH_61401.asset","Assets/AOMigrator/MapVisualV063/Textures/tex_5087.png",".png",1,1,0,0,1,"INVALID_CROP_DIMENSIONS","Predominio verde 0.54, sat 0.68"
"WARNING",61402,"GRH 61402 (tex_5087.png)",8,4,108,"Grass","Grass",1.000,1,"Assets/AOMigrator/MapVisualV063/Generated/Sprites/GRH_61402.asset","Assets/AOMigrator/MapVisualV063/Textures/tex_5087.png",".png",1,1,0,0,1,"INVALID_CROP_DIMENSIONS","Predominio verde 0.61, sat 0.68"
"WARNING",61403,"GRH 61403 (tex_5087.png)",8,4,108,"Grass","Grass",1.000,1,"Assets/AOMigrator/MapVisualV063/Generated/Sprites/GRH_61403.asset","Assets/AOMigrator/MapVisualV063/Textures/tex_5087.png",".png",1,1,0,0,1,"INVALID_CROP_DIMENSIONS","Predominio verde 0.79, sat 0.69"
"WARNING",61482,"GRH 61482 (sin textura)",8,4,108,"Unclassified","Unclassified",0.150,0,"","","",0,0,0,1,0,"NO_CLASSIC_SPRITE|NO_SOURCE_TEXTURE_PATH|INVALID_CROP_DIMENSIONS","No se pudo analizar el sprite."
"WARNING",61483,"GRH 61483 (sin textura)",8,4,108,"Unclassified","Unclassified",0.150,0,"","","",0,0,0,1,0,"NO_CLASSIC_SPRITE|NO_SOURCE_TEXTURE_PATH|INVALID_CROP_DIMENSIONS","No se pudo analizar el sprite."
"WARNING",61628,"GRH 61628 (tex_5087.png)",8,4,108,"Floor","Floor",1.000,1,"Assets/AOMigrator/MapVisualV063/Generated/Sprites/GRH_61628.asset","Assets/AOMigrator/MapVisualV063/Textures/tex_5087.png",".png",1,1,0,0,1,"INVALID_CROP_DIMENSIONS","Piso marrón sólido; marrón 1.00, cobertura 1.00"
"WARNING",6195,"GRH 6195 (sin textura)",7,4,107,"Unclassified","Unclassified",0.150,0,"","","",0,0,0,1,0,"NO_CLASSIC_SPRITE|NO_SOURCE_TEXTURE_PATH|INVALID_CROP_DIMENSIONS","No se pudo analizar el sprite."
"WARNING",6203,"GRH 6203 (sin textura)",7,4,107,"Unclassified","Unclassified",0.150,0,"","","",0,0,0,1,0,"NO_CLASSIC_SPRITE|NO_SOURCE_TEXTURE_PATH|INVALID_CROP_DIMENSIONS","No se pudo analizar el sprite."
"WARNING",61196,"GRH 61196 (tex_5087.png)",7,4,107,"Grass","Grass",0.853,1,"Assets/AOMigrator/MapVisualV063/Generated/Sprites/GRH_61196.asset","Assets/AOMigrator/MapVisualV063/Textures/tex_5087.png",".png",1,1,0,0,1,"INVALID_CROP_DIMENSIONS","Predominio verde 0.26, sat 0.59"
"WARNING",61197,"GRH 61197 (tex_5087.png)",7,4,107,"Grass","Grass",1.000,1,"Assets/AOMigrator/MapVisualV063/Generated/Sprites/GRH_61197.asset","Assets/AOMigrator/MapVisualV063/Textures/tex_5087.png",".png",1,1,0,0,1,"INVALID_CROP_DIMENSIONS","Predominio verde 0.69, sat 0.65"
"WARNING",61198,"GRH 61198 (tex_5087.png)",7,4,107,"Grass","Grass",1.000,1,"Assets/AOMigrator/MapVisualV063/Generated/Sprites/GRH_61198.asset","Assets/AOMigrator/MapVisualV063/Textures/tex_5087.png",".png",1,1,0,0,1,"INVALID_CROP_DIMENSIONS","Predominio verde 0.67, sat 0.66"
"WARNING",61200,"GRH 61200 (tex_5087.png)",7,4,107,"Floor","Floor",1.000,1,"Assets/AOMigrator/MapVisualV063/Generated/Sprites/GRH_61200.asset","Assets/AOMigrator/MapVisualV063/Textures/tex_5087.png",".png",1,1,0,0,1,"INVALID_CROP_DIMENSIONS","Piso marrón sólido; marrón 0.88, cobertura 1.00"
"WARNING",61201,"GRH 61201 (tex_5087.png)",7,4,107,"Floor","Floor",1.000,1,"Assets/AOMigrator/MapVisualV063/Generated/Sprites/GRH_61201.asset","Assets/AOMigrator/MapVisualV063/Textures/tex_5087.png",".png",1,1,0,0,1,"INVALID_CROP_DIMENSIONS","Piso marrón sólido; marrón 0.84, cobertura 1.00"
"WARNING",61202,"GRH 61202 (tex_5087.png)",7,4,107,"Grass","Grass",1.000,1,"Assets/AOMigrator/MapVisualV063/Generated/Sprites/GRH_61202.asset","Assets/AOMigrator/MapVisualV063/Textures/tex_5087.png",".png",1,1,0,0,1,"INVALID_CROP_DIMENSIONS","Predominio verde 0.45, sat 0.62"
"WARNING",61204,"GRH 61204 (tex_5087.png)",7,4,107,"Grass","Grass",0.970,1,"Assets/AOMigrator/MapVisualV063/Generated/Sprites/GRH_61204.asset","Assets/AOMigrator/MapVisualV063/Textures/tex_5087.png",".png",1,1,0,0,1,"INVALID_CROP_DIMENSIONS","Predominio verde 0.39, sat 0.60"
"WARNING",61205,"GRH 61205 (tex_5087.png)",7,4,107,"Floor","Floor",1.000,1,"Assets/AOMigrator/MapVisualV063/Generated/Sprites/GRH_61205.asset","Assets/AOMigrator/MapVisualV063/Textures/tex_5087.png",".png",1,1,0,0,1,"INVALID_CROP_DIMENSIONS","Piso marrón sólido; marrón 0.85, cobertura 1.00"
"WARNING",61206,"GRH 61206 (tex_5087.png)",7,4,107,"Floor","Floor",1.000,1,"Assets/AOMigrator/MapVisualV063/Generated/Sprites/GRH_61206.asset","Assets/AOMigrator/MapVisualV063/Textures/tex_5087.png",".png",1,1,0,0,1,"INVALID_CROP_DIMENSIONS","Piso marrón sólido; marrón 0.82, cobertura 1.00"
"WARNING",61208,"GRH 61208 (tex_5087.png)",7,4,107,"Floor","Floor",1.000,1,"Assets/AOMigrator/MapVisualV063/Generated/Sprites/GRH_61208.asset","Assets/AOMigrator/MapVisualV063/Textures/tex_5087.png",".png",1,1,0,0,1,"INVALID_CROP_DIMENSIONS","Piso marrón sólido; marrón 0.95, cobertura 1.00"
"WARNING",61209,"GRH 61209 (tex_5087.png)",7,4,107,"Floor","Floor",1.000,1,"Assets/AOMigrator/MapVisualV063/Generated/Sprites/GRH_61209.asset","Assets/AOMigrator/MapVisualV063/Textures/tex_5087.png",".png",1,1,0,0,1,"INVALID_CROP_DIMENSIONS","Piso marrón sólido; marrón 0.95, cobertura 1.00"
"WARNING",61210,"GRH 61210 (tex_5087.png)",7,4,107,"Floor","Floor",1.000,1,"Assets/AOMigrator/MapVisualV063/Generated/Sprites/GRH_61210.asset","Assets/AOMigrator/MapVisualV063/Textures/tex_5087.png",".png",1,1,0,0,1,"INVALID_CROP_DIMENSIONS","Piso marrón sólido; marrón 0.96, cobertura 1.00"
"WARNING",61245,"GRH 61245 (sin textura)",7,4,107,"Unclassified","Unclassified",0.150,0,"","","",0,0,0,1,0,"NO_CLASSIC_SPRITE|NO_SOURCE_TEXTURE_PATH|INVALID_CROP_DIMENSIONS","No se pudo analizar el sprite."
"WARNING",61246,"GRH 61246 (sin textura)",7,4,107,"Unclassified","Unclassified",0.150,0,"","","",0,0,0,1,0,"NO_CLASSIC_SPRITE|NO_SOURCE_TEXTURE_PATH|INVALID_CROP_DIMENSIONS","No se pudo analizar el sprite."
"WARNING",61247,"GRH 61247 (sin textura)",7,4,107,"Unclassified","Unclassified",0.150,0,"","","",0,0,0,1,0,"NO_CLASSIC_SPRITE|NO_SOURCE_TEXTURE_PATH|INVALID_CROP_DIMENSIONS","No se pudo analizar el sprite."
"WARNING",61249,"GRH 61249 (sin textura)",7,4,107,"Unclassified","Unclassified",0.150,0,"","","",0,0,0,1,0,"NO_CLASSIC_SPRITE|NO_SOURCE_TEXTURE_PATH|INVALID_CROP_DIMENSIONS","No se pudo analizar el sprite."
"WARNING",61250,"GRH 61250 (sin textura)",7,4,107,"Unclassified","Unclassified",0.150,0,"","","",0,0,0,1,0,"NO_CLASSIC_SPRITE|NO_SOURCE_TEXTURE_PATH|INVALID_CROP_DIMENSIONS","No se pudo analizar el sprite."
"WARNING",61251,"GRH 61251 (sin textura)",7,4,107,"Unclassified","Unclassified",0.150,0,"","","",0,0,0,1,0,"NO_CLASSIC_SPRITE|NO_SOURCE_TEXTURE_PATH|INVALID_CROP_DIMENSIONS","No se pudo analizar el sprite."
"WARNING",61253,"GRH 61253 (sin textura)",7,4,107,"Unclassified","Unclassified",0.150,0,"","","",0,0,0,1,0,"NO_CLASSIC_SPRITE|NO_SOURCE_TEXTURE_PATH|INVALID_CROP_DIMENSIONS","No se pudo analizar el sprite."
"WARNING",61254,"GRH 61254 (sin textura)",7,4,107,"Unclassified","Unclassified",0.150,0,"","","",0,0,0,1,0,"NO_CLASSIC_SPRITE|NO_SOURCE_TEXTURE_PATH|INVALID_CROP_DIMENSIONS","No se pudo analizar el sprite."
"WARNING",61255,"GRH 61255 (sin textura)",7,4,107,"Unclassified","Unclassified",0.150,0,"","","",0,0,0,1,0,"NO_CLASSIC_SPRITE|NO_SOURCE_TEXTURE_PATH|INVALID_CROP_DIMENSIONS","No se pudo analizar el sprite."
"WARNING",61257,"GRH 61257 (sin textura)",7,4,107,"Unclassified","Unclassified",0.150,0,"","","",0,0,0,1,0,"NO_CLASSIC_SPRITE|NO_SOURCE_TEXTURE_PATH|INVALID_CROP_DIMENSIONS","No se pudo analizar el sprite."
"WARNING",61258,"GRH 61258 (sin textura)",7,4,107,"Unclassified","Unclassified",0.150,0,"","","",0,0,0,1,0,"NO_CLASSIC_SPRITE|NO_SOURCE_TEXTURE_PATH|INVALID_CROP_DIMENSIONS","No se pudo analizar el sprite."
"WARNING",61259,"GRH 61259 (sin textura)",7,4,107,"Unclassified","Unclassified",0.150,0,"","","",0,0,0,1,0,"NO_CLASSIC_SPRITE|NO_SOURCE_TEXTURE_PATH|INVALID_CROP_DIMENSIONS","No se pudo analizar el sprite."
"WARNING",61468,"GRH 61468 (sin textura)",7,4,107,"Unclassified","Unclassified",0.150,0,"","","",0,0,0,1,0,"NO_CLASSIC_SPRITE|NO_SOURCE_TEXTURE_PATH|INVALID_CROP_DIMENSIONS","No se pudo analizar el sprite."
"WARNING",61469,"GRH 61469 (sin textura)",7,4,107,"Unclassified","Unclassified",0.150,0,"","","",0,0,0,1,0,"NO_CLASSIC_SPRITE|NO_SOURCE_TEXTURE_PATH|INVALID_CROP_DIMENSIONS","No se pudo analizar el sprite."
"WARNING",61474,"GRH 61474 (sin textura)",7,4,107,"Unclassified","Unclassified",0.150,0,"","","",0,0,0,1,0,"NO_CLASSIC_SPRITE|NO_SOURCE_TEXTURE_PATH|INVALID_CROP_DIMENSIONS","No se pudo analizar el sprite."
"WARNING",61475,"GRH 61475 (sin textura)",7,4,107,"Unclassified","Unclassified",0.150,0,"","","",0,0,0,1,0,"NO_CLASSIC_SPRITE|NO_SOURCE_TEXTURE_PATH|INVALID_CROP_DIMENSIONS","No se pudo analizar el sprite."
"WARNING",61478,"GRH 61478 (sin textura)",7,4,107,"Unclassified","Unclassified",0.150,0,"","","",0,0,0,1,0,"NO_CLASSIC_SPRITE|NO_SOURCE_TEXTURE_PATH|INVALID_CROP_DIMENSIONS","No se pudo analizar el sprite."
"WARNING",61479,"GRH 61479 (sin textura)",7,4,107,"Unclassified","Unclassified",0.150,0,"","","",0,0,0,1,0,"NO_CLASSIC_SPRITE|NO_SOURCE_TEXTURE_PATH|INVALID_CROP_DIMENSIONS","No se pudo analizar el sprite."
"WARNING",61823,"GRH 61823 (sin textura)",7,4,107,"Unclassified","Unclassified",0.150,0,"","","",0,0,0,1,0,"NO_CLASSIC_SPRITE|NO_SOURCE_TEXTURE_PATH|INVALID_CROP_DIMENSIONS","No se pudo analizar el sprite."
"WARNING",61829,"GRH 61829 (sin textura)",7,4,107,"Unclassified","Unclassified",0.150,0,"","","",0,0,0,1,0,"NO_CLASSIC_SPRITE|NO_SOURCE_TEXTURE_PATH|INVALID_CROP_DIMENSIONS","No se pudo analizar el sprite."
"WARNING",61835,"GRH 61835 (sin textura)",7,4,107,"Unclassified","Unclassified",0.150,0,"","","",0,0,0,1,0,"NO_CLASSIC_SPRITE|NO_SOURCE_TEXTURE_PATH|INVALID_CROP_DIMENSIONS","No se pudo analizar el sprite."
"WARNING",85346,"GRH 85346 (sin textura)",7,4,107,"Unclassified","Unclassified",0.150,0,"","","",0,0,0,1,0,"NO_CLASSIC_SPRITE|NO_SOURCE_TEXTURE_PATH|INVALID_CROP_DIMENSIONS","No se pudo analizar el sprite."
"WARNING",6183,"GRH 6183 (sin textura)",6,4,106,"Unclassified","Unclassified",0.150,0,"","","",0,0,0,1,0,"NO_CLASSIC_SPRITE|NO_SOURCE_TEXTURE_PATH|INVALID_CROP_DIMENSIONS","No se pudo analizar el sprite."
"WARNING",6187,"GRH 6187 (sin textura)",6,4,106,"Unclassified","Unclassified",0.150,0,"","","",0,0,0,1,0,"NO_CLASSIC_SPRITE|NO_SOURCE_TEXTURE_PATH|INVALID_CROP_DIMENSIONS","No se pudo analizar el sprite."
"WARNING",6147,"GRH 6147 (sin textura)",5,4,105,"Unclassified","Unclassified",0.150,0,"","","",0,0,0,1,0,"NO_CLASSIC_SPRITE|NO_SOURCE_TEXTURE_PATH|INVALID_CROP_DIMENSIONS","No se pudo analizar el sprite."
"WARNING",6151,"GRH 6151 (sin textura)",5,4,105,"Unclassified","Unclassified",0.150,0,"","","",0,0,0,1,0,"NO_CLASSIC_SPRITE|NO_SOURCE_TEXTURE_PATH|INVALID_CROP_DIMENSIONS","No se pudo analizar el sprite."
"WARNING",61084,"GRH 61084 (sin textura)",5,4,105,"Unclassified","Unclassified",0.150,0,"","","",0,0,0,1,0,"NO_CLASSIC_SPRITE|NO_SOURCE_TEXTURE_PATH|INVALID_CROP_DIMENSIONS","No se pudo analizar el sprite."
"WARNING",61085,"GRH 61085 (sin textura)",5,4,105,"Unclassified","Unclassified",0.150,0,"","","",0,0,0,1,0,"NO_CLASSIC_SPRITE|NO_SOURCE_TEXTURE_PATH|INVALID_CROP_DIMENSIONS","No se pudo analizar el sprite."
"WARNING",61086,"GRH 61086 (sin textura)",5,4,105,"Unclassified","Unclassified",0.150,0,"","","",0,0,0,1,0,"NO_CLASSIC_SPRITE|NO_SOURCE_TEXTURE_PATH|INVALID_CROP_DIMENSIONS","No se pudo analizar el sprite."
"WARNING",61087,"GRH 61087 (sin textura)",5,4,105,"Unclassified","Unclassified",0.150,0,"","","",0,0,0,1,0,"NO_CLASSIC_SPRITE|NO_SOURCE_TEXTURE_PATH|INVALID_CROP_DIMENSIONS","No se pudo analizar el sprite."
"WARNING",61089,"GRH 61089 (sin textura)",5,4,105,"Unclassified","Unclassified",0.150,0,"","","",0,0,0,1,0,"NO_CLASSIC_SPRITE|NO_SOURCE_TEXTURE_PATH|INVALID_CROP_DIMENSIONS","No se pudo analizar el sprite."
"WARNING",61090,"GRH 61090 (sin textura)",5,4,105,"Unclassified","Unclassified",0.150,0,"","","",0,0,0,1,0,"NO_CLASSIC_SPRITE|NO_SOURCE_TEXTURE_PATH|INVALID_CROP_DIMENSIONS","No se pudo analizar el sprite."
"WARNING",61091,"GRH 61091 (sin textura)",5,4,105,"Unclassified","Unclassified",0.150,0,"","","",0,0,0,1,0,"NO_CLASSIC_SPRITE|NO_SOURCE_TEXTURE_PATH|INVALID_CROP_DIMENSIONS","No se pudo analizar el sprite."
"WARNING",61093,"GRH 61093 (sin textura)",5,4,105,"Unclassified","Unclassified",0.150,0,"","","",0,0,0,1,0,"NO_CLASSIC_SPRITE|NO_SOURCE_TEXTURE_PATH|INVALID_CROP_DIMENSIONS","No se pudo analizar el sprite."
"WARNING",61094,"GRH 61094 (sin textura)",5,4,105,"Unclassified","Unclassified",0.150,0,"","","",0,0,0,1,0,"NO_CLASSIC_SPRITE|NO_SOURCE_TEXTURE_PATH|INVALID_CROP_DIMENSIONS","No se pudo analizar el sprite."
"WARNING",61095,"GRH 61095 (sin textura)",5,4,105,"Unclassified","Unclassified",0.150,0,"","","",0,0,0,1,0,"NO_CLASSIC_SPRITE|NO_SOURCE_TEXTURE_PATH|INVALID_CROP_DIMENSIONS","No se pudo analizar el sprite."
"WARNING",61097,"GRH 61097 (sin textura)",5,4,105,"Unclassified","Unclassified",0.150,0,"","","",0,0,0,1,0,"NO_CLASSIC_SPRITE|NO_SOURCE_TEXTURE_PATH|INVALID_CROP_DIMENSIONS","No se pudo analizar el sprite."
"WARNING",61098,"GRH 61098 (sin textura)",5,4,105,"Unclassified","Unclassified",0.150,0,"","","",0,0,0,1,0,"NO_CLASSIC_SPRITE|NO_SOURCE_TEXTURE_PATH|INVALID_CROP_DIMENSIONS","No se pudo analizar el sprite."
"WARNING",61099,"GRH 61099 (sin textura)",5,4,105,"Unclassified","Unclassified",0.150,0,"","","",0,0,0,1,0,"NO_CLASSIC_SPRITE|NO_SOURCE_TEXTURE_PATH|INVALID_CROP_DIMENSIONS","No se pudo analizar el sprite."
"WARNING",61021,"GRH 61021 (sin textura)",4,4,104,"Unclassified","Unclassified",0.150,0,"","","",0,0,0,1,0,"NO_CLASSIC_SPRITE|NO_SOURCE_TEXTURE_PATH|INVALID_CROP_DIMENSIONS","No se pudo analizar el sprite."
"WARNING",61022,"GRH 61022 (sin textura)",4,4,104,"Unclassified","Unclassified",0.150,0,"","","",0,0,0,1,0,"NO_CLASSIC_SPRITE|NO_SOURCE_TEXTURE_PATH|INVALID_CROP_DIMENSIONS","No se pudo analizar el sprite."
"WARNING",61023,"GRH 61023 (sin textura)",4,4,104,"Unclassified","Unclassified",0.150,0,"","","",0,0,0,1,0,"NO_CLASSIC_SPRITE|NO_SOURCE_TEXTURE_PATH|INVALID_CROP_DIMENSIONS","No se pudo analizar el sprite."
"WARNING",61025,"GRH 61025 (sin textura)",4,4,104,"Unclassified","Unclassified",0.150,0,"","","",0,0,0,1,0,"NO_CLASSIC_SPRITE|NO_SOURCE_TEXTURE_PATH|INVALID_CROP_DIMENSIONS","No se pudo analizar el sprite."
"WARNING",61026,"GRH 61026 (sin textura)",4,4,104,"Unclassified","Unclassified",0.150,0,"","","",0,0,0,1,0,"NO_CLASSIC_SPRITE|NO_SOURCE_TEXTURE_PATH|INVALID_CROP_DIMENSIONS","No se pudo analizar el sprite."
"WARNING",61027,"GRH 61027 (sin textura)",4,4,104,"Unclassified","Unclassified",0.150,0,"","","",0,0,0,1,0,"NO_CLASSIC_SPRITE|NO_SOURCE_TEXTURE_PATH|INVALID_CROP_DIMENSIONS","No se pudo analizar el sprite."
"WARNING",61028,"GRH 61028 (sin textura)",4,4,104,"Unclassified","Unclassified",0.150,0,"","","",0,0,0,1,0,"NO_CLASSIC_SPRITE|NO_SOURCE_TEXTURE_PATH|INVALID_CROP_DIMENSIONS","No se pudo analizar el sprite."
"WARNING",61029,"GRH 61029 (sin textura)",4,4,104,"Unclassified","Unclassified",0.150,0,"","","",0,0,0,1,0,"NO_CLASSIC_SPRITE|NO_SOURCE_TEXTURE_PATH|INVALID_CROP_DIMENSIONS","No se pudo analizar el sprite."
"WARNING",61030,"GRH 61030 (sin textura)",4,4,104,"Unclassified","Unclassified",0.150,0,"","","",0,0,0,1,0,"NO_CLASSIC_SPRITE|NO_SOURCE_TEXTURE_PATH|INVALID_CROP_DIMENSIONS","No se pudo analizar el sprite."
"WARNING",61031,"GRH 61031 (sin textura)",4,4,104,"Unclassified","Unclassified",0.150,0,"","","",0,0,0,1,0,"NO_CLASSIC_SPRITE|NO_SOURCE_TEXTURE_PATH|INVALID_CROP_DIMENSIONS","No se pudo analizar el sprite."
"WARNING",61032,"GRH 61032 (sin textura)",4,4,104,"Unclassified","Unclassified",0.150,0,"","","",0,0,0,1,0,"NO_CLASSIC_SPRITE|NO_SOURCE_TEXTURE_PATH|INVALID_CROP_DIMENSIONS","No se pudo analizar el sprite."
"WARNING",61033,"GRH 61033 (sin textura)",4,4,104,"Unclassified","Unclassified",0.150,0,"","","",0,0,0,1,0,"NO_CLASSIC_SPRITE|NO_SOURCE_TEXTURE_PATH|INVALID_CROP_DIMENSIONS","No se pudo analizar el sprite."
"WARNING",61034,"GRH 61034 (sin textura)",4,4,104,"Unclassified","Unclassified",0.150,0,"","","",0,0,0,1,0,"NO_CLASSIC_SPRITE|NO_SOURCE_TEXTURE_PATH|INVALID_CROP_DIMENSIONS","No se pudo analizar el sprite."
"WARNING",61035,"GRH 61035 (sin textura)",4,4,104,"Unclassified","Unclassified",0.150,0,"","","",0,0,0,1,0,"NO_CLASSIC_SPRITE|NO_SOURCE_TEXTURE_PATH|INVALID_CROP_DIMENSIONS","No se pudo analizar el sprite."
"WARNING",61052,"GRH 61052 (sin textura)",4,4,104,"Unclassified","Unclassified",0.150,0,"","","",0,0,0,1,0,"NO_CLASSIC_SPRITE|NO_SOURCE_TEXTURE_PATH|INVALID_CROP_DIMENSIONS","No se pudo analizar el sprite."
"WARNING",61053,"GRH 61053 (sin textura)",4,4,104,"Unclassified","Unclassified",0.150,0,"","","",0,0,0,1,0,"NO_CLASSIC_SPRITE|NO_SOURCE_TEXTURE_PATH|INVALID_CROP_DIMENSIONS","No se pudo analizar el sprite."
"WARNING",61054,"GRH 61054 (sin textura)",4,4,104,"Unclassified","Unclassified",0.150,0,"","","",0,0,0,1,0,"NO_CLASSIC_SPRITE|NO_SOURCE_TEXTURE_PATH|INVALID_CROP_DIMENSIONS","No se pudo analizar el sprite."
"WARNING",61055,"GRH 61055 (sin textura)",4,4,104,"Unclassified","Unclassified",0.150,0,"","","",0,0,0,1,0,"NO_CLASSIC_SPRITE|NO_SOURCE_TEXTURE_PATH|INVALID_CROP_DIMENSIONS","No se pudo analizar el sprite."
"WARNING",61056,"GRH 61056 (sin textura)",4,4,104,"Unclassified","Unclassified",0.150,0,"","","",0,0,0,1,0,"NO_CLASSIC_SPRITE|NO_SOURCE_TEXTURE_PATH|INVALID_CROP_DIMENSIONS","No se pudo analizar el sprite."
"WARNING",61057,"GRH 61057 (sin textura)",4,4,104,"Unclassified","Unclassified",0.150,0,"","","",0,0,0,1,0,"NO_CLASSIC_SPRITE|NO_SOURCE_TEXTURE_PATH|INVALID_CROP_DIMENSIONS","No se pudo analizar el sprite."
"WARNING",61058,"GRH 61058 (sin textura)",4,4,104,"Unclassified","Unclassified",0.150,0,"","","",0,0,0,1,0,"NO_CLASSIC_SPRITE|NO_SOURCE_TEXTURE_PATH|INVALID_CROP_DIMENSIONS","No se pudo analizar el sprite."
"WARNING",61059,"GRH 61059 (sin textura)",4,4,104,"Unclassified","Unclassified",0.150,0,"","","",0,0,0,1,0,"NO_CLASSIC_SPRITE|NO_SOURCE_TEXTURE_PATH|INVALID_CROP_DIMENSIONS","No se pudo analizar el sprite."
"WARNING",61060,"GRH 61060 (sin textura)",4,4,104,"Unclassified","Unclassified",0.150,0,"","","",0,0,0,1,0,"NO_CLASSIC_SPRITE|NO_SOURCE_TEXTURE_PATH|INVALID_CROP_DIMENSIONS","No se pudo analizar el sprite."
"WARNING",61061,"GRH 61061 (sin textura)",4,4,104,"Unclassified","Unclassified",0.150,0,"","","",0,0,0,1,0,"NO_CLASSIC_SPRITE|NO_SOURCE_TEXTURE_PATH|INVALID_CROP_DIMENSIONS","No se pudo analizar el sprite."
"WARNING",61062,"GRH 61062 (sin textura)",4,4,104,"Unclassified","Unclassified",0.150,0,"","","",0,0,0,1,0,"NO_CLASSIC_SPRITE|NO_SOURCE_TEXTURE_PATH|INVALID_CROP_DIMENSIONS","No se pudo analizar el sprite."
"WARNING",61063,"GRH 61063 (sin textura)",4,4,104,"Unclassified","Unclassified",0.150,0,"","","",0,0,0,1,0,"NO_CLASSIC_SPRITE|NO_SOURCE_TEXTURE_PATH|INVALID_CROP_DIMENSIONS","No se pudo analizar el sprite."
"WARNING",61824,"GRH 61824 (sin textura)",4,4,104,"Unclassified","Unclassified",0.150,0,"","","",0,0,0,1,0,"NO_CLASSIC_SPRITE|NO_SOURCE_TEXTURE_PATH|INVALID_CROP_DIMENSIONS","No se pudo analizar el sprite."
"WARNING",61827,"GRH 61827 (sin textura)",4,4,104,"Unclassified","Unclassified",0.150,0,"","","",0,0,0,1,0,"NO_CLASSIC_SPRITE|NO_SOURCE_TEXTURE_PATH|INVALID_CROP_DIMENSIONS","No se pudo analizar el sprite."
"WARNING",61830,"GRH 61830 (sin textura)",4,4,104,"Unclassified","Unclassified",0.150,0,"","","",0,0,0,1,0,"NO_CLASSIC_SPRITE|NO_SOURCE_TEXTURE_PATH|INVALID_CROP_DIMENSIONS","No se pudo analizar el sprite."
"WARNING",61840,"GRH 61840 (sin textura)",4,4,104,"Unclassified","Unclassified",0.150,0,"","","",0,0,0,1,0,"NO_CLASSIC_SPRITE|NO_SOURCE_TEXTURE_PATH|INVALID_CROP_DIMENSIONS","No se pudo analizar el sprite."
"WARNING",61841,"GRH 61841 (sin textura)",4,4,104,"Unclassified","Unclassified",0.150,0,"","","",0,0,0,1,0,"NO_CLASSIC_SPRITE|NO_SOURCE_TEXTURE_PATH|INVALID_CROP_DIMENSIONS","No se pudo analizar el sprite."
"WARNING",61842,"GRH 61842 (sin textura)",4,4,104,"Unclassified","Unclassified",0.150,0,"","","",0,0,0,1,0,"NO_CLASSIC_SPRITE|NO_SOURCE_TEXTURE_PATH|INVALID_CROP_DIMENSIONS","No se pudo analizar el sprite."
"WARNING",61844,"GRH 61844 (sin textura)",4,4,104,"Unclassified","Unclassified",0.150,0,"","","",0,0,0,1,0,"NO_CLASSIC_SPRITE|NO_SOURCE_TEXTURE_PATH|INVALID_CROP_DIMENSIONS","No se pudo analizar el sprite."
"WARNING",61845,"GRH 61845 (sin textura)",4,4,104,"Unclassified","Unclassified",0.150,0,"","","",0,0,0,1,0,"NO_CLASSIC_SPRITE|NO_SOURCE_TEXTURE_PATH|INVALID_CROP_DIMENSIONS","No se pudo analizar el sprite."
"WARNING",61846,"GRH 61846 (sin textura)",4,4,104,"Unclassified","Unclassified",0.150,0,"","","",0,0,0,1,0,"NO_CLASSIC_SPRITE|NO_SOURCE_TEXTURE_PATH|INVALID_CROP_DIMENSIONS","No se pudo analizar el sprite."
"WARNING",61851,"GRH 61851 (sin textura)",4,4,104,"Unclassified","Unclassified",0.150,0,"","","",0,0,0,1,0,"NO_CLASSIC_SPRITE|NO_SOURCE_TEXTURE_PATH|INVALID_CROP_DIMENSIONS","No se pudo analizar el sprite."
"WARNING",85336,"GRH 85336 (sin textura)",29,3,104,"Unclassified","Unclassified",0.150,0,"","","",0,0,0,1,0,"NO_CLASSIC_SPRITE|NO_SOURCE_TEXTURE_PATH|INVALID_CROP_DIMENSIONS","No se pudo analizar el sprite."
"WARNING",85194,"GRH 85194 (sin textura)",28,3,103,"Unclassified","Unclassified",0.150,0,"","","",0,0,0,1,0,"NO_CLASSIC_SPRITE|NO_SOURCE_TEXTURE_PATH|INVALID_CROP_DIMENSIONS","No se pudo analizar el sprite."
"WARNING",4521,"GRH 4521 (tex_5026.png)",27,3,102,"Floor","Floor",1.000,1,"Assets/AOMigrator/MapVisualV063/Generated/Sprites/GRH_4521.asset","Assets/AOMigrator/MapVisualV063/Textures/tex_5026.png",".png",1,1,0,0,1,"INVALID_CROP_DIMENSIONS","Piso marrón sólido; marrón 1.00, cobertura 1.00"
"WARNING",4525,"GRH 4525 (tex_5026.png)",27,3,102,"Floor","Floor",1.000,1,"Assets/AOMigrator/MapVisualV063/Generated/Sprites/GRH_4525.asset","Assets/AOMigrator/MapVisualV063/Textures/tex_5026.png",".png",1,1,0,0,1,"INVALID_CROP_DIMENSIONS","Piso marrón sólido; marrón 1.00, cobertura 1.00"
"WARNING",4529,"GRH 4529 (tex_5026.png)",27,3,102,"Floor","Floor",1.000,1,"Assets/AOMigrator/MapVisualV063/Generated/Sprites/GRH_4529.asset","Assets/AOMigrator/MapVisualV063/Textures/tex_5026.png",".png",1,1,0,0,1,"INVALID_CROP_DIMENSIONS","Piso marrón sólido; marrón 1.00, cobertura 1.00"
"WARNING",4519,"GRH 4519 (tex_5026.png)",24,3,99,"Floor","Floor",1.000,1,"Assets/AOMigrator/MapVisualV063/Generated/Sprites/GRH_4519.asset","Assets/AOMigrator/MapVisualV063/Textures/tex_5026.png",".png",1,1,0,0,1,"INVALID_CROP_DIMENSIONS","Piso marrón sólido; marrón 1.00, cobertura 1.00"
"WARNING",4520,"GRH 4520 (tex_5026.png)",24,3,99,"Floor","Floor",1.000,1,"Assets/AOMigrator/MapVisualV063/Generated/Sprites/GRH_4520.asset","Assets/AOMigrator/MapVisualV063/Textures/tex_5026.png",".png",1,1,0,0,1,"INVALID_CROP_DIMENSIONS","Piso marrón sólido; marrón 1.00, cobertura 1.00"
"WARNING",4523,"GRH 4523 (tex_5026.png)",24,3,99,"Floor","Floor",1.000,1,"Assets/AOMigrator/MapVisualV063/Generated/Sprites/GRH_4523.asset","Assets/AOMigrator/MapVisualV063/Textures/tex_5026.png",".png",1,1,0,0,1,"INVALID_CROP_DIMENSIONS","Piso marrón sólido; marrón 1.00, cobertura 1.00"
"WARNING",4524,"GRH 4524 (tex_5026.png)",24,3,99,"Floor","Floor",1.000,1,"Assets/AOMigrator/MapVisualV063/Generated/Sprites/GRH_4524.asset","Assets/AOMigrator/MapVisualV063/Textures/tex_5026.png",".png",1,1,0,0,1,"INVALID_CROP_DIMENSIONS","Piso marrón sólido; marrón 1.00, cobertura 1.00"
"WARNING",4527,"GRH 4527 (tex_5026.png)",24,3,99,"Floor","Floor",1.000,1,"Assets/AOMigrator/MapVisualV063/Generated/Sprites/GRH_4527.asset","Assets/AOMigrator/MapVisualV063/Textures/tex_5026.png",".png",1,1,0,0,1,"INVALID_CROP_DIMENSIONS","Piso marrón sólido; marrón 1.00, cobertura 1.00"
"WARNING",4528,"GRH 4528 (tex_5026.png)",24,3,99,"Floor","Floor",1.000,1,"Assets/AOMigrator/MapVisualV063/Generated/Sprites/GRH_4528.asset","Assets/AOMigrator/MapVisualV063/Textures/tex_5026.png",".png",1,1,0,0,1,"INVALID_CROP_DIMENSIONS","Piso marrón sólido; marrón 1.00, cobertura 1.00"
"WARNING",85244,"GRH 85244 (sin textura)",20,3,95,"Unclassified","Unclassified",0.150,0,"","","",0,0,0,1,0,"NO_CLASSIC_SPRITE|NO_SOURCE_TEXTURE_PATH|INVALID_CROP_DIMENSIONS","No se pudo analizar el sprite."
"WARNING",4517,"GRH 4517 (tex_5026.png)",18,3,93,"Floor","Floor",1.000,1,"Assets/AOMigrator/MapVisualV063/Generated/Sprites/GRH_4517.asset","Assets/AOMigrator/MapVisualV063/Textures/tex_5026.png",".png",1,1,0,0,1,"INVALID_CROP_DIMENSIONS","Piso marrón sólido; marrón 1.00, cobertura 1.00"
"WARNING",4522,"GRH 4522 (tex_5026.png)",18,3,93,"Floor","Floor",1.000,1,"Assets/AOMigrator/MapVisualV063/Generated/Sprites/GRH_4522.asset","Assets/AOMigrator/MapVisualV063/Textures/tex_5026.png",".png",1,1,0,0,1,"INVALID_CROP_DIMENSIONS","Piso marrón sólido; marrón 1.00, cobertura 1.00"
"WARNING",4526,"GRH 4526 (tex_5026.png)",18,3,93,"Floor","Floor",1.000,1,"Assets/AOMigrator/MapVisualV063/Generated/Sprites/GRH_4526.asset","Assets/AOMigrator/MapVisualV063/Textures/tex_5026.png",".png",1,1,0,0,1,"INVALID_CROP_DIMENSIONS","Piso marrón sólido; marrón 1.00, cobertura 1.00"
"WARNING",4530,"GRH 4530 (tex_5026.png)",18,3,93,"Floor","Floor",1.000,1,"Assets/AOMigrator/MapVisualV063/Generated/Sprites/GRH_4530.asset","Assets/AOMigrator/MapVisualV063/Textures/tex_5026.png",".png",1,1,0,0,1,"INVALID_CROP_DIMENSIONS","Piso marrón sólido; marrón 1.00, cobertura 1.00"
"WARNING",85274,"GRH 85274 (sin textura)",17,3,92,"Unclassified","Unclassified",0.150,0,"","","",0,0,0,1,0,"NO_CLASSIC_SPRITE|NO_SOURCE_TEXTURE_PATH|INVALID_CROP_DIMENSIONS","No se pudo analizar el sprite."
"WARNING",4515,"GRH 4515 (tex_5026.png)",16,3,91,"Floor","Floor",1.000,1,"Assets/AOMigrator/MapVisualV063/Generated/Sprites/GRH_4515.asset","Assets/AOMigrator/MapVisualV063/Textures/tex_5026.png",".png",1,1,0,0,1,"INVALID_CROP_DIMENSIONS","Piso marrón sólido; marrón 1.00, cobertura 1.00"
"WARNING",4516,"GRH 4516 (tex_5026.png)",16,3,91,"Floor","Floor",1.000,1,"Assets/AOMigrator/MapVisualV063/Generated/Sprites/GRH_4516.asset","Assets/AOMigrator/MapVisualV063/Textures/tex_5026.png",".png",1,1,0,0,1,"INVALID_CROP_DIMENSIONS","Piso marrón sólido; marrón 1.00, cobertura 1.00"
"WARNING",9125,"GRH 9125 (tex_7522.png)",14,3,89,"Floor","Floor",1.000,1,"Assets/AOMigrator/MapVisualV063/Generated/Sprites/GRH_9125.asset","Assets/AOMigrator/MapVisualV063/Textures/tex_7522.png",".png",1,1,0,0,1,"INVALID_CROP_DIMENSIONS","Piso marrón sólido; marrón 0.77, cobertura 1.00"
"WARNING",9128,"GRH 9128 (tex_7522.png)",14,3,89,"Floor","Floor",1.000,1,"Assets/AOMigrator/MapVisualV063/Generated/Sprites/GRH_9128.asset","Assets/AOMigrator/MapVisualV063/Textures/tex_7522.png",".png",1,1,0,0,1,"INVALID_CROP_DIMENSIONS","Piso marrón sólido; marrón 0.77, cobertura 1.00"
"WARNING",9131,"GRH 9131 (tex_7522.png)",14,3,89,"Floor","Floor",1.000,1,"Assets/AOMigrator/MapVisualV063/Generated/Sprites/GRH_9131.asset","Assets/AOMigrator/MapVisualV063/Textures/tex_7522.png",".png",1,1,0,0,1,"INVALID_CROP_DIMENSIONS","Piso marrón sólido; marrón 0.97, cobertura 1.00"
"WARNING",9123,"GRH 9123 (tex_7522.png)",13,3,88,"Floor","Floor",1.000,1,"Assets/AOMigrator/MapVisualV063/Generated/Sprites/GRH_9123.asset","Assets/AOMigrator/MapVisualV063/Textures/tex_7522.png",".png",1,1,0,0,1,"INVALID_CROP_DIMENSIONS","Piso marrón sólido; marrón 0.71, cobertura 1.00"
"WARNING",9126,"GRH 9126 (tex_7522.png)",13,3,88,"Floor","Floor",1.000,1,"Assets/AOMigrator/MapVisualV063/Generated/Sprites/GRH_9126.asset","Assets/AOMigrator/MapVisualV063/Textures/tex_7522.png",".png",1,1,0,0,1,"INVALID_CROP_DIMENSIONS","Piso marrón sólido; marrón 0.80, cobertura 1.00"
"WARNING",9129,"GRH 9129 (tex_7522.png)",13,3,88,"Floor","Floor",1.000,1,"Assets/AOMigrator/MapVisualV063/Generated/Sprites/GRH_9129.asset","Assets/AOMigrator/MapVisualV063/Textures/tex_7522.png",".png",1,1,0,0,1,"INVALID_CROP_DIMENSIONS","Piso marrón sólido; marrón 0.95, cobertura 1.00"
"WARNING",4518,"GRH 4518 (tex_5026.png)",12,3,87,"Floor","Floor",1.000,1,"Assets/AOMigrator/MapVisualV063/Generated/Sprites/GRH_4518.asset","Assets/AOMigrator/MapVisualV063/Textures/tex_5026.png",".png",1,1,0,0,1,"INVALID_CROP_DIMENSIONS","Piso marrón sólido; marrón 0.99, cobertura 1.00"
"WARNING",85294,"GRH 85294 (sin textura)",11,3,86,"Unclassified","Unclassified",0.150,0,"","","",0,0,0,1,0,"NO_CLASSIC_SPRITE|NO_SOURCE_TEXTURE_PATH|INVALID_CROP_DIMENSIONS","No se pudo analizar el sprite."
"WARNING",9124,"GRH 9124 (tex_7522.png)",10,3,85,"Floor","Floor",1.000,1,"Assets/AOMigrator/MapVisualV063/Generated/Sprites/GRH_9124.asset","Assets/AOMigrator/MapVisualV063/Textures/tex_7522.png",".png",1,1,0,0,1,"INVALID_CROP_DIMENSIONS","Piso marrón sólido; marrón 0.78, cobertura 1.00"
"WARNING",9127,"GRH 9127 (tex_7522.png)",10,3,85,"Floor","Floor",1.000,1,"Assets/AOMigrator/MapVisualV063/Generated/Sprites/GRH_9127.asset","Assets/AOMigrator/MapVisualV063/Textures/tex_7522.png",".png",1,1,0,0,1,"INVALID_CROP_DIMENSIONS","Piso marrón sólido; marrón 0.80, cobertura 1.00"
"WARNING",9130,"GRH 9130 (tex_7522.png)",10,3,85,"Floor","Floor",1.000,1,"Assets/AOMigrator/MapVisualV063/Generated/Sprites/GRH_9130.asset","Assets/AOMigrator/MapVisualV063/Textures/tex_7522.png",".png",1,1,0,0,1,"INVALID_CROP_DIMENSIONS","Piso marrón sólido; marrón 0.96, cobertura 1.00"
"WARNING",85224,"GRH 85224 (sin textura)",10,3,85,"Unclassified","Unclassified",0.150,0,"","","",0,0,0,1,0,"NO_CLASSIC_SPRITE|NO_SOURCE_TEXTURE_PATH|INVALID_CROP_DIMENSIONS","No se pudo analizar el sprite."
"WARNING",6519,"GRH 6519 (tex_6215.png)",9,3,84,"Grass","Grass",1.000,1,"Assets/AOMigrator/MapVisualV063/Generated/Sprites/GRH_6519.asset","Assets/AOMigrator/MapVisualV063/Textures/tex_6215.png",".png",1,1,0,0,1,"INVALID_CROP_DIMENSIONS","Predominio verde 0.90, sat 0.73"
"WARNING",6522,"GRH 6522 (tex_6215.png)",9,3,84,"Floor","Floor",1.000,1,"Assets/AOMigrator/MapVisualV063/Generated/Sprites/GRH_6522.asset","Assets/AOMigrator/MapVisualV063/Textures/tex_6215.png",".png",1,1,0,0,1,"INVALID_CROP_DIMENSIONS","Piso marrón sólido; marrón 0.91, cobertura 1.00"
"WARNING",6526,"GRH 6526 (tex_6215.png)",9,3,84,"Grass","Grass",0.783,1,"Assets/AOMigrator/MapVisualV063/Generated/Sprites/GRH_6526.asset","Assets/AOMigrator/MapVisualV063/Textures/tex_6215.png",".png",1,1,0,0,1,"INVALID_CROP_DIMENSIONS","Predominio verde 0.23, sat 0.53"
"WARNING",61828,"GRH 61828 (sin textura)",9,3,84,"Unclassified","Unclassified",0.150,0,"","","",0,0,0,1,0,"NO_CLASSIC_SPRITE|NO_SOURCE_TEXTURE_PATH|INVALID_CROP_DIMENSIONS","No se pudo analizar el sprite."
"WARNING",61832,"GRH 61832 (sin textura)",9,3,84,"Unclassified","Unclassified",0.150,0,"","","",0,0,0,1,0,"NO_CLASSIC_SPRITE|NO_SOURCE_TEXTURE_PATH|INVALID_CROP_DIMENSIONS","No se pudo analizar el sprite."
"WARNING",61612,"GRH 61612 (sin textura)",8,3,83,"Unclassified","Unclassified",0.150,0,"","","",0,0,0,1,0,"NO_CLASSIC_SPRITE|NO_SOURCE_TEXTURE_PATH|INVALID_CROP_DIMENSIONS","No se pudo analizar el sprite."
"WARNING",61616,"GRH 61616 (sin textura)",8,3,83,"Unclassified","Unclassified",0.150,0,"","","",0,0,0,1,0,"NO_CLASSIC_SPRITE|NO_SOURCE_TEXTURE_PATH|INVALID_CROP_DIMENSIONS","No se pudo analizar el sprite."
"WARNING",61620,"GRH 61620 (sin textura)",8,3,83,"Unclassified","Unclassified",0.150,0,"","","",0,0,0,1,0,"NO_CLASSIC_SPRITE|NO_SOURCE_TEXTURE_PATH|INVALID_CROP_DIMENSIONS","No se pudo analizar el sprite."
"WARNING",6472,"GRH 6472 (tex_6215.png)",7,3,82,"Floor","Floor",1.000,1,"Assets/AOMigrator/MapVisualV063/Generated/Sprites/GRH_6472.asset","Assets/AOMigrator/MapVisualV063/Textures/tex_6215.png",".png",1,1,0,0,1,"INVALID_CROP_DIMENSIONS","Piso marrón sólido; marrón 0.83, cobertura 1.00"
"WARNING",6473,"GRH 6473 (tex_6215.png)",7,3,82,"Floor","Floor",1.000,1,"Assets/AOMigrator/MapVisualV063/Generated/Sprites/GRH_6473.asset","Assets/AOMigrator/MapVisualV063/Textures/tex_6215.png",".png",1,1,0,0,1,"INVALID_CROP_DIMENSIONS","Piso marrón sólido; marrón 0.89, cobertura 1.00"
"WARNING",6474,"GRH 6474 (tex_6215.png)",7,3,82,"Floor","Floor",1.000,1,"Assets/AOMigrator/MapVisualV063/Generated/Sprites/GRH_6474.asset","Assets/AOMigrator/MapVisualV063/Textures/tex_6215.png",".png",1,1,0,0,1,"INVALID_CROP_DIMENSIONS","Piso marrón sólido; marrón 0.89, cobertura 1.00"
"WARNING",6476,"GRH 6476 (tex_6215.png)",7,3,82,"Grass","Grass",1.000,1,"Assets/AOMigrator/MapVisualV063/Generated/Sprites/GRH_6476.asset","Assets/AOMigrator/MapVisualV063/Textures/tex_6215.png",".png",1,1,0,0,1,"INVALID_CROP_DIMENSIONS","Predominio verde 0.78, sat 0.69"
"WARNING",6515,"GRH 6515 (tex_6215.png)",7,3,82,"Grass","Grass",1.000,1,"Assets/AOMigrator/MapVisualV063/Generated/Sprites/GRH_6515.asset","Assets/AOMigrator/MapVisualV063/Textures/tex_6215.png",".png",1,1,0,0,1,"INVALID_CROP_DIMENSIONS","Predominio verde 0.94, sat 0.73"
"WARNING",6523,"GRH 6523 (tex_6215.png)",7,3,82,"Grass","Grass",1.000,1,"Assets/AOMigrator/MapVisualV063/Generated/Sprites/GRH_6523.asset","Assets/AOMigrator/MapVisualV063/Textures/tex_6215.png",".png",1,1,0,0,1,"INVALID_CROP_DIMENSIONS","Predominio verde 0.85, sat 0.73"
"WARNING",6527,"GRH 6527 (tex_6215.png)",7,3,82,"Grass","Grass",1.000,1,"Assets/AOMigrator/MapVisualV063/Generated/Sprites/GRH_6527.asset","Assets/AOMigrator/MapVisualV063/Textures/tex_6215.png",".png",1,1,0,0,1,"INVALID_CROP_DIMENSIONS","Predominio verde 0.94, sat 0.73"
"WARNING",61644,"GRH 61644 (sin textura)",7,3,82,"Unclassified","Unclassified",0.150,0,"","","",0,0,0,1,0,"NO_CLASSIC_SPRITE|NO_SOURCE_TEXTURE_PATH|INVALID_CROP_DIMENSIONS","No se pudo analizar el sprite."
"WARNING",61645,"GRH 61645 (sin textura)",7,3,82,"Unclassified","Unclassified",0.150,0,"","","",0,0,0,1,0,"NO_CLASSIC_SPRITE|NO_SOURCE_TEXTURE_PATH|INVALID_CROP_DIMENSIONS","No se pudo analizar el sprite."
"WARNING",61648,"GRH 61648 (sin textura)",7,3,82,"Unclassified","Unclassified",0.150,0,"","","",0,0,0,1,0,"NO_CLASSIC_SPRITE|NO_SOURCE_TEXTURE_PATH|INVALID_CROP_DIMENSIONS","No se pudo analizar el sprite."
"WARNING",61649,"GRH 61649 (sin textura)",7,3,82,"Unclassified","Unclassified",0.150,0,"","","",0,0,0,1,0,"NO_CLASSIC_SPRITE|NO_SOURCE_TEXTURE_PATH|INVALID_CROP_DIMENSIONS","No se pudo analizar el sprite."
"WARNING",6545,"GRH 6545 (sin textura)",6,3,81,"Unclassified","Unclassified",0.150,0,"","","",0,0,0,1,0,"NO_CLASSIC_SPRITE|NO_SOURCE_TEXTURE_PATH|INVALID_CROP_DIMENSIONS","No se pudo analizar el sprite."
"WARNING",6549,"GRH 6549 (sin textura)",6,3,81,"Unclassified","Unclassified",0.150,0,"","","",0,0,0,1,0,"NO_CLASSIC_SPRITE|NO_SOURCE_TEXTURE_PATH|INVALID_CROP_DIMENSIONS","No se pudo analizar el sprite."
"WARNING",6553,"GRH 6553 (sin textura)",6,3,81,"Unclassified","Unclassified",0.150,0,"","","",0,0,0,1,0,"NO_CLASSIC_SPRITE|NO_SOURCE_TEXTURE_PATH|INVALID_CROP_DIMENSIONS","No se pudo analizar el sprite."
"WARNING",6557,"GRH 6557 (sin textura)",6,3,81,"Unclassified","Unclassified",0.150,0,"","","",0,0,0,1,0,"NO_CLASSIC_SPRITE|NO_SOURCE_TEXTURE_PATH|INVALID_CROP_DIMENSIONS","No se pudo analizar el sprite."
"WARNING",7163,"GRH 7163 (tex_5081.png)",6,3,81,"Transition","Transition",0.919,1,"Assets/AOMigrator/MapVisualV063/Generated/Sprites/GRH_7163.asset","Assets/AOMigrator/MapVisualV063/Textures/tex_5081.png",".png",1,1,0,0,1,"INVALID_CROP_DIMENSIONS","Transición: Layer2 100%, cobertura 34%, edge 0.48"
"WARNING",61199,"GRH 61199 (tex_5087.png)",6,3,81,"Grass","Grass",1.000,1,"Assets/AOMigrator/MapVisualV063/Generated/Sprites/GRH_61199.asset","Assets/AOMigrator/MapVisualV063/Textures/tex_5087.png",".png",1,1,0,0,1,"INVALID_CROP_DIMENSIONS","Predominio verde 0.87, sat 0.68"
"WARNING",61203,"GRH 61203 (tex_5087.png)",6,3,81,"Grass","Grass",1.000,1,"Assets/AOMigrator/MapVisualV063/Generated/Sprites/GRH_61203.asset","Assets/AOMigrator/MapVisualV063/Textures/tex_5087.png",".png",1,1,0,0,1,"INVALID_CROP_DIMENSIONS","Predominio verde 0.83, sat 0.67"
"WARNING",61207,"GRH 61207 (tex_5087.png)",6,3,81,"Grass","Grass",0.936,1,"Assets/AOMigrator/MapVisualV063/Generated/Sprites/GRH_61207.asset","Assets/AOMigrator/MapVisualV063/Textures/tex_5087.png",".png",1,1,0,0,1,"INVALID_CROP_DIMENSIONS","Predominio verde 0.40, sat 0.60"
"WARNING",61211,"GRH 61211 (tex_5087.png)",6,3,81,"Floor","Floor",1.000,1,"Assets/AOMigrator/MapVisualV063/Generated/Sprites/GRH_61211.asset","Assets/AOMigrator/MapVisualV063/Textures/tex_5087.png",".png",1,1,0,0,1,"INVALID_CROP_DIMENSIONS","Piso marrón sólido; marrón 0.98, cobertura 1.00"
"WARNING",61244,"GRH 61244 (sin textura)",6,3,81,"Unclassified","Unclassified",0.150,0,"","","",0,0,0,1,0,"NO_CLASSIC_SPRITE|NO_SOURCE_TEXTURE_PATH|INVALID_CROP_DIMENSIONS","No se pudo analizar el sprite."
"WARNING",61248,"GRH 61248 (sin textura)",6,3,81,"Unclassified","Unclassified",0.150,0,"","","",0,0,0,1,0,"NO_CLASSIC_SPRITE|NO_SOURCE_TEXTURE_PATH|INVALID_CROP_DIMENSIONS","No se pudo analizar el sprite."
"WARNING",61252,"GRH 61252 (sin textura)",6,3,81,"Unclassified","Unclassified",0.150,0,"","","",0,0,0,1,0,"NO_CLASSIC_SPRITE|NO_SOURCE_TEXTURE_PATH|INVALID_CROP_DIMENSIONS","No se pudo analizar el sprite."
"WARNING",61256,"GRH 61256 (sin textura)",6,3,81,"Unclassified","Unclassified",0.150,0,"","","",0,0,0,1,0,"NO_CLASSIC_SPRITE|NO_SOURCE_TEXTURE_PATH|INVALID_CROP_DIMENSIONS","No se pudo analizar el sprite."
"WARNING",61470,"GRH 61470 (sin textura)",6,3,81,"Unclassified","Unclassified",0.150,0,"","","",0,0,0,1,0,"NO_CLASSIC_SPRITE|NO_SOURCE_TEXTURE_PATH|INVALID_CROP_DIMENSIONS","No se pudo analizar el sprite."
"WARNING",61471,"GRH 61471 (sin textura)",6,3,81,"Unclassified","Unclassified",0.150,0,"","","",0,0,0,1,0,"NO_CLASSIC_SPRITE|NO_SOURCE_TEXTURE_PATH|INVALID_CROP_DIMENSIONS","No se pudo analizar el sprite."
"WARNING",61646,"GRH 61646 (sin textura)",6,3,81,"Unclassified","Unclassified",0.150,0,"","","",0,0,0,1,0,"NO_CLASSIC_SPRITE|NO_SOURCE_TEXTURE_PATH|INVALID_CROP_DIMENSIONS","No se pudo analizar el sprite."
"WARNING",61647,"GRH 61647 (sin textura)",6,3,81,"Unclassified","Unclassified",0.150,0,"","","",0,0,0,1,0,"NO_CLASSIC_SPRITE|NO_SOURCE_TEXTURE_PATH|INVALID_CROP_DIMENSIONS","No se pudo analizar el sprite."
"WARNING",61650,"GRH 61650 (sin textura)",6,3,81,"Unclassified","Unclassified",0.150,0,"","","",0,0,0,1,0,"NO_CLASSIC_SPRITE|NO_SOURCE_TEXTURE_PATH|INVALID_CROP_DIMENSIONS","No se pudo analizar el sprite."
"WARNING",61651,"GRH 61651 (sin textura)",6,3,81,"Unclassified","Unclassified",0.150,0,"","","",0,0,0,1,0,"NO_CLASSIC_SPRITE|NO_SOURCE_TEXTURE_PATH|INVALID_CROP_DIMENSIONS","No se pudo analizar el sprite."
"WARNING",61833,"GRH 61833 (sin textura)",6,3,81,"Unclassified","Unclassified",0.150,0,"","","",0,0,0,1,0,"NO_CLASSIC_SPRITE|NO_SOURCE_TEXTURE_PATH|INVALID_CROP_DIMENSIONS","No se pudo analizar el sprite."
"WARNING",308,"GRH 308 (tex_5132.png)",5,3,80,"Transition","Transition",0.896,1,"Assets/AOMigrator/MapVisualV063/Generated/Sprites/GRH_308.asset","Assets/AOMigrator/MapVisualV063/Textures/tex_5132.png",".png",1,1,0,0,1,"INVALID_CROP_DIMENSIONS","Transición: Layer2 100%, cobertura 47%, edge 0.23"
"WARNING",6468,"GRH 6468 (tex_6215.png)",5,3,80,"Floor","Floor",1.000,1,"Assets/AOMigrator/MapVisualV063/Generated/Sprites/GRH_6468.asset","Assets/AOMigrator/MapVisualV063/Textures/tex_6215.png",".png",1,1,0,0,1,"INVALID_CROP_DIMENSIONS","Piso marrón sólido; marrón 0.97, cobertura 1.00"
"WARNING",6469,"GRH 6469 (tex_6215.png)",5,3,80,"Floor","Floor",1.000,1,"Assets/AOMigrator/MapVisualV063/Generated/Sprites/GRH_6469.asset","Assets/AOMigrator/MapVisualV063/Textures/tex_6215.png",".png",1,1,0,0,1,"INVALID_CROP_DIMENSIONS","Piso marrón sólido; marrón 1.00, cobertura 1.00"
"WARNING",6470,"GRH 6470 (tex_6215.png)",5,3,80,"Floor","Floor",1.000,1,"Assets/AOMigrator/MapVisualV063/Generated/Sprites/GRH_6470.asset","Assets/AOMigrator/MapVisualV063/Textures/tex_6215.png",".png",1,1,0,0,1,"INVALID_CROP_DIMENSIONS","Piso marrón sólido; marrón 0.99, cobertura 1.00"
"WARNING",6477,"GRH 6477 (tex_6215.png)",5,3,80,"Grass","Grass",1.000,1,"Assets/AOMigrator/MapVisualV063/Generated/Sprites/GRH_6477.asset","Assets/AOMigrator/MapVisualV063/Textures/tex_6215.png",".png",1,1,0,0,1,"INVALID_CROP_DIMENSIONS","Predominio verde 0.91, sat 0.72"
"WARNING",6478,"GRH 6478 (tex_6215.png)",5,3,80,"Grass","Grass",1.000,1,"Assets/AOMigrator/MapVisualV063/Generated/Sprites/GRH_6478.asset","Assets/AOMigrator/MapVisualV063/Textures/tex_6215.png",".png",1,1,0,0,1,"INVALID_CROP_DIMENSIONS","Predominio verde 0.94, sat 0.72"
"WARNING",6546,"GRH 6546 (sin textura)",5,3,80,"Unclassified","Unclassified",0.150,0,"","","",0,0,0,1,0,"NO_CLASSIC_SPRITE|NO_SOURCE_TEXTURE_PATH|INVALID_CROP_DIMENSIONS","No se pudo analizar el sprite."
"WARNING",6547,"GRH 6547 (sin textura)",5,3,80,"Unclassified","Unclassified",0.150,0,"","","",0,0,0,1,0,"NO_CLASSIC_SPRITE|NO_SOURCE_TEXTURE_PATH|INVALID_CROP_DIMENSIONS","No se pudo analizar el sprite."
"WARNING",6550,"GRH 6550 (sin textura)",5,3,80,"Unclassified","Unclassified",0.150,0,"","","",0,0,0,1,0,"NO_CLASSIC_SPRITE|NO_SOURCE_TEXTURE_PATH|INVALID_CROP_DIMENSIONS","No se pudo analizar el sprite."
"WARNING",6551,"GRH 6551 (sin textura)",5,3,80,"Unclassified","Unclassified",0.150,0,"","","",0,0,0,1,0,"NO_CLASSIC_SPRITE|NO_SOURCE_TEXTURE_PATH|INVALID_CROP_DIMENSIONS","No se pudo analizar el sprite."
"WARNING",6554,"GRH 6554 (sin textura)",5,3,80,"Unclassified","Unclassified",0.150,0,"","","",0,0,0,1,0,"NO_CLASSIC_SPRITE|NO_SOURCE_TEXTURE_PATH|INVALID_CROP_DIMENSIONS","No se pudo analizar el sprite."
"WARNING",6555,"GRH 6555 (sin textura)",5,3,80,"Unclassified","Unclassified",0.150,0,"","","",0,0,0,1,0,"NO_CLASSIC_SPRITE|NO_SOURCE_TEXTURE_PATH|INVALID_CROP_DIMENSIONS","No se pudo analizar el sprite."
"WARNING",6558,"GRH 6558 (sin textura)",5,3,80,"Unclassified","Unclassified",0.150,0,"","","",0,0,0,1,0,"NO_CLASSIC_SPRITE|NO_SOURCE_TEXTURE_PATH|INVALID_CROP_DIMENSIONS","No se pudo analizar el sprite."
"WARNING",6559,"GRH 6559 (sin textura)",5,3,80,"Unclassified","Unclassified",0.150,0,"","","",0,0,0,1,0,"NO_CLASSIC_SPRITE|NO_SOURCE_TEXTURE_PATH|INVALID_CROP_DIMENSIONS","No se pudo analizar el sprite."
"WARNING",16180,"GRH 16180 (sin textura)",5,3,80,"Unclassified","Unclassified",0.150,0,"","","",0,0,0,1,0,"NO_CLASSIC_SPRITE|NO_SOURCE_TEXTURE_PATH|INVALID_CROP_DIMENSIONS","No se pudo analizar el sprite."
"WARNING",26113,"GRH 26113 (sin textura)",5,3,80,"Unclassified","Unclassified",0.150,0,"","","",0,0,0,1,0,"NO_CLASSIC_SPRITE|NO_SOURCE_TEXTURE_PATH|INVALID_CROP_DIMENSIONS","No se pudo analizar el sprite."
"WARNING",61356,"GRH 61356 (sin textura)",5,3,80,"Unclassified","Unclassified",0.150,0,"","","",0,0,0,1,0,"NO_CLASSIC_SPRITE|NO_SOURCE_TEXTURE_PATH|INVALID_CROP_DIMENSIONS","No se pudo analizar el sprite."
"WARNING",61357,"GRH 61357 (sin textura)",5,3,80,"Unclassified","Unclassified",0.150,0,"","","",0,0,0,1,0,"NO_CLASSIC_SPRITE|NO_SOURCE_TEXTURE_PATH|INVALID_CROP_DIMENSIONS","No se pudo analizar el sprite."
"WARNING",61360,"GRH 61360 (sin textura)",5,3,80,"Unclassified","Unclassified",0.150,0,"","","",0,0,0,1,0,"NO_CLASSIC_SPRITE|NO_SOURCE_TEXTURE_PATH|INVALID_CROP_DIMENSIONS","No se pudo analizar el sprite."
"WARNING",61361,"GRH 61361 (sin textura)",5,3,80,"Unclassified","Unclassified",0.150,0,"","","",0,0,0,1,0,"NO_CLASSIC_SPRITE|NO_SOURCE_TEXTURE_PATH|INVALID_CROP_DIMENSIONS","No se pudo analizar el sprite."
"WARNING",61364,"GRH 61364 (sin textura)",5,3,80,"Unclassified","Unclassified",0.150,0,"","","",0,0,0,1,0,"NO_CLASSIC_SPRITE|NO_SOURCE_TEXTURE_PATH|INVALID_CROP_DIMENSIONS","No se pudo analizar el sprite."
"WARNING",61365,"GRH 61365 (sin textura)",5,3,80,"Unclassified","Unclassified",0.150,0,"","","",0,0,0,1,0,"NO_CLASSIC_SPRITE|NO_SOURCE_TEXTURE_PATH|INVALID_CROP_DIMENSIONS","No se pudo analizar el sprite."
"WARNING",61368,"GRH 61368 (sin textura)",5,3,80,"Unclassified","Unclassified",0.150,0,"","","",0,0,0,1,0,"NO_CLASSIC_SPRITE|NO_SOURCE_TEXTURE_PATH|INVALID_CROP_DIMENSIONS","No se pudo analizar el sprite."
"WARNING",61369,"GRH 61369 (sin textura)",5,3,80,"Unclassified","Unclassified",0.150,0,"","","",0,0,0,1,0,"NO_CLASSIC_SPRITE|NO_SOURCE_TEXTURE_PATH|INVALID_CROP_DIMENSIONS","No se pudo analizar el sprite."
"WARNING",6544,"GRH 6544 (sin textura)",4,3,79,"Unclassified","Unclassified",0.150,0,"","","",0,0,0,1,0,"NO_CLASSIC_SPRITE|NO_SOURCE_TEXTURE_PATH|INVALID_CROP_DIMENSIONS","No se pudo analizar el sprite."
"WARNING",6548,"GRH 6548 (sin textura)",4,3,79,"Unclassified","Unclassified",0.150,0,"","","",0,0,0,1,0,"NO_CLASSIC_SPRITE|NO_SOURCE_TEXTURE_PATH|INVALID_CROP_DIMENSIONS","No se pudo analizar el sprite."
"WARNING",6552,"GRH 6552 (sin textura)",4,3,79,"Unclassified","Unclassified",0.150,0,"","","",0,0,0,1,0,"NO_CLASSIC_SPRITE|NO_SOURCE_TEXTURE_PATH|INVALID_CROP_DIMENSIONS","No se pudo analizar el sprite."
"WARNING",6556,"GRH 6556 (sin textura)",4,3,79,"Unclassified","Unclassified",0.150,0,"","","",0,0,0,1,0,"NO_CLASSIC_SPRITE|NO_SOURCE_TEXTURE_PATH|INVALID_CROP_DIMENSIONS","No se pudo analizar el sprite."
"WARNING",16181,"GRH 16181 (tex_5065.png)",4,3,79,"Transition","Transition",0.882,1,"Assets/AOMigrator/MapVisualV063/Generated/Sprites/GRH_16181.asset","Assets/AOMigrator/MapVisualV063/Textures/tex_5065.png",".png",1,1,0,0,1,"INVALID_CROP_DIMENSIONS","Transición: Layer2 100%, cobertura 55%, edge 0.40"
"WARNING",550,"GRH 550 (tex_100.png)",28,2,78,"Transition","Transition",0.895,1,"Assets/AOMigrator/MapVisualV063/Generated/Sprites/GRH_550.asset","Assets/AOMigrator/MapVisualV063/Textures/tex_100.png",".png",1,1,0,0,1,"INVALID_CROP_DIMENSIONS","Transición: Layer2 100%, cobertura 47%, edge 0.52"
"WARNING",60952,"GRH 60952 (tex_5087.png)",3,3,78,"Floor","Floor",1.000,1,"Assets/AOMigrator/MapVisualV063/Generated/Sprites/GRH_60952.asset","Assets/AOMigrator/MapVisualV063/Textures/tex_5087.png",".png",1,1,0,0,1,"INVALID_CROP_DIMENSIONS","Piso marrón sólido; marrón 0.83, cobertura 1.00"
"WARNING",61500,"GRH 61500 (sin textura)",3,3,78,"Unclassified","Unclassified",0.150,0,"","","",0,0,0,1,0,"NO_CLASSIC_SPRITE|NO_SOURCE_TEXTURE_PATH|INVALID_CROP_DIMENSIONS","No se pudo analizar el sprite."
"WARNING",61501,"GRH 61501 (sin textura)",3,3,78,"Unclassified","Unclassified",0.150,0,"","","",0,0,0,1,0,"NO_CLASSIC_SPRITE|NO_SOURCE_TEXTURE_PATH|INVALID_CROP_DIMENSIONS","No se pudo analizar el sprite."
"WARNING",61504,"GRH 61504 (sin textura)",3,3,78,"Unclassified","Unclassified",0.150,0,"","","",0,0,0,1,0,"NO_CLASSIC_SPRITE|NO_SOURCE_TEXTURE_PATH|INVALID_CROP_DIMENSIONS","No se pudo analizar el sprite."
"WARNING",61505,"GRH 61505 (sin textura)",3,3,78,"Unclassified","Unclassified",0.150,0,"","","",0,0,0,1,0,"NO_CLASSIC_SPRITE|NO_SOURCE_TEXTURE_PATH|INVALID_CROP_DIMENSIONS","No se pudo analizar el sprite."
"WARNING",61508,"GRH 61508 (sin textura)",3,3,78,"Unclassified","Unclassified",0.150,0,"","","",0,0,0,1,0,"NO_CLASSIC_SPRITE|NO_SOURCE_TEXTURE_PATH|INVALID_CROP_DIMENSIONS","No se pudo analizar el sprite."
"WARNING",61509,"GRH 61509 (sin textura)",3,3,78,"Unclassified","Unclassified",0.150,0,"","","",0,0,0,1,0,"NO_CLASSIC_SPRITE|NO_SOURCE_TEXTURE_PATH|INVALID_CROP_DIMENSIONS","No se pudo analizar el sprite."
"WARNING",61512,"GRH 61512 (sin textura)",3,3,78,"Unclassified","Unclassified",0.150,0,"","","",0,0,0,1,0,"NO_CLASSIC_SPRITE|NO_SOURCE_TEXTURE_PATH|INVALID_CROP_DIMENSIONS","No se pudo analizar el sprite."
"WARNING",61513,"GRH 61513 (sin textura)",3,3,78,"Unclassified","Unclassified",0.150,0,"","","",0,0,0,1,0,"NO_CLASSIC_SPRITE|NO_SOURCE_TEXTURE_PATH|INVALID_CROP_DIMENSIONS","No se pudo analizar el sprite."
"WARNING",61820,"GRH 61820 (sin textura)",3,3,78,"Unclassified","Unclassified",0.150,0,"","","",0,0,0,1,0,"NO_CLASSIC_SPRITE|NO_SOURCE_TEXTURE_PATH|INVALID_CROP_DIMENSIONS","No se pudo analizar el sprite."
"WARNING",61821,"GRH 61821 (sin textura)",3,3,78,"Unclassified","Unclassified",0.150,0,"","","",0,0,0,1,0,"NO_CLASSIC_SPRITE|NO_SOURCE_TEXTURE_PATH|INVALID_CROP_DIMENSIONS","No se pudo analizar el sprite."
"WARNING",61822,"GRH 61822 (sin textura)",3,3,78,"Unclassified","Unclassified",0.150,0,"","","",0,0,0,1,0,"NO_CLASSIC_SPRITE|NO_SOURCE_TEXTURE_PATH|INVALID_CROP_DIMENSIONS","No se pudo analizar el sprite."
"WARNING",61825,"GRH 61825 (sin textura)",3,3,78,"Unclassified","Unclassified",0.150,0,"","","",0,0,0,1,0,"NO_CLASSIC_SPRITE|NO_SOURCE_TEXTURE_PATH|INVALID_CROP_DIMENSIONS","No se pudo analizar el sprite."
"WARNING",61826,"GRH 61826 (sin textura)",3,3,78,"Unclassified","Unclassified",0.150,0,"","","",0,0,0,1,0,"NO_CLASSIC_SPRITE|NO_SOURCE_TEXTURE_PATH|INVALID_CROP_DIMENSIONS","No se pudo analizar el sprite."
"WARNING",61834,"GRH 61834 (sin textura)",3,3,78,"Unclassified","Unclassified",0.150,0,"","","",0,0,0,1,0,"NO_CLASSIC_SPRITE|NO_SOURCE_TEXTURE_PATH|INVALID_CROP_DIMENSIONS","No se pudo analizar el sprite."
"WARNING",61836,"GRH 61836 (sin textura)",3,3,78,"Unclassified","Unclassified",0.150,0,"","","",0,0,0,1,0,"NO_CLASSIC_SPRITE|NO_SOURCE_TEXTURE_PATH|INVALID_CROP_DIMENSIONS","No se pudo analizar el sprite."
"WARNING",61837,"GRH 61837 (sin textura)",3,3,78,"Unclassified","Unclassified",0.150,0,"","","",0,0,0,1,0,"NO_CLASSIC_SPRITE|NO_SOURCE_TEXTURE_PATH|INVALID_CROP_DIMENSIONS","No se pudo analizar el sprite."
"WARNING",61838,"GRH 61838 (sin textura)",3,3,78,"Unclassified","Unclassified",0.150,0,"","","",0,0,0,1,0,"NO_CLASSIC_SPRITE|NO_SOURCE_TEXTURE_PATH|INVALID_CROP_DIMENSIONS","No se pudo analizar el sprite."
"WARNING",61839,"GRH 61839 (sin textura)",3,3,78,"Unclassified","Unclassified",0.150,0,"","","",0,0,0,1,0,"NO_CLASSIC_SPRITE|NO_SOURCE_TEXTURE_PATH|INVALID_CROP_DIMENSIONS","No se pudo analizar el sprite."
"WARNING",61848,"GRH 61848 (sin textura)",3,3,78,"Unclassified","Unclassified",0.150,0,"","","",0,0,0,1,0,"NO_CLASSIC_SPRITE|NO_SOURCE_TEXTURE_PATH|INVALID_CROP_DIMENSIONS","No se pudo analizar el sprite."
"WARNING",61849,"GRH 61849 (sin textura)",3,3,78,"Unclassified","Unclassified",0.150,0,"","","",0,0,0,1,0,"NO_CLASSIC_SPRITE|NO_SOURCE_TEXTURE_PATH|INVALID_CROP_DIMENSIONS","No se pudo analizar el sprite."
"WARNING",61850,"GRH 61850 (sin textura)",3,3,78,"Unclassified","Unclassified",0.150,0,"","","",0,0,0,1,0,"NO_CLASSIC_SPRITE|NO_SOURCE_TEXTURE_PATH|INVALID_CROP_DIMENSIONS","No se pudo analizar el sprite."
"WARNING",61875,"GRH 61875 (tex_5087.png)",3,3,78,"Grass","Grass",1.000,1,"Assets/AOMigrator/MapVisualV063/Generated/Sprites/GRH_61875.asset","Assets/AOMigrator/MapVisualV063/Textures/tex_5087.png",".png",1,1,0,0,1,"INVALID_CROP_DIMENSIONS","Predominio verde 0.84, sat 0.67"
"WARNING",48775,"GRH 48775 (sin textura)",24,2,74,"Unclassified","Unclassified",0.150,0,"","","",0,0,0,1,0,"NO_CLASSIC_SPRITE|NO_SOURCE_TEXTURE_PATH|INVALID_CROP_DIMENSIONS","No se pudo analizar el sprite."
"WARNING",48777,"GRH 48777 (sin textura)",24,2,74,"Unclassified","Unclassified",0.150,0,"","","",0,0,0,1,0,"NO_CLASSIC_SPRITE|NO_SOURCE_TEXTURE_PATH|INVALID_CROP_DIMENSIONS","No se pudo analizar el sprite."
"WARNING",48774,"GRH 48774 (sin textura)",20,2,70,"Unclassified","Unclassified",0.150,0,"","","",0,0,0,1,0,"NO_CLASSIC_SPRITE|NO_SOURCE_TEXTURE_PATH|INVALID_CROP_DIMENSIONS","No se pudo analizar el sprite."
"WARNING",48776,"GRH 48776 (sin textura)",20,2,70,"Unclassified","Unclassified",0.150,0,"","","",0,0,0,1,0,"NO_CLASSIC_SPRITE|NO_SOURCE_TEXTURE_PATH|INVALID_CROP_DIMENSIONS","No se pudo analizar el sprite."
"WARNING",1284,"GRH 1284 (sin textura)",18,2,68,"Unclassified","Unclassified",0.150,0,"","","",0,0,0,1,0,"NO_CLASSIC_SPRITE|NO_SOURCE_TEXTURE_PATH|INVALID_CROP_DIMENSIONS","No se pudo analizar el sprite."
"WARNING",1285,"GRH 1285 (sin textura)",18,2,68,"Unclassified","Unclassified",0.150,0,"","","",0,0,0,1,0,"NO_CLASSIC_SPRITE|NO_SOURCE_TEXTURE_PATH|INVALID_CROP_DIMENSIONS","No se pudo analizar el sprite."
"WARNING",1286,"GRH 1286 (sin textura)",17,2,67,"Unclassified","Unclassified",0.150,0,"","","",0,0,0,1,0,"NO_CLASSIC_SPRITE|NO_SOURCE_TEXTURE_PATH|INVALID_CROP_DIMENSIONS","No se pudo analizar el sprite."
"WARNING",1288,"GRH 1288 (sin textura)",17,2,67,"Unclassified","Unclassified",0.150,0,"","","",0,0,0,1,0,"NO_CLASSIC_SPRITE|NO_SOURCE_TEXTURE_PATH|INVALID_CROP_DIMENSIONS","No se pudo analizar el sprite."
"WARNING",1292,"GRH 1292 (sin textura)",17,2,67,"Unclassified","Unclassified",0.150,0,"","","",0,0,0,1,0,"NO_CLASSIC_SPRITE|NO_SOURCE_TEXTURE_PATH|INVALID_CROP_DIMENSIONS","No se pudo analizar el sprite."
"WARNING",1296,"GRH 1296 (sin textura)",17,2,67,"Unclassified","Unclassified",0.150,0,"","","",0,0,0,1,0,"NO_CLASSIC_SPRITE|NO_SOURCE_TEXTURE_PATH|INVALID_CROP_DIMENSIONS","No se pudo analizar el sprite."
"WARNING",1287,"GRH 1287 (sin textura)",16,2,66,"Unclassified","Unclassified",0.150,0,"","","",0,0,0,1,0,"NO_CLASSIC_SPRITE|NO_SOURCE_TEXTURE_PATH|INVALID_CROP_DIMENSIONS","No se pudo analizar el sprite."
"WARNING",1289,"GRH 1289 (sin textura)",16,2,66,"Unclassified","Unclassified",0.150,0,"","","",0,0,0,1,0,"NO_CLASSIC_SPRITE|NO_SOURCE_TEXTURE_PATH|INVALID_CROP_DIMENSIONS","No se pudo analizar el sprite."
"WARNING",1290,"GRH 1290 (sin textura)",16,2,66,"Unclassified","Unclassified",0.150,0,"","","",0,0,0,1,0,"NO_CLASSIC_SPRITE|NO_SOURCE_TEXTURE_PATH|INVALID_CROP_DIMENSIONS","No se pudo analizar el sprite."
"WARNING",1291,"GRH 1291 (sin textura)",16,2,66,"Unclassified","Unclassified",0.150,0,"","","",0,0,0,1,0,"NO_CLASSIC_SPRITE|NO_SOURCE_TEXTURE_PATH|INVALID_CROP_DIMENSIONS","No se pudo analizar el sprite."
"WARNING",1293,"GRH 1293 (sin textura)",16,2,66,"Unclassified","Unclassified",0.150,0,"","","",0,0,0,1,0,"NO_CLASSIC_SPRITE|NO_SOURCE_TEXTURE_PATH|INVALID_CROP_DIMENSIONS","No se pudo analizar el sprite."
"WARNING",1294,"GRH 1294 (sin textura)",16,2,66,"Unclassified","Unclassified",0.150,0,"","","",0,0,0,1,0,"NO_CLASSIC_SPRITE|NO_SOURCE_TEXTURE_PATH|INVALID_CROP_DIMENSIONS","No se pudo analizar el sprite."
"WARNING",1295,"GRH 1295 (sin textura)",16,2,66,"Unclassified","Unclassified",0.150,0,"","","",0,0,0,1,0,"NO_CLASSIC_SPRITE|NO_SOURCE_TEXTURE_PATH|INVALID_CROP_DIMENSIONS","No se pudo analizar el sprite."
"WARNING",1297,"GRH 1297 (sin textura)",16,2,66,"Unclassified","Unclassified",0.150,0,"","","",0,0,0,1,0,"NO_CLASSIC_SPRITE|NO_SOURCE_TEXTURE_PATH|INVALID_CROP_DIMENSIONS","No se pudo analizar el sprite."
"WARNING",1298,"GRH 1298 (sin textura)",16,2,66,"Unclassified","Unclassified",0.150,0,"","","",0,0,0,1,0,"NO_CLASSIC_SPRITE|NO_SOURCE_TEXTURE_PATH|INVALID_CROP_DIMENSIONS","No se pudo analizar el sprite."
"WARNING",1299,"GRH 1299 (sin textura)",16,2,66,"Unclassified","Unclassified",0.150,0,"","","",0,0,0,1,0,"NO_CLASSIC_SPRITE|NO_SOURCE_TEXTURE_PATH|INVALID_CROP_DIMENSIONS","No se pudo analizar el sprite."
"WARNING",15299,"GRH 15299 (sin textura)",39,1,64,"Unclassified","Unclassified",0.150,0,"","","",0,0,0,1,0,"NO_CLASSIC_SPRITE|NO_SOURCE_TEXTURE_PATH|INVALID_CROP_DIMENSIONS","No se pudo analizar el sprite."
"WARNING",1353,"GRH 1353 (sin textura)",13,2,63,"Unclassified","Unclassified",0.150,0,"","","",0,0,0,1,0,"NO_CLASSIC_SPRITE|NO_SOURCE_TEXTURE_PATH|INVALID_CROP_DIMENSIONS","No se pudo analizar el sprite."
"WARNING",1354,"GRH 1354 (sin textura)",13,2,63,"Unclassified","Unclassified",0.150,0,"","","",0,0,0,1,0,"NO_CLASSIC_SPRITE|NO_SOURCE_TEXTURE_PATH|INVALID_CROP_DIMENSIONS","No se pudo analizar el sprite."
"WARNING",1355,"GRH 1355 (sin textura)",13,2,63,"Unclassified","Unclassified",0.150,0,"","","",0,0,0,1,0,"NO_CLASSIC_SPRITE|NO_SOURCE_TEXTURE_PATH|INVALID_CROP_DIMENSIONS","No se pudo analizar el sprite."
"WARNING",1357,"GRH 1357 (sin textura)",13,2,63,"Unclassified","Unclassified",0.150,0,"","","",0,0,0,1,0,"NO_CLASSIC_SPRITE|NO_SOURCE_TEXTURE_PATH|INVALID_CROP_DIMENSIONS","No se pudo analizar el sprite."
"WARNING",1358,"GRH 1358 (sin textura)",13,2,63,"Unclassified","Unclassified",0.150,0,"","","",0,0,0,1,0,"NO_CLASSIC_SPRITE|NO_SOURCE_TEXTURE_PATH|INVALID_CROP_DIMENSIONS","No se pudo analizar el sprite."
"WARNING",1359,"GRH 1359 (sin textura)",13,2,63,"Unclassified","Unclassified",0.150,0,"","","",0,0,0,1,0,"NO_CLASSIC_SPRITE|NO_SOURCE_TEXTURE_PATH|INVALID_CROP_DIMENSIONS","No se pudo analizar el sprite."
"WARNING",1535,"GRH 1535 (sin textura)",13,2,63,"Unclassified","Unclassified",0.150,0,"","","",0,0,0,1,0,"NO_CLASSIC_SPRITE|NO_SOURCE_TEXTURE_PATH|INVALID_CROP_DIMENSIONS","No se pudo analizar el sprite."
"WARNING",1536,"GRH 1536 (sin textura)",13,2,63,"Unclassified","Unclassified",0.150,0,"","","",0,0,0,1,0,"NO_CLASSIC_SPRITE|NO_SOURCE_TEXTURE_PATH|INVALID_CROP_DIMENSIONS","No se pudo analizar el sprite."
"WARNING",1537,"GRH 1537 (sin textura)",13,2,63,"Unclassified","Unclassified",0.150,0,"","","",0,0,0,1,0,"NO_CLASSIC_SPRITE|NO_SOURCE_TEXTURE_PATH|INVALID_CROP_DIMENSIONS","No se pudo analizar el sprite."
"WARNING",1352,"GRH 1352 (sin textura)",12,2,62,"Unclassified","Unclassified",0.150,0,"","","",0,0,0,1,0,"NO_CLASSIC_SPRITE|NO_SOURCE_TEXTURE_PATH|INVALID_CROP_DIMENSIONS","No se pudo analizar el sprite."
"WARNING",1356,"GRH 1356 (sin textura)",12,2,62,"Unclassified","Unclassified",0.150,0,"","","",0,0,0,1,0,"NO_CLASSIC_SPRITE|NO_SOURCE_TEXTURE_PATH|INVALID_CROP_DIMENSIONS","No se pudo analizar el sprite."
"WARNING",1363,"GRH 1363 (sin textura)",12,2,62,"Unclassified","Unclassified",0.150,0,"","","",0,0,0,1,0,"NO_CLASSIC_SPRITE|NO_SOURCE_TEXTURE_PATH|INVALID_CROP_DIMENSIONS","No se pudo analizar el sprite."
"WARNING",1523,"GRH 1523 (sin textura)",12,2,62,"Unclassified","Unclassified",0.150,0,"","","",0,0,0,1,0,"NO_CLASSIC_SPRITE|NO_SOURCE_TEXTURE_PATH|INVALID_CROP_DIMENSIONS","No se pudo analizar el sprite."
"WARNING",1524,"GRH 1524 (sin textura)",12,2,62,"Unclassified","Unclassified",0.150,0,"","","",0,0,0,1,0,"NO_CLASSIC_SPRITE|NO_SOURCE_TEXTURE_PATH|INVALID_CROP_DIMENSIONS","No se pudo analizar el sprite."
"WARNING",1525,"GRH 1525 (sin textura)",12,2,62,"Unclassified","Unclassified",0.150,0,"","","",0,0,0,1,0,"NO_CLASSIC_SPRITE|NO_SOURCE_TEXTURE_PATH|INVALID_CROP_DIMENSIONS","No se pudo analizar el sprite."
"WARNING",1527,"GRH 1527 (sin textura)",12,2,62,"Unclassified","Unclassified",0.150,0,"","","",0,0,0,1,0,"NO_CLASSIC_SPRITE|NO_SOURCE_TEXTURE_PATH|INVALID_CROP_DIMENSIONS","No se pudo analizar el sprite."
"WARNING",1528,"GRH 1528 (sin textura)",12,2,62,"Unclassified","Unclassified",0.150,0,"","","",0,0,0,1,0,"NO_CLASSIC_SPRITE|NO_SOURCE_TEXTURE_PATH|INVALID_CROP_DIMENSIONS","No se pudo analizar el sprite."
"WARNING",1529,"GRH 1529 (sin textura)",12,2,62,"Unclassified","Unclassified",0.150,0,"","","",0,0,0,1,0,"NO_CLASSIC_SPRITE|NO_SOURCE_TEXTURE_PATH|INVALID_CROP_DIMENSIONS","No se pudo analizar el sprite."
"WARNING",1531,"GRH 1531 (sin textura)",12,2,62,"Unclassified","Unclassified",0.150,0,"","","",0,0,0,1,0,"NO_CLASSIC_SPRITE|NO_SOURCE_TEXTURE_PATH|INVALID_CROP_DIMENSIONS","No se pudo analizar el sprite."
"WARNING",1532,"GRH 1532 (sin textura)",12,2,62,"Unclassified","Unclassified",0.150,0,"","","",0,0,0,1,0,"NO_CLASSIC_SPRITE|NO_SOURCE_TEXTURE_PATH|INVALID_CROP_DIMENSIONS","No se pudo analizar el sprite."
"WARNING",1533,"GRH 1533 (sin textura)",12,2,62,"Unclassified","Unclassified",0.150,0,"","","",0,0,0,1,0,"NO_CLASSIC_SPRITE|NO_SOURCE_TEXTURE_PATH|INVALID_CROP_DIMENSIONS","No se pudo analizar el sprite."
"WARNING",1534,"GRH 1534 (sin textura)",12,2,62,"Unclassified","Unclassified",0.150,0,"","","",0,0,0,1,0,"NO_CLASSIC_SPRITE|NO_SOURCE_TEXTURE_PATH|INVALID_CROP_DIMENSIONS","No se pudo analizar el sprite."
"WARNING",1349,"GRH 1349 (sin textura)",11,2,61,"Unclassified","Unclassified",0.150,0,"","","",0,0,0,1,0,"NO_CLASSIC_SPRITE|NO_SOURCE_TEXTURE_PATH|INVALID_CROP_DIMENSIONS","No se pudo analizar el sprite."
"WARNING",1351,"GRH 1351 (sin textura)",11,2,61,"Unclassified","Unclassified",0.150,0,"","","",0,0,0,1,0,"NO_CLASSIC_SPRITE|NO_SOURCE_TEXTURE_PATH|INVALID_CROP_DIMENSIONS","No se pudo analizar el sprite."
"WARNING",1361,"GRH 1361 (sin textura)",11,2,61,"Unclassified","Unclassified",0.150,0,"","","",0,0,0,1,0,"NO_CLASSIC_SPRITE|NO_SOURCE_TEXTURE_PATH|INVALID_CROP_DIMENSIONS","No se pudo analizar el sprite."
"WARNING",1362,"GRH 1362 (sin textura)",11,2,61,"Unclassified","Unclassified",0.150,0,"","","",0,0,0,1,0,"NO_CLASSIC_SPRITE|NO_SOURCE_TEXTURE_PATH|INVALID_CROP_DIMENSIONS","No se pudo analizar el sprite."
"WARNING",1522,"GRH 1522 (sin textura)",11,2,61,"Unclassified","Unclassified",0.150,0,"","","",0,0,0,1,0,"NO_CLASSIC_SPRITE|NO_SOURCE_TEXTURE_PATH|INVALID_CROP_DIMENSIONS","No se pudo analizar el sprite."
"WARNING",1526,"GRH 1526 (sin textura)",11,2,61,"Unclassified","Unclassified",0.150,0,"","","",0,0,0,1,0,"NO_CLASSIC_SPRITE|NO_SOURCE_TEXTURE_PATH|INVALID_CROP_DIMENSIONS","No se pudo analizar el sprite."
"WARNING",1530,"GRH 1530 (sin textura)",11,2,61,"Unclassified","Unclassified",0.150,0,"","","",0,0,0,1,0,"NO_CLASSIC_SPRITE|NO_SOURCE_TEXTURE_PATH|INVALID_CROP_DIMENSIONS","No se pudo analizar el sprite."
"WARNING",1348,"GRH 1348 (sin textura)",10,2,60,"Unclassified","Unclassified",0.150,0,"","","",0,0,0,1,0,"NO_CLASSIC_SPRITE|NO_SOURCE_TEXTURE_PATH|INVALID_CROP_DIMENSIONS","No se pudo analizar el sprite."
"WARNING",1350,"GRH 1350 (sin textura)",10,2,60,"Unclassified","Unclassified",0.150,0,"","","",0,0,0,1,0,"NO_CLASSIC_SPRITE|NO_SOURCE_TEXTURE_PATH|INVALID_CROP_DIMENSIONS","No se pudo analizar el sprite."
"WARNING",1360,"GRH 1360 (sin textura)",10,2,60,"Unclassified","Unclassified",0.150,0,"","","",0,0,0,1,0,"NO_CLASSIC_SPRITE|NO_SOURCE_TEXTURE_PATH|INVALID_CROP_DIMENSIONS","No se pudo analizar el sprite."
"WARNING",1139,"GRH 1139 (sin textura)",9,2,59,"Unclassified","Unclassified",0.150,0,"","","",0,0,0,1,0,"NO_CLASSIC_SPRITE|NO_SOURCE_TEXTURE_PATH|INVALID_CROP_DIMENSIONS","No se pudo analizar el sprite."
"WARNING",1179,"GRH 1179 (sin textura)",9,2,59,"Unclassified","Unclassified",0.150,0,"","","",0,0,0,1,0,"NO_CLASSIC_SPRITE|NO_SOURCE_TEXTURE_PATH|INVALID_CROP_DIMENSIONS","No se pudo analizar el sprite."
"WARNING",1566,"GRH 1566 (sin textura)",8,2,58,"Unclassified","Unclassified",0.150,0,"","","",0,0,0,1,0,"NO_CLASSIC_SPRITE|NO_SOURCE_TEXTURE_PATH|INVALID_CROP_DIMENSIONS","No se pudo analizar el sprite."
"WARNING",1567,"GRH 1567 (sin textura)",8,2,58,"Unclassified","Unclassified",0.150,0,"","","",0,0,0,1,0,"NO_CLASSIC_SPRITE|NO_SOURCE_TEXTURE_PATH|INVALID_CROP_DIMENSIONS","No se pudo analizar el sprite."
"WARNING",1568,"GRH 1568 (sin textura)",8,2,58,"Unclassified","Unclassified",0.150,0,"","","",0,0,0,1,0,"NO_CLASSIC_SPRITE|NO_SOURCE_TEXTURE_PATH|INVALID_CROP_DIMENSIONS","No se pudo analizar el sprite."
"WARNING",1569,"GRH 1569 (sin textura)",8,2,58,"Unclassified","Unclassified",0.150,0,"","","",0,0,0,1,0,"NO_CLASSIC_SPRITE|NO_SOURCE_TEXTURE_PATH|INVALID_CROP_DIMENSIONS","No se pudo analizar el sprite."
"WARNING",1132,"GRH 1132 (sin textura)",7,2,57,"Unclassified","Unclassified",0.150,0,"","","",0,0,0,1,0,"NO_CLASSIC_SPRITE|NO_SOURCE_TEXTURE_PATH|INVALID_CROP_DIMENSIONS","No se pudo analizar el sprite."
"WARNING",1180,"GRH 1180 (sin textura)",6,2,56,"Unclassified","Unclassified",0.150,0,"","","",0,0,0,1,0,"NO_CLASSIC_SPRITE|NO_SOURCE_TEXTURE_PATH|INVALID_CROP_DIMENSIONS","No se pudo analizar el sprite."
"WARNING",1268,"GRH 1268 (sin textura)",6,2,56,"Unclassified","Unclassified",0.150,0,"","","",0,0,0,1,0,"NO_CLASSIC_SPRITE|NO_SOURCE_TEXTURE_PATH|INVALID_CROP_DIMENSIONS","No se pudo analizar el sprite."
"WARNING",1269,"GRH 1269 (sin textura)",6,2,56,"Unclassified","Unclassified",0.150,0,"","","",0,0,0,1,0,"NO_CLASSIC_SPRITE|NO_SOURCE_TEXTURE_PATH|INVALID_CROP_DIMENSIONS","No se pudo analizar el sprite."
"WARNING",1270,"GRH 1270 (sin textura)",6,2,56,"Unclassified","Unclassified",0.150,0,"","","",0,0,0,1,0,"NO_CLASSIC_SPRITE|NO_SOURCE_TEXTURE_PATH|INVALID_CROP_DIMENSIONS","No se pudo analizar el sprite."
"WARNING",1271,"GRH 1271 (sin textura)",6,2,56,"Unclassified","Unclassified",0.150,0,"","","",0,0,0,1,0,"NO_CLASSIC_SPRITE|NO_SOURCE_TEXTURE_PATH|INVALID_CROP_DIMENSIONS","No se pudo analizar el sprite."
"WARNING",1272,"GRH 1272 (sin textura)",6,2,56,"Unclassified","Unclassified",0.150,0,"","","",0,0,0,1,0,"NO_CLASSIC_SPRITE|NO_SOURCE_TEXTURE_PATH|INVALID_CROP_DIMENSIONS","No se pudo analizar el sprite."
"WARNING",1273,"GRH 1273 (sin textura)",6,2,56,"Unclassified","Unclassified",0.150,0,"","","",0,0,0,1,0,"NO_CLASSIC_SPRITE|NO_SOURCE_TEXTURE_PATH|INVALID_CROP_DIMENSIONS","No se pudo analizar el sprite."
"WARNING",1274,"GRH 1274 (sin textura)",6,2,56,"Unclassified","Unclassified",0.150,0,"","","",0,0,0,1,0,"NO_CLASSIC_SPRITE|NO_SOURCE_TEXTURE_PATH|INVALID_CROP_DIMENSIONS","No se pudo analizar el sprite."
"WARNING",1275,"GRH 1275 (sin textura)",6,2,56,"Unclassified","Unclassified",0.150,0,"","","",0,0,0,1,0,"NO_CLASSIC_SPRITE|NO_SOURCE_TEXTURE_PATH|INVALID_CROP_DIMENSIONS","No se pudo analizar el sprite."
"WARNING",1277,"GRH 1277 (sin textura)",6,2,56,"Unclassified","Unclassified",0.150,0,"","","",0,0,0,1,0,"NO_CLASSIC_SPRITE|NO_SOURCE_TEXTURE_PATH|INVALID_CROP_DIMENSIONS","No se pudo analizar el sprite."
"WARNING",1278,"GRH 1278 (sin textura)",6,2,56,"Unclassified","Unclassified",0.150,0,"","","",0,0,0,1,0,"NO_CLASSIC_SPRITE|NO_SOURCE_TEXTURE_PATH|INVALID_CROP_DIMENSIONS","No se pudo analizar el sprite."
"WARNING",1279,"GRH 1279 (sin textura)",6,2,56,"Unclassified","Unclassified",0.150,0,"","","",0,0,0,1,0,"NO_CLASSIC_SPRITE|NO_SOURCE_TEXTURE_PATH|INVALID_CROP_DIMENSIONS","No se pudo analizar el sprite."
"WARNING",1281,"GRH 1281 (sin textura)",6,2,56,"Unclassified","Unclassified",0.150,0,"","","",0,0,0,1,0,"NO_CLASSIC_SPRITE|NO_SOURCE_TEXTURE_PATH|INVALID_CROP_DIMENSIONS","No se pudo analizar el sprite."
"WARNING",1282,"GRH 1282 (sin textura)",6,2,56,"Unclassified","Unclassified",0.150,0,"","","",0,0,0,1,0,"NO_CLASSIC_SPRITE|NO_SOURCE_TEXTURE_PATH|INVALID_CROP_DIMENSIONS","No se pudo analizar el sprite."
"WARNING",1283,"GRH 1283 (sin textura)",6,2,56,"Unclassified","Unclassified",0.150,0,"","","",0,0,0,1,0,"NO_CLASSIC_SPRITE|NO_SOURCE_TEXTURE_PATH|INVALID_CROP_DIMENSIONS","No se pudo analizar el sprite."
"WARNING",1302,"GRH 1302 (sin textura)",6,2,56,"Unclassified","Unclassified",0.150,0,"","","",0,0,0,1,0,"NO_CLASSIC_SPRITE|NO_SOURCE_TEXTURE_PATH|INVALID_CROP_DIMENSIONS","No se pudo analizar el sprite."
"WARNING",1303,"GRH 1303 (sin textura)",6,2,56,"Unclassified","Unclassified",0.150,0,"","","",0,0,0,1,0,"NO_CLASSIC_SPRITE|NO_SOURCE_TEXTURE_PATH|INVALID_CROP_DIMENSIONS","No se pudo analizar el sprite."
"WARNING",1304,"GRH 1304 (sin textura)",6,2,56,"Unclassified","Unclassified",0.150,0,"","","",0,0,0,1,0,"NO_CLASSIC_SPRITE|NO_SOURCE_TEXTURE_PATH|INVALID_CROP_DIMENSIONS","No se pudo analizar el sprite."
"WARNING",1305,"GRH 1305 (sin textura)",6,2,56,"Unclassified","Unclassified",0.150,0,"","","",0,0,0,1,0,"NO_CLASSIC_SPRITE|NO_SOURCE_TEXTURE_PATH|INVALID_CROP_DIMENSIONS","No se pudo analizar el sprite."
"WARNING",1306,"GRH 1306 (sin textura)",6,2,56,"Unclassified","Unclassified",0.150,0,"","","",0,0,0,1,0,"NO_CLASSIC_SPRITE|NO_SOURCE_TEXTURE_PATH|INVALID_CROP_DIMENSIONS","No se pudo analizar el sprite."
"WARNING",1307,"GRH 1307 (sin textura)",6,2,56,"Unclassified","Unclassified",0.150,0,"","","",0,0,0,1,0,"NO_CLASSIC_SPRITE|NO_SOURCE_TEXTURE_PATH|INVALID_CROP_DIMENSIONS","No se pudo analizar el sprite."
"WARNING",1308,"GRH 1308 (sin textura)",6,2,56,"Unclassified","Unclassified",0.150,0,"","","",0,0,0,1,0,"NO_CLASSIC_SPRITE|NO_SOURCE_TEXTURE_PATH|INVALID_CROP_DIMENSIONS","No se pudo analizar el sprite."
"WARNING",1309,"GRH 1309 (sin textura)",6,2,56,"Unclassified","Unclassified",0.150,0,"","","",0,0,0,1,0,"NO_CLASSIC_SPRITE|NO_SOURCE_TEXTURE_PATH|INVALID_CROP_DIMENSIONS","No se pudo analizar el sprite."
"WARNING",1310,"GRH 1310 (sin textura)",6,2,56,"Unclassified","Unclassified",0.150,0,"","","",0,0,0,1,0,"NO_CLASSIC_SPRITE|NO_SOURCE_TEXTURE_PATH|INVALID_CROP_DIMENSIONS","No se pudo analizar el sprite."
"WARNING",1311,"GRH 1311 (sin textura)",6,2,56,"Unclassified","Unclassified",0.150,0,"","","",0,0,0,1,0,"NO_CLASSIC_SPRITE|NO_SOURCE_TEXTURE_PATH|INVALID_CROP_DIMENSIONS","No se pudo analizar el sprite."
"WARNING",1312,"GRH 1312 (sin textura)",6,2,56,"Unclassified","Unclassified",0.150,0,"","","",0,0,0,1,0,"NO_CLASSIC_SPRITE|NO_SOURCE_TEXTURE_PATH|INVALID_CROP_DIMENSIONS","No se pudo analizar el sprite."
"WARNING",1313,"GRH 1313 (sin textura)",6,2,56,"Unclassified","Unclassified",0.150,0,"","","",0,0,0,1,0,"NO_CLASSIC_SPRITE|NO_SOURCE_TEXTURE_PATH|INVALID_CROP_DIMENSIONS","No se pudo analizar el sprite."
"WARNING",1314,"GRH 1314 (sin textura)",6,2,56,"Unclassified","Unclassified",0.150,0,"","","",0,0,0,1,0,"NO_CLASSIC_SPRITE|NO_SOURCE_TEXTURE_PATH|INVALID_CROP_DIMENSIONS","No se pudo analizar el sprite."
"WARNING",1315,"GRH 1315 (sin textura)",6,2,56,"Unclassified","Unclassified",0.150,0,"","","",0,0,0,1,0,"NO_CLASSIC_SPRITE|NO_SOURCE_TEXTURE_PATH|INVALID_CROP_DIMENSIONS","No se pudo analizar el sprite."
"WARNING",1554,"GRH 1554 (sin textura)",6,2,56,"Unclassified","Unclassified",0.150,0,"","","",0,0,0,1,0,"NO_CLASSIC_SPRITE|NO_SOURCE_TEXTURE_PATH|INVALID_CROP_DIMENSIONS","No se pudo analizar el sprite."
"WARNING",1555,"GRH 1555 (sin textura)",6,2,56,"Unclassified","Unclassified",0.150,0,"","","",0,0,0,1,0,"NO_CLASSIC_SPRITE|NO_SOURCE_TEXTURE_PATH|INVALID_CROP_DIMENSIONS","No se pudo analizar el sprite."
"WARNING",1556,"GRH 1556 (sin textura)",6,2,56,"Unclassified","Unclassified",0.150,0,"","","",0,0,0,1,0,"NO_CLASSIC_SPRITE|NO_SOURCE_TEXTURE_PATH|INVALID_CROP_DIMENSIONS","No se pudo analizar el sprite."
"WARNING",1557,"GRH 1557 (sin textura)",6,2,56,"Unclassified","Unclassified",0.150,0,"","","",0,0,0,1,0,"NO_CLASSIC_SPRITE|NO_SOURCE_TEXTURE_PATH|INVALID_CROP_DIMENSIONS","No se pudo analizar el sprite."
"WARNING",1558,"GRH 1558 (sin textura)",6,2,56,"Unclassified","Unclassified",0.150,0,"","","",0,0,0,1,0,"NO_CLASSIC_SPRITE|NO_SOURCE_TEXTURE_PATH|INVALID_CROP_DIMENSIONS","No se pudo analizar el sprite."
"WARNING",1559,"GRH 1559 (sin textura)",6,2,56,"Unclassified","Unclassified",0.150,0,"","","",0,0,0,1,0,"NO_CLASSIC_SPRITE|NO_SOURCE_TEXTURE_PATH|INVALID_CROP_DIMENSIONS","No se pudo analizar el sprite."
"WARNING",1560,"GRH 1560 (sin textura)",6,2,56,"Unclassified","Unclassified",0.150,0,"","","",0,0,0,1,0,"NO_CLASSIC_SPRITE|NO_SOURCE_TEXTURE_PATH|INVALID_CROP_DIMENSIONS","No se pudo analizar el sprite."
"WARNING",1561,"GRH 1561 (sin textura)",6,2,56,"Unclassified","Unclassified",0.150,0,"","","",0,0,0,1,0,"NO_CLASSIC_SPRITE|NO_SOURCE_TEXTURE_PATH|INVALID_CROP_DIMENSIONS","No se pudo analizar el sprite."
"WARNING",1562,"GRH 1562 (sin textura)",6,2,56,"Unclassified","Unclassified",0.150,0,"","","",0,0,0,1,0,"NO_CLASSIC_SPRITE|NO_SOURCE_TEXTURE_PATH|INVALID_CROP_DIMENSIONS","No se pudo analizar el sprite."
"WARNING",1563,"GRH 1563 (sin textura)",6,2,56,"Unclassified","Unclassified",0.150,0,"","","",0,0,0,1,0,"NO_CLASSIC_SPRITE|NO_SOURCE_TEXTURE_PATH|INVALID_CROP_DIMENSIONS","No se pudo analizar el sprite."
"WARNING",1564,"GRH 1564 (sin textura)",6,2,56,"Unclassified","Unclassified",0.150,0,"","","",0,0,0,1,0,"NO_CLASSIC_SPRITE|NO_SOURCE_TEXTURE_PATH|INVALID_CROP_DIMENSIONS","No se pudo analizar el sprite."
"WARNING",1565,"GRH 1565 (sin textura)",6,2,56,"Unclassified","Unclassified",0.150,0,"","","",0,0,0,1,0,"NO_CLASSIC_SPRITE|NO_SOURCE_TEXTURE_PATH|INVALID_CROP_DIMENSIONS","No se pudo analizar el sprite."
"WARNING",15304,"GRH 15304 (sin textura)",31,1,56,"Unclassified","Unclassified",0.150,0,"","","",0,0,0,1,0,"NO_CLASSIC_SPRITE|NO_SOURCE_TEXTURE_PATH|INVALID_CROP_DIMENSIONS","No se pudo analizar el sprite."
"WARNING",61009,"GRH 61009 (tex_5087.png)",6,2,56,"Grass","Grass",0.830,1,"Assets/AOMigrator/MapVisualV063/Generated/Sprites/GRH_61009.asset","Assets/AOMigrator/MapVisualV063/Textures/tex_5087.png",".png",1,1,0,0,1,"INVALID_CROP_DIMENSIONS","Predominio verde 0.28, sat 0.58"
"WARNING",1124,"GRH 1124 (sin textura)",5,2,55,"Unclassified","Unclassified",0.150,0,"","","",0,0,0,1,0,"NO_CLASSIC_SPRITE|NO_SOURCE_TEXTURE_PATH|INVALID_CROP_DIMENSIONS","No se pudo analizar el sprite."
"WARNING",1300,"GRH 1300 (sin textura)",5,2,55,"Unclassified","Unclassified",0.150,0,"","","",0,0,0,1,0,"NO_CLASSIC_SPRITE|NO_SOURCE_TEXTURE_PATH|INVALID_CROP_DIMENSIONS","No se pudo analizar el sprite."
"WARNING",1301,"GRH 1301 (sin textura)",5,2,55,"Unclassified","Unclassified",0.150,0,"","","",0,0,0,1,0,"NO_CLASSIC_SPRITE|NO_SOURCE_TEXTURE_PATH|INVALID_CROP_DIMENSIONS","No se pudo analizar el sprite."
"WARNING",15303,"GRH 15303 (sin textura)",30,1,55,"Unclassified","Unclassified",0.150,0,"","","",0,0,0,1,0,"NO_CLASSIC_SPRITE|NO_SOURCE_TEXTURE_PATH|INVALID_CROP_DIMENSIONS","No se pudo analizar el sprite."
"WARNING",61652,"GRH 61652 (sin textura)",5,2,55,"Unclassified","Unclassified",0.150,0,"","","",0,0,0,1,0,"NO_CLASSIC_SPRITE|NO_SOURCE_TEXTURE_PATH|INVALID_CROP_DIMENSIONS","No se pudo analizar el sprite."
"WARNING",61653,"GRH 61653 (sin textura)",5,2,55,"Unclassified","Unclassified",0.150,0,"","","",0,0,0,1,0,"NO_CLASSIC_SPRITE|NO_SOURCE_TEXTURE_PATH|INVALID_CROP_DIMENSIONS","No se pudo analizar el sprite."
"WARNING",61656,"GRH 61656 (sin textura)",5,2,55,"Unclassified","Unclassified",0.150,0,"","","",0,0,0,1,0,"NO_CLASSIC_SPRITE|NO_SOURCE_TEXTURE_PATH|INVALID_CROP_DIMENSIONS","No se pudo analizar el sprite."
"WARNING",61657,"GRH 61657 (sin textura)",5,2,55,"Unclassified","Unclassified",0.150,0,"","","",0,0,0,1,0,"NO_CLASSIC_SPRITE|NO_SOURCE_TEXTURE_PATH|INVALID_CROP_DIMENSIONS","No se pudo analizar el sprite."
"WARNING",1367,"GRH 1367 (sin textura)",4,2,54,"Unclassified","Unclassified",0.150,0,"","","",0,0,0,1,0,"NO_CLASSIC_SPRITE|NO_SOURCE_TEXTURE_PATH|INVALID_CROP_DIMENSIONS","No se pudo analizar el sprite."
"WARNING",1368,"GRH 1368 (sin textura)",4,2,54,"Unclassified","Unclassified",0.150,0,"","","",0,0,0,1,0,"NO_CLASSIC_SPRITE|NO_SOURCE_TEXTURE_PATH|INVALID_CROP_DIMENSIONS","No se pudo analizar el sprite."
"WARNING",1369,"GRH 1369 (sin textura)",4,2,54,"Unclassified","Unclassified",0.150,0,"","","",0,0,0,1,0,"NO_CLASSIC_SPRITE|NO_SOURCE_TEXTURE_PATH|INVALID_CROP_DIMENSIONS","No se pudo analizar el sprite."
"WARNING",1370,"GRH 1370 (sin textura)",4,2,54,"Unclassified","Unclassified",0.150,0,"","","",0,0,0,1,0,"NO_CLASSIC_SPRITE|NO_SOURCE_TEXTURE_PATH|INVALID_CROP_DIMENSIONS","No se pudo analizar el sprite."
"WARNING",1371,"GRH 1371 (sin textura)",4,2,54,"Unclassified","Unclassified",0.150,0,"","","",0,0,0,1,0,"NO_CLASSIC_SPRITE|NO_SOURCE_TEXTURE_PATH|INVALID_CROP_DIMENSIONS","No se pudo analizar el sprite."
"WARNING",1372,"GRH 1372 (sin textura)",4,2,54,"Unclassified","Unclassified",0.150,0,"","","",0,0,0,1,0,"NO_CLASSIC_SPRITE|NO_SOURCE_TEXTURE_PATH|INVALID_CROP_DIMENSIONS","No se pudo analizar el sprite."
"WARNING",1373,"GRH 1373 (sin textura)",4,2,54,"Unclassified","Unclassified",0.150,0,"","","",0,0,0,1,0,"NO_CLASSIC_SPRITE|NO_SOURCE_TEXTURE_PATH|INVALID_CROP_DIMENSIONS","No se pudo analizar el sprite."
"WARNING",1374,"GRH 1374 (sin textura)",4,2,54,"Unclassified","Unclassified",0.150,0,"","","",0,0,0,1,0,"NO_CLASSIC_SPRITE|NO_SOURCE_TEXTURE_PATH|INVALID_CROP_DIMENSIONS","No se pudo analizar el sprite."
"WARNING",1375,"GRH 1375 (sin textura)",4,2,54,"Unclassified","Unclassified",0.150,0,"","","",0,0,0,1,0,"NO_CLASSIC_SPRITE|NO_SOURCE_TEXTURE_PATH|INVALID_CROP_DIMENSIONS","No se pudo analizar el sprite."
"WARNING",1376,"GRH 1376 (sin textura)",4,2,54,"Unclassified","Unclassified",0.150,0,"","","",0,0,0,1,0,"NO_CLASSIC_SPRITE|NO_SOURCE_TEXTURE_PATH|INVALID_CROP_DIMENSIONS","No se pudo analizar el sprite."
"WARNING",1377,"GRH 1377 (sin textura)",4,2,54,"Unclassified","Unclassified",0.150,0,"","","",0,0,0,1,0,"NO_CLASSIC_SPRITE|NO_SOURCE_TEXTURE_PATH|INVALID_CROP_DIMENSIONS","No se pudo analizar el sprite."
"WARNING",1378,"GRH 1378 (sin textura)",4,2,54,"Unclassified","Unclassified",0.150,0,"","","",0,0,0,1,0,"NO_CLASSIC_SPRITE|NO_SOURCE_TEXTURE_PATH|INVALID_CROP_DIMENSIONS","No se pudo analizar el sprite."
"WARNING",1379,"GRH 1379 (sin textura)",4,2,54,"Unclassified","Unclassified",0.150,0,"","","",0,0,0,1,0,"NO_CLASSIC_SPRITE|NO_SOURCE_TEXTURE_PATH|INVALID_CROP_DIMENSIONS","No se pudo analizar el sprite."
"WARNING",1380,"GRH 1380 (sin textura)",4,2,54,"Unclassified","Unclassified",0.150,0,"","","",0,0,0,1,0,"NO_CLASSIC_SPRITE|NO_SOURCE_TEXTURE_PATH|INVALID_CROP_DIMENSIONS","No se pudo analizar el sprite."
"WARNING",1381,"GRH 1381 (sin textura)",4,2,54,"Unclassified","Unclassified",0.150,0,"","","",0,0,0,1,0,"NO_CLASSIC_SPRITE|NO_SOURCE_TEXTURE_PATH|INVALID_CROP_DIMENSIONS","No se pudo analizar el sprite."
"WARNING",1382,"GRH 1382 (sin textura)",4,2,54,"Unclassified","Unclassified",0.150,0,"","","",0,0,0,1,0,"NO_CLASSIC_SPRITE|NO_SOURCE_TEXTURE_PATH|INVALID_CROP_DIMENSIONS","No se pudo analizar el sprite."
"WARNING",1383,"GRH 1383 (sin textura)",4,2,54,"Unclassified","Unclassified",0.150,0,"","","",0,0,0,1,0,"NO_CLASSIC_SPRITE|NO_SOURCE_TEXTURE_PATH|INVALID_CROP_DIMENSIONS","No se pudo analizar el sprite."
"WARNING",1384,"GRH 1384 (sin textura)",4,2,54,"Unclassified","Unclassified",0.150,0,"","","",0,0,0,1,0,"NO_CLASSIC_SPRITE|NO_SOURCE_TEXTURE_PATH|INVALID_CROP_DIMENSIONS","No se pudo analizar el sprite."
"WARNING",1385,"GRH 1385 (sin textura)",4,2,54,"Unclassified","Unclassified",0.150,0,"","","",0,0,0,1,0,"NO_CLASSIC_SPRITE|NO_SOURCE_TEXTURE_PATH|INVALID_CROP_DIMENSIONS","No se pudo analizar el sprite."
"WARNING",1386,"GRH 1386 (sin textura)",4,2,54,"Unclassified","Unclassified",0.150,0,"","","",0,0,0,1,0,"NO_CLASSIC_SPRITE|NO_SOURCE_TEXTURE_PATH|INVALID_CROP_DIMENSIONS","No se pudo analizar el sprite."
"WARNING",1387,"GRH 1387 (sin textura)",4,2,54,"Unclassified","Unclassified",0.150,0,"","","",0,0,0,1,0,"NO_CLASSIC_SPRITE|NO_SOURCE_TEXTURE_PATH|INVALID_CROP_DIMENSIONS","No se pudo analizar el sprite."
"WARNING",1388,"GRH 1388 (sin textura)",4,2,54,"Unclassified","Unclassified",0.150,0,"","","",0,0,0,1,0,"NO_CLASSIC_SPRITE|NO_SOURCE_TEXTURE_PATH|INVALID_CROP_DIMENSIONS","No se pudo analizar el sprite."
"WARNING",1389,"GRH 1389 (sin textura)",4,2,54,"Unclassified","Unclassified",0.150,0,"","","",0,0,0,1,0,"NO_CLASSIC_SPRITE|NO_SOURCE_TEXTURE_PATH|INVALID_CROP_DIMENSIONS","No se pudo analizar el sprite."
"WARNING",1390,"GRH 1390 (sin textura)",4,2,54,"Unclassified","Unclassified",0.150,0,"","","",0,0,0,1,0,"NO_CLASSIC_SPRITE|NO_SOURCE_TEXTURE_PATH|INVALID_CROP_DIMENSIONS","No se pudo analizar el sprite."
"WARNING",1391,"GRH 1391 (sin textura)",4,2,54,"Unclassified","Unclassified",0.150,0,"","","",0,0,0,1,0,"NO_CLASSIC_SPRITE|NO_SOURCE_TEXTURE_PATH|INVALID_CROP_DIMENSIONS","No se pudo analizar el sprite."
"WARNING",1392,"GRH 1392 (sin textura)",4,2,54,"Unclassified","Unclassified",0.150,0,"","","",0,0,0,1,0,"NO_CLASSIC_SPRITE|NO_SOURCE_TEXTURE_PATH|INVALID_CROP_DIMENSIONS","No se pudo analizar el sprite."
"WARNING",1393,"GRH 1393 (sin textura)",4,2,54,"Unclassified","Unclassified",0.150,0,"","","",0,0,0,1,0,"NO_CLASSIC_SPRITE|NO_SOURCE_TEXTURE_PATH|INVALID_CROP_DIMENSIONS","No se pudo analizar el sprite."
"WARNING",1394,"GRH 1394 (sin textura)",4,2,54,"Unclassified","Unclassified",0.150,0,"","","",0,0,0,1,0,"NO_CLASSIC_SPRITE|NO_SOURCE_TEXTURE_PATH|INVALID_CROP_DIMENSIONS","No se pudo analizar el sprite."
"WARNING",1395,"GRH 1395 (sin textura)",4,2,54,"Unclassified","Unclassified",0.150,0,"","","",0,0,0,1,0,"NO_CLASSIC_SPRITE|NO_SOURCE_TEXTURE_PATH|INVALID_CROP_DIMENSIONS","No se pudo analizar el sprite."
"WARNING",1586,"GRH 1586 (sin textura)",4,2,54,"Unclassified","Unclassified",0.150,0,"","","",0,0,0,1,0,"NO_CLASSIC_SPRITE|NO_SOURCE_TEXTURE_PATH|INVALID_CROP_DIMENSIONS","No se pudo analizar el sprite."
"WARNING",1587,"GRH 1587 (sin textura)",4,2,54,"Unclassified","Unclassified",0.150,0,"","","",0,0,0,1,0,"NO_CLASSIC_SPRITE|NO_SOURCE_TEXTURE_PATH|INVALID_CROP_DIMENSIONS","No se pudo analizar el sprite."
"WARNING",1588,"GRH 1588 (sin textura)",4,2,54,"Unclassified","Unclassified",0.150,0,"","","",0,0,0,1,0,"NO_CLASSIC_SPRITE|NO_SOURCE_TEXTURE_PATH|INVALID_CROP_DIMENSIONS","No se pudo analizar el sprite."
"WARNING",1590,"GRH 1590 (sin textura)",4,2,54,"Unclassified","Unclassified",0.150,0,"","","",0,0,0,1,0,"NO_CLASSIC_SPRITE|NO_SOURCE_TEXTURE_PATH|INVALID_CROP_DIMENSIONS","No se pudo analizar el sprite."
"WARNING",1591,"GRH 1591 (sin textura)",4,2,54,"Unclassified","Unclassified",0.150,0,"","","",0,0,0,1,0,"NO_CLASSIC_SPRITE|NO_SOURCE_TEXTURE_PATH|INVALID_CROP_DIMENSIONS","No se pudo analizar el sprite."
"WARNING",1592,"GRH 1592 (sin textura)",4,2,54,"Unclassified","Unclassified",0.150,0,"","","",0,0,0,1,0,"NO_CLASSIC_SPRITE|NO_SOURCE_TEXTURE_PATH|INVALID_CROP_DIMENSIONS","No se pudo analizar el sprite."
"WARNING",1594,"GRH 1594 (sin textura)",4,2,54,"Unclassified","Unclassified",0.150,0,"","","",0,0,0,1,0,"NO_CLASSIC_SPRITE|NO_SOURCE_TEXTURE_PATH|INVALID_CROP_DIMENSIONS","No se pudo analizar el sprite."
"WARNING",1595,"GRH 1595 (sin textura)",4,2,54,"Unclassified","Unclassified",0.150,0,"","","",0,0,0,1,0,"NO_CLASSIC_SPRITE|NO_SOURCE_TEXTURE_PATH|INVALID_CROP_DIMENSIONS","No se pudo analizar el sprite."
"WARNING",1596,"GRH 1596 (sin textura)",4,2,54,"Unclassified","Unclassified",0.150,0,"","","",0,0,0,1,0,"NO_CLASSIC_SPRITE|NO_SOURCE_TEXTURE_PATH|INVALID_CROP_DIMENSIONS","No se pudo analizar el sprite."
"WARNING",1598,"GRH 1598 (sin textura)",4,2,54,"Unclassified","Unclassified",0.150,0,"","","",0,0,0,1,0,"NO_CLASSIC_SPRITE|NO_SOURCE_TEXTURE_PATH|INVALID_CROP_DIMENSIONS","No se pudo analizar el sprite."
"WARNING",1599,"GRH 1599 (sin textura)",4,2,54,"Unclassified","Unclassified",0.150,0,"","","",0,0,0,1,0,"NO_CLASSIC_SPRITE|NO_SOURCE_TEXTURE_PATH|INVALID_CROP_DIMENSIONS","No se pudo analizar el sprite."
"WARNING",1600,"GRH 1600 (sin textura)",4,2,54,"Unclassified","Unclassified",0.150,0,"","","",0,0,0,1,0,"NO_CLASSIC_SPRITE|NO_SOURCE_TEXTURE_PATH|INVALID_CROP_DIMENSIONS","No se pudo analizar el sprite."
"WARNING",1601,"GRH 1601 (sin textura)",4,2,54,"Unclassified","Unclassified",0.150,0,"","","",0,0,0,1,0,"NO_CLASSIC_SPRITE|NO_SOURCE_TEXTURE_PATH|INVALID_CROP_DIMENSIONS","No se pudo analizar el sprite."
"WARNING",6176,"GRH 6176 (sin textura)",4,2,54,"Unclassified","Unclassified",0.150,0,"","","",0,0,0,1,0,"NO_CLASSIC_SPRITE|NO_SOURCE_TEXTURE_PATH|INVALID_CROP_DIMENSIONS","No se pudo analizar el sprite."
"WARNING",6177,"GRH 6177 (sin textura)",4,2,54,"Unclassified","Unclassified",0.150,0,"","","",0,0,0,1,0,"NO_CLASSIC_SPRITE|NO_SOURCE_TEXTURE_PATH|INVALID_CROP_DIMENSIONS","No se pudo analizar el sprite."
"WARNING",6178,"GRH 6178 (sin textura)",4,2,54,"Unclassified","Unclassified",0.150,0,"","","",0,0,0,1,0,"NO_CLASSIC_SPRITE|NO_SOURCE_TEXTURE_PATH|INVALID_CROP_DIMENSIONS","No se pudo analizar el sprite."
"WARNING",6180,"GRH 6180 (sin textura)",4,2,54,"Unclassified","Unclassified",0.150,0,"","","",0,0,0,1,0,"NO_CLASSIC_SPRITE|NO_SOURCE_TEXTURE_PATH|INVALID_CROP_DIMENSIONS","No se pudo analizar el sprite."
"WARNING",6181,"GRH 6181 (sin textura)",4,2,54,"Unclassified","Unclassified",0.150,0,"","","",0,0,0,1,0,"NO_CLASSIC_SPRITE|NO_SOURCE_TEXTURE_PATH|INVALID_CROP_DIMENSIONS","No se pudo analizar el sprite."
"WARNING",6182,"GRH 6182 (sin textura)",4,2,54,"Unclassified","Unclassified",0.150,0,"","","",0,0,0,1,0,"NO_CLASSIC_SPRITE|NO_SOURCE_TEXTURE_PATH|INVALID_CROP_DIMENSIONS","No se pudo analizar el sprite."
"WARNING",6184,"GRH 6184 (sin textura)",4,2,54,"Unclassified","Unclassified",0.150,0,"","","",0,0,0,1,0,"NO_CLASSIC_SPRITE|NO_SOURCE_TEXTURE_PATH|INVALID_CROP_DIMENSIONS","No se pudo analizar el sprite."
"WARNING",6185,"GRH 6185 (sin textura)",4,2,54,"Unclassified","Unclassified",0.150,0,"","","",0,0,0,1,0,"NO_CLASSIC_SPRITE|NO_SOURCE_TEXTURE_PATH|INVALID_CROP_DIMENSIONS","No se pudo analizar el sprite."
"WARNING",6186,"GRH 6186 (sin textura)",4,2,54,"Unclassified","Unclassified",0.150,0,"","","",0,0,0,1,0,"NO_CLASSIC_SPRITE|NO_SOURCE_TEXTURE_PATH|INVALID_CROP_DIMENSIONS","No se pudo analizar el sprite."
"WARNING",6188,"GRH 6188 (sin textura)",4,2,54,"Unclassified","Unclassified",0.150,0,"","","",0,0,0,1,0,"NO_CLASSIC_SPRITE|NO_SOURCE_TEXTURE_PATH|INVALID_CROP_DIMENSIONS","No se pudo analizar el sprite."
"WARNING",6189,"GRH 6189 (sin textura)",4,2,54,"Unclassified","Unclassified",0.150,0,"","","",0,0,0,1,0,"NO_CLASSIC_SPRITE|NO_SOURCE_TEXTURE_PATH|INVALID_CROP_DIMENSIONS","No se pudo analizar el sprite."
"WARNING",6190,"GRH 6190 (sin textura)",4,2,54,"Unclassified","Unclassified",0.150,0,"","","",0,0,0,1,0,"NO_CLASSIC_SPRITE|NO_SOURCE_TEXTURE_PATH|INVALID_CROP_DIMENSIONS","No se pudo analizar el sprite."
"WARNING",6191,"GRH 6191 (sin textura)",4,2,54,"Unclassified","Unclassified",0.150,0,"","","",0,0,0,1,0,"NO_CLASSIC_SPRITE|NO_SOURCE_TEXTURE_PATH|INVALID_CROP_DIMENSIONS","No se pudo analizar el sprite."
"WARNING",6464,"GRH 6464 (tex_6215.png)",4,2,54,"Grass","Grass",1.000,1,"Assets/AOMigrator/MapVisualV063/Generated/Sprites/GRH_6464.asset","Assets/AOMigrator/MapVisualV063/Textures/tex_6215.png",".png",1,1,0,0,1,"INVALID_CROP_DIMENSIONS","Predominio verde 0.67, sat 0.67"
"WARNING",6465,"GRH 6465 (tex_6215.png)",4,2,54,"Floor","Floor",1.000,1,"Assets/AOMigrator/MapVisualV063/Generated/Sprites/GRH_6465.asset","Assets/AOMigrator/MapVisualV063/Textures/tex_6215.png",".png",1,1,0,0,1,"INVALID_CROP_DIMENSIONS","Piso marrón sólido; marrón 0.98, cobertura 1.00"
"WARNING",6466,"GRH 6466 (tex_6215.png)",4,2,54,"Floor","Floor",1.000,1,"Assets/AOMigrator/MapVisualV063/Generated/Sprites/GRH_6466.asset","Assets/AOMigrator/MapVisualV063/Textures/tex_6215.png",".png",1,1,0,0,1,"INVALID_CROP_DIMENSIONS","Piso marrón sólido; marrón 0.93, cobertura 1.00"
"WARNING",61005,"GRH 61005 (tex_5087.png)",4,2,54,"Floor","Floor",1.000,1,"Assets/AOMigrator/MapVisualV063/Generated/Sprites/GRH_61005.asset","Assets/AOMigrator/MapVisualV063/Textures/tex_5087.png",".png",1,1,0,0,1,"INVALID_CROP_DIMENSIONS","Piso marrón sólido; marrón 0.97, cobertura 1.00"
"WARNING",61006,"GRH 61006 (tex_5087.png)",4,2,54,"Floor","Floor",1.000,1,"Assets/AOMigrator/MapVisualV063/Generated/Sprites/GRH_61006.asset","Assets/AOMigrator/MapVisualV063/Textures/tex_5087.png",".png",1,1,0,0,1,"INVALID_CROP_DIMENSIONS","Piso marrón sólido; marrón 0.93, cobertura 1.00"
"WARNING",61358,"GRH 61358 (sin textura)",4,2,54,"Unclassified","Unclassified",0.150,0,"","","",0,0,0,1,0,"NO_CLASSIC_SPRITE|NO_SOURCE_TEXTURE_PATH|INVALID_CROP_DIMENSIONS","No se pudo analizar el sprite."
"WARNING",61359,"GRH 61359 (sin textura)",4,2,54,"Unclassified","Unclassified",0.150,0,"","","",0,0,0,1,0,"NO_CLASSIC_SPRITE|NO_SOURCE_TEXTURE_PATH|INVALID_CROP_DIMENSIONS","No se pudo analizar el sprite."
"WARNING",61362,"GRH 61362 (sin textura)",4,2,54,"Unclassified","Unclassified",0.150,0,"","","",0,0,0,1,0,"NO_CLASSIC_SPRITE|NO_SOURCE_TEXTURE_PATH|INVALID_CROP_DIMENSIONS","No se pudo analizar el sprite."
"WARNING",61363,"GRH 61363 (sin textura)",4,2,54,"Unclassified","Unclassified",0.150,0,"","","",0,0,0,1,0,"NO_CLASSIC_SPRITE|NO_SOURCE_TEXTURE_PATH|INVALID_CROP_DIMENSIONS","No se pudo analizar el sprite."
"WARNING",61366,"GRH 61366 (sin textura)",4,2,54,"Unclassified","Unclassified",0.150,0,"","","",0,0,0,1,0,"NO_CLASSIC_SPRITE|NO_SOURCE_TEXTURE_PATH|INVALID_CROP_DIMENSIONS","No se pudo analizar el sprite."
"WARNING",61367,"GRH 61367 (sin textura)",4,2,54,"Unclassified","Unclassified",0.150,0,"","","",0,0,0,1,0,"NO_CLASSIC_SPRITE|NO_SOURCE_TEXTURE_PATH|INVALID_CROP_DIMENSIONS","No se pudo analizar el sprite."
"WARNING",61370,"GRH 61370 (sin textura)",4,2,54,"Unclassified","Unclassified",0.150,0,"","","",0,0,0,1,0,"NO_CLASSIC_SPRITE|NO_SOURCE_TEXTURE_PATH|INVALID_CROP_DIMENSIONS","No se pudo analizar el sprite."
"WARNING",61371,"GRH 61371 (sin textura)",4,2,54,"Unclassified","Unclassified",0.150,0,"","","",0,0,0,1,0,"NO_CLASSIC_SPRITE|NO_SOURCE_TEXTURE_PATH|INVALID_CROP_DIMENSIONS","No se pudo analizar el sprite."
"WARNING",61654,"GRH 61654 (sin textura)",4,2,54,"Unclassified","Unclassified",0.150,0,"","","",0,0,0,1,0,"NO_CLASSIC_SPRITE|NO_SOURCE_TEXTURE_PATH|INVALID_CROP_DIMENSIONS","No se pudo analizar el sprite."
"WARNING",61655,"GRH 61655 (sin textura)",4,2,54,"Unclassified","Unclassified",0.150,0,"","","",0,0,0,1,0,"NO_CLASSIC_SPRITE|NO_SOURCE_TEXTURE_PATH|INVALID_CROP_DIMENSIONS","No se pudo analizar el sprite."
"WARNING",61658,"GRH 61658 (sin textura)",4,2,54,"Unclassified","Unclassified",0.150,0,"","","",0,0,0,1,0,"NO_CLASSIC_SPRITE|NO_SOURCE_TEXTURE_PATH|INVALID_CROP_DIMENSIONS","No se pudo analizar el sprite."
"WARNING",61659,"GRH 61659 (sin textura)",4,2,54,"Unclassified","Unclassified",0.150,0,"","","",0,0,0,1,0,"NO_CLASSIC_SPRITE|NO_SOURCE_TEXTURE_PATH|INVALID_CROP_DIMENSIONS","No se pudo analizar el sprite."
"WARNING",1316,"GRH 1316 (sin textura)",3,2,53,"Unclassified","Unclassified",0.150,0,"","","",0,0,0,1,0,"NO_CLASSIC_SPRITE|NO_SOURCE_TEXTURE_PATH|INVALID_CROP_DIMENSIONS","No se pudo analizar el sprite."
"WARNING",1317,"GRH 1317 (sin textura)",3,2,53,"Unclassified","Unclassified",0.150,0,"","","",0,0,0,1,0,"NO_CLASSIC_SPRITE|NO_SOURCE_TEXTURE_PATH|INVALID_CROP_DIMENSIONS","No se pudo analizar el sprite."
"WARNING",1318,"GRH 1318 (sin textura)",3,2,53,"Unclassified","Unclassified",0.150,0,"","","",0,0,0,1,0,"NO_CLASSIC_SPRITE|NO_SOURCE_TEXTURE_PATH|INVALID_CROP_DIMENSIONS","No se pudo analizar el sprite."
"WARNING",1319,"GRH 1319 (sin textura)",3,2,53,"Unclassified","Unclassified",0.150,0,"","","",0,0,0,1,0,"NO_CLASSIC_SPRITE|NO_SOURCE_TEXTURE_PATH|INVALID_CROP_DIMENSIONS","No se pudo analizar el sprite."
"WARNING",1320,"GRH 1320 (sin textura)",3,2,53,"Unclassified","Unclassified",0.150,0,"","","",0,0,0,1,0,"NO_CLASSIC_SPRITE|NO_SOURCE_TEXTURE_PATH|INVALID_CROP_DIMENSIONS","No se pudo analizar el sprite."
"WARNING",1321,"GRH 1321 (sin textura)",3,2,53,"Unclassified","Unclassified",0.150,0,"","","",0,0,0,1,0,"NO_CLASSIC_SPRITE|NO_SOURCE_TEXTURE_PATH|INVALID_CROP_DIMENSIONS","No se pudo analizar el sprite."
"WARNING",1322,"GRH 1322 (sin textura)",3,2,53,"Unclassified","Unclassified",0.150,0,"","","",0,0,0,1,0,"NO_CLASSIC_SPRITE|NO_SOURCE_TEXTURE_PATH|INVALID_CROP_DIMENSIONS","No se pudo analizar el sprite."
"WARNING",1323,"GRH 1323 (sin textura)",3,2,53,"Unclassified","Unclassified",0.150,0,"","","",0,0,0,1,0,"NO_CLASSIC_SPRITE|NO_SOURCE_TEXTURE_PATH|INVALID_CROP_DIMENSIONS","No se pudo analizar el sprite."
"WARNING",1324,"GRH 1324 (sin textura)",3,2,53,"Unclassified","Unclassified",0.150,0,"","","",0,0,0,1,0,"NO_CLASSIC_SPRITE|NO_SOURCE_TEXTURE_PATH|INVALID_CROP_DIMENSIONS","No se pudo analizar el sprite."
"WARNING",1325,"GRH 1325 (sin textura)",3,2,53,"Unclassified","Unclassified",0.150,0,"","","",0,0,0,1,0,"NO_CLASSIC_SPRITE|NO_SOURCE_TEXTURE_PATH|INVALID_CROP_DIMENSIONS","No se pudo analizar el sprite."
"WARNING",1326,"GRH 1326 (sin textura)",3,2,53,"Unclassified","Unclassified",0.150,0,"","","",0,0,0,1,0,"NO_CLASSIC_SPRITE|NO_SOURCE_TEXTURE_PATH|INVALID_CROP_DIMENSIONS","No se pudo analizar el sprite."
"WARNING",1327,"GRH 1327 (sin textura)",3,2,53,"Unclassified","Unclassified",0.150,0,"","","",0,0,0,1,0,"NO_CLASSIC_SPRITE|NO_SOURCE_TEXTURE_PATH|INVALID_CROP_DIMENSIONS","No se pudo analizar el sprite."
"WARNING",1328,"GRH 1328 (sin textura)",3,2,53,"Unclassified","Unclassified",0.150,0,"","","",0,0,0,1,0,"NO_CLASSIC_SPRITE|NO_SOURCE_TEXTURE_PATH|INVALID_CROP_DIMENSIONS","No se pudo analizar el sprite."
"WARNING",1329,"GRH 1329 (sin textura)",3,2,53,"Unclassified","Unclassified",0.150,0,"","","",0,0,0,1,0,"NO_CLASSIC_SPRITE|NO_SOURCE_TEXTURE_PATH|INVALID_CROP_DIMENSIONS","No se pudo analizar el sprite."
"WARNING",1330,"GRH 1330 (sin textura)",3,2,53,"Unclassified","Unclassified",0.150,0,"","","",0,0,0,1,0,"NO_CLASSIC_SPRITE|NO_SOURCE_TEXTURE_PATH|INVALID_CROP_DIMENSIONS","No se pudo analizar el sprite."
"WARNING",1331,"GRH 1331 (sin textura)",3,2,53,"Unclassified","Unclassified",0.150,0,"","","",0,0,0,1,0,"NO_CLASSIC_SPRITE|NO_SOURCE_TEXTURE_PATH|INVALID_CROP_DIMENSIONS","No se pudo analizar el sprite."
"WARNING",1364,"GRH 1364 (sin textura)",3,2,53,"Unclassified","Unclassified",0.150,0,"","","",0,0,0,1,0,"NO_CLASSIC_SPRITE|NO_SOURCE_TEXTURE_PATH|INVALID_CROP_DIMENSIONS","No se pudo analizar el sprite."
"WARNING",1365,"GRH 1365 (sin textura)",3,2,53,"Unclassified","Unclassified",0.150,0,"","","",0,0,0,1,0,"NO_CLASSIC_SPRITE|NO_SOURCE_TEXTURE_PATH|INVALID_CROP_DIMENSIONS","No se pudo analizar el sprite."
"WARNING",1366,"GRH 1366 (sin textura)",3,2,53,"Unclassified","Unclassified",0.150,0,"","","",0,0,0,1,0,"NO_CLASSIC_SPRITE|NO_SOURCE_TEXTURE_PATH|INVALID_CROP_DIMENSIONS","No se pudo analizar el sprite."
"WARNING",1589,"GRH 1589 (sin textura)",3,2,53,"Unclassified","Unclassified",0.150,0,"","","",0,0,0,1,0,"NO_CLASSIC_SPRITE|NO_SOURCE_TEXTURE_PATH|INVALID_CROP_DIMENSIONS","No se pudo analizar el sprite."
"WARNING",1593,"GRH 1593 (sin textura)",3,2,53,"Unclassified","Unclassified",0.150,0,"","","",0,0,0,1,0,"NO_CLASSIC_SPRITE|NO_SOURCE_TEXTURE_PATH|INVALID_CROP_DIMENSIONS","No se pudo analizar el sprite."
"WARNING",1597,"GRH 1597 (sin textura)",3,2,53,"Unclassified","Unclassified",0.150,0,"","","",0,0,0,1,0,"NO_CLASSIC_SPRITE|NO_SOURCE_TEXTURE_PATH|INVALID_CROP_DIMENSIONS","No se pudo analizar el sprite."
"WARNING",6144,"GRH 6144 (sin textura)",3,2,53,"Unclassified","Unclassified",0.150,0,"","","",0,0,0,1,0,"NO_CLASSIC_SPRITE|NO_SOURCE_TEXTURE_PATH|INVALID_CROP_DIMENSIONS","No se pudo analizar el sprite."
"WARNING",6145,"GRH 6145 (sin textura)",3,2,53,"Unclassified","Unclassified",0.150,0,"","","",0,0,0,1,0,"NO_CLASSIC_SPRITE|NO_SOURCE_TEXTURE_PATH|INVALID_CROP_DIMENSIONS","No se pudo analizar el sprite."
"WARNING",6146,"GRH 6146 (sin textura)",3,2,53,"Unclassified","Unclassified",0.150,0,"","","",0,0,0,1,0,"NO_CLASSIC_SPRITE|NO_SOURCE_TEXTURE_PATH|INVALID_CROP_DIMENSIONS","No se pudo analizar el sprite."
"WARNING",6148,"GRH 6148 (sin textura)",3,2,53,"Unclassified","Unclassified",0.150,0,"","","",0,0,0,1,0,"NO_CLASSIC_SPRITE|NO_SOURCE_TEXTURE_PATH|INVALID_CROP_DIMENSIONS","No se pudo analizar el sprite."
"WARNING",6149,"GRH 6149 (sin textura)",3,2,53,"Unclassified","Unclassified",0.150,0,"","","",0,0,0,1,0,"NO_CLASSIC_SPRITE|NO_SOURCE_TEXTURE_PATH|INVALID_CROP_DIMENSIONS","No se pudo analizar el sprite."
"WARNING",6150,"GRH 6150 (sin textura)",3,2,53,"Unclassified","Unclassified",0.150,0,"","","",0,0,0,1,0,"NO_CLASSIC_SPRITE|NO_SOURCE_TEXTURE_PATH|INVALID_CROP_DIMENSIONS","No se pudo analizar el sprite."
"WARNING",6152,"GRH 6152 (sin textura)",3,2,53,"Unclassified","Unclassified",0.150,0,"","","",0,0,0,1,0,"NO_CLASSIC_SPRITE|NO_SOURCE_TEXTURE_PATH|INVALID_CROP_DIMENSIONS","No se pudo analizar el sprite."
"WARNING",6153,"GRH 6153 (sin textura)",3,2,53,"Unclassified","Unclassified",0.150,0,"","","",0,0,0,1,0,"NO_CLASSIC_SPRITE|NO_SOURCE_TEXTURE_PATH|INVALID_CROP_DIMENSIONS","No se pudo analizar el sprite."
"WARNING",6154,"GRH 6154 (sin textura)",3,2,53,"Unclassified","Unclassified",0.150,0,"","","",0,0,0,1,0,"NO_CLASSIC_SPRITE|NO_SOURCE_TEXTURE_PATH|INVALID_CROP_DIMENSIONS","No se pudo analizar el sprite."
"WARNING",6156,"GRH 6156 (sin textura)",3,2,53,"Unclassified","Unclassified",0.150,0,"","","",0,0,0,1,0,"NO_CLASSIC_SPRITE|NO_SOURCE_TEXTURE_PATH|INVALID_CROP_DIMENSIONS","No se pudo analizar el sprite."
"WARNING",6157,"GRH 6157 (sin textura)",3,2,53,"Unclassified","Unclassified",0.150,0,"","","",0,0,0,1,0,"NO_CLASSIC_SPRITE|NO_SOURCE_TEXTURE_PATH|INVALID_CROP_DIMENSIONS","No se pudo analizar el sprite."
"WARNING",6158,"GRH 6158 (sin textura)",3,2,53,"Unclassified","Unclassified",0.150,0,"","","",0,0,0,1,0,"NO_CLASSIC_SPRITE|NO_SOURCE_TEXTURE_PATH|INVALID_CROP_DIMENSIONS","No se pudo analizar el sprite."
"WARNING",6159,"GRH 6159 (sin textura)",3,2,53,"Unclassified","Unclassified",0.150,0,"","","",0,0,0,1,0,"NO_CLASSIC_SPRITE|NO_SOURCE_TEXTURE_PATH|INVALID_CROP_DIMENSIONS","No se pudo analizar el sprite."
"WARNING",1252,"GRH 1252 (sin textura)",2,2,52,"Unclassified","Unclassified",0.150,0,"","","",0,0,0,1,0,"NO_CLASSIC_SPRITE|NO_SOURCE_TEXTURE_PATH|INVALID_CROP_DIMENSIONS","No se pudo analizar el sprite."
"WARNING",1253,"GRH 1253 (sin textura)",2,2,52,"Unclassified","Unclassified",0.150,0,"","","",0,0,0,1,0,"NO_CLASSIC_SPRITE|NO_SOURCE_TEXTURE_PATH|INVALID_CROP_DIMENSIONS","No se pudo analizar el sprite."
"WARNING",1254,"GRH 1254 (sin textura)",2,2,52,"Unclassified","Unclassified",0.150,0,"","","",0,0,0,1,0,"NO_CLASSIC_SPRITE|NO_SOURCE_TEXTURE_PATH|INVALID_CROP_DIMENSIONS","No se pudo analizar el sprite."
"WARNING",1255,"GRH 1255 (sin textura)",2,2,52,"Unclassified","Unclassified",0.150,0,"","","",0,0,0,1,0,"NO_CLASSIC_SPRITE|NO_SOURCE_TEXTURE_PATH|INVALID_CROP_DIMENSIONS","No se pudo analizar el sprite."
"WARNING",1256,"GRH 1256 (sin textura)",2,2,52,"Unclassified","Unclassified",0.150,0,"","","",0,0,0,1,0,"NO_CLASSIC_SPRITE|NO_SOURCE_TEXTURE_PATH|INVALID_CROP_DIMENSIONS","No se pudo analizar el sprite."
"WARNING",1257,"GRH 1257 (sin textura)",2,2,52,"Unclassified","Unclassified",0.150,0,"","","",0,0,0,1,0,"NO_CLASSIC_SPRITE|NO_SOURCE_TEXTURE_PATH|INVALID_CROP_DIMENSIONS","No se pudo analizar el sprite."
"WARNING",1258,"GRH 1258 (sin textura)",2,2,52,"Unclassified","Unclassified",0.150,0,"","","",0,0,0,1,0,"NO_CLASSIC_SPRITE|NO_SOURCE_TEXTURE_PATH|INVALID_CROP_DIMENSIONS","No se pudo analizar el sprite."
"WARNING",1259,"GRH 1259 (sin textura)",2,2,52,"Unclassified","Unclassified",0.150,0,"","","",0,0,0,1,0,"NO_CLASSIC_SPRITE|NO_SOURCE_TEXTURE_PATH|INVALID_CROP_DIMENSIONS","No se pudo analizar el sprite."
"WARNING",1260,"GRH 1260 (sin textura)",2,2,52,"Unclassified","Unclassified",0.150,0,"","","",0,0,0,1,0,"NO_CLASSIC_SPRITE|NO_SOURCE_TEXTURE_PATH|INVALID_CROP_DIMENSIONS","No se pudo analizar el sprite."
"WARNING",1261,"GRH 1261 (sin textura)",2,2,52,"Unclassified","Unclassified",0.150,0,"","","",0,0,0,1,0,"NO_CLASSIC_SPRITE|NO_SOURCE_TEXTURE_PATH|INVALID_CROP_DIMENSIONS","No se pudo analizar el sprite."
"WARNING",1262,"GRH 1262 (sin textura)",2,2,52,"Unclassified","Unclassified",0.150,0,"","","",0,0,0,1,0,"NO_CLASSIC_SPRITE|NO_SOURCE_TEXTURE_PATH|INVALID_CROP_DIMENSIONS","No se pudo analizar el sprite."
"WARNING",1263,"GRH 1263 (sin textura)",2,2,52,"Unclassified","Unclassified",0.150,0,"","","",0,0,0,1,0,"NO_CLASSIC_SPRITE|NO_SOURCE_TEXTURE_PATH|INVALID_CROP_DIMENSIONS","No se pudo analizar el sprite."
"WARNING",1264,"GRH 1264 (sin textura)",2,2,52,"Unclassified","Unclassified",0.150,0,"","","",0,0,0,1,0,"NO_CLASSIC_SPRITE|NO_SOURCE_TEXTURE_PATH|INVALID_CROP_DIMENSIONS","No se pudo analizar el sprite."
"WARNING",1265,"GRH 1265 (sin textura)",2,2,52,"Unclassified","Unclassified",0.150,0,"","","",0,0,0,1,0,"NO_CLASSIC_SPRITE|NO_SOURCE_TEXTURE_PATH|INVALID_CROP_DIMENSIONS","No se pudo analizar el sprite."
"WARNING",1266,"GRH 1266 (sin textura)",2,2,52,"Unclassified","Unclassified",0.150,0,"","","",0,0,0,1,0,"NO_CLASSIC_SPRITE|NO_SOURCE_TEXTURE_PATH|INVALID_CROP_DIMENSIONS","No se pudo analizar el sprite."
"WARNING",1267,"GRH 1267 (sin textura)",2,2,52,"Unclassified","Unclassified",0.150,0,"","","",0,0,0,1,0,"NO_CLASSIC_SPRITE|NO_SOURCE_TEXTURE_PATH|INVALID_CROP_DIMENSIONS","No se pudo analizar el sprite."
"WARNING",1332,"GRH 1332 (sin textura)",2,2,52,"Unclassified","Unclassified",0.150,0,"","","",0,0,0,1,0,"NO_CLASSIC_SPRITE|NO_SOURCE_TEXTURE_PATH|INVALID_CROP_DIMENSIONS","No se pudo analizar el sprite."
"WARNING",1333,"GRH 1333 (sin textura)",2,2,52,"Unclassified","Unclassified",0.150,0,"","","",0,0,0,1,0,"NO_CLASSIC_SPRITE|NO_SOURCE_TEXTURE_PATH|INVALID_CROP_DIMENSIONS","No se pudo analizar el sprite."
"WARNING",1334,"GRH 1334 (sin textura)",2,2,52,"Unclassified","Unclassified",0.150,0,"","","",0,0,0,1,0,"NO_CLASSIC_SPRITE|NO_SOURCE_TEXTURE_PATH|INVALID_CROP_DIMENSIONS","No se pudo analizar el sprite."
"WARNING",1335,"GRH 1335 (sin textura)",2,2,52,"Unclassified","Unclassified",0.150,0,"","","",0,0,0,1,0,"NO_CLASSIC_SPRITE|NO_SOURCE_TEXTURE_PATH|INVALID_CROP_DIMENSIONS","No se pudo analizar el sprite."
"WARNING",1336,"GRH 1336 (sin textura)",2,2,52,"Unclassified","Unclassified",0.150,0,"","","",0,0,0,1,0,"NO_CLASSIC_SPRITE|NO_SOURCE_TEXTURE_PATH|INVALID_CROP_DIMENSIONS","No se pudo analizar el sprite."
"WARNING",1337,"GRH 1337 (sin textura)",2,2,52,"Unclassified","Unclassified",0.150,0,"","","",0,0,0,1,0,"NO_CLASSIC_SPRITE|NO_SOURCE_TEXTURE_PATH|INVALID_CROP_DIMENSIONS","No se pudo analizar el sprite."
"WARNING",1338,"GRH 1338 (sin textura)",2,2,52,"Unclassified","Unclassified",0.150,0,"","","",0,0,0,1,0,"NO_CLASSIC_SPRITE|NO_SOURCE_TEXTURE_PATH|INVALID_CROP_DIMENSIONS","No se pudo analizar el sprite."
"WARNING",1339,"GRH 1339 (sin textura)",2,2,52,"Unclassified","Unclassified",0.150,0,"","","",0,0,0,1,0,"NO_CLASSIC_SPRITE|NO_SOURCE_TEXTURE_PATH|INVALID_CROP_DIMENSIONS","No se pudo analizar el sprite."
"WARNING",1340,"GRH 1340 (sin textura)",2,2,52,"Unclassified","Unclassified",0.150,0,"","","",0,0,0,1,0,"NO_CLASSIC_SPRITE|NO_SOURCE_TEXTURE_PATH|INVALID_CROP_DIMENSIONS","No se pudo analizar el sprite."
"WARNING",1341,"GRH 1341 (sin textura)",2,2,52,"Unclassified","Unclassified",0.150,0,"","","",0,0,0,1,0,"NO_CLASSIC_SPRITE|NO_SOURCE_TEXTURE_PATH|INVALID_CROP_DIMENSIONS","No se pudo analizar el sprite."
"WARNING",1342,"GRH 1342 (sin textura)",2,2,52,"Unclassified","Unclassified",0.150,0,"","","",0,0,0,1,0,"NO_CLASSIC_SPRITE|NO_SOURCE_TEXTURE_PATH|INVALID_CROP_DIMENSIONS","No se pudo analizar el sprite."
"WARNING",1343,"GRH 1343 (sin textura)",2,2,52,"Unclassified","Unclassified",0.150,0,"","","",0,0,0,1,0,"NO_CLASSIC_SPRITE|NO_SOURCE_TEXTURE_PATH|INVALID_CROP_DIMENSIONS","No se pudo analizar el sprite."
"WARNING",1344,"GRH 1344 (sin textura)",2,2,52,"Unclassified","Unclassified",0.150,0,"","","",0,0,0,1,0,"NO_CLASSIC_SPRITE|NO_SOURCE_TEXTURE_PATH|INVALID_CROP_DIMENSIONS","No se pudo analizar el sprite."
"WARNING",1345,"GRH 1345 (sin textura)",2,2,52,"Unclassified","Unclassified",0.150,0,"","","",0,0,0,1,0,"NO_CLASSIC_SPRITE|NO_SOURCE_TEXTURE_PATH|INVALID_CROP_DIMENSIONS","No se pudo analizar el sprite."
"WARNING",1346,"GRH 1346 (sin textura)",2,2,52,"Unclassified","Unclassified",0.150,0,"","","",0,0,0,1,0,"NO_CLASSIC_SPRITE|NO_SOURCE_TEXTURE_PATH|INVALID_CROP_DIMENSIONS","No se pudo analizar el sprite."
"WARNING",1347,"GRH 1347 (sin textura)",2,2,52,"Unclassified","Unclassified",0.150,0,"","","",0,0,0,1,0,"NO_CLASSIC_SPRITE|NO_SOURCE_TEXTURE_PATH|INVALID_CROP_DIMENSIONS","No se pudo analizar el sprite."
"WARNING",5694,"GRH 5694 (sin textura)",2,2,52,"Unclassified","Unclassified",0.150,0,"","","",0,0,0,1,0,"NO_CLASSIC_SPRITE|NO_SOURCE_TEXTURE_PATH|INVALID_CROP_DIMENSIONS","No se pudo analizar el sprite."
"WARNING",5695,"GRH 5695 (sin textura)",2,2,52,"Unclassified","Unclassified",0.150,0,"","","",0,0,0,1,0,"NO_CLASSIC_SPRITE|NO_SOURCE_TEXTURE_PATH|INVALID_CROP_DIMENSIONS","No se pudo analizar el sprite."
"WARNING",5696,"GRH 5696 (sin textura)",2,2,52,"Unclassified","Unclassified",0.150,0,"","","",0,0,0,1,0,"NO_CLASSIC_SPRITE|NO_SOURCE_TEXTURE_PATH|INVALID_CROP_DIMENSIONS","No se pudo analizar el sprite."
"WARNING",5697,"GRH 5697 (sin textura)",2,2,52,"Unclassified","Unclassified",0.150,0,"","","",0,0,0,1,0,"NO_CLASSIC_SPRITE|NO_SOURCE_TEXTURE_PATH|INVALID_CROP_DIMENSIONS","No se pudo analizar el sprite."
"WARNING",6155,"GRH 6155 (sin textura)",2,2,52,"Unclassified","Unclassified",0.150,0,"","","",0,0,0,1,0,"NO_CLASSIC_SPRITE|NO_SOURCE_TEXTURE_PATH|INVALID_CROP_DIMENSIONS","No se pudo analizar el sprite."
"WARNING",6276,"GRH 6276 (sin textura)",2,2,52,"Unclassified","Unclassified",0.150,0,"","","",0,0,0,1,0,"NO_CLASSIC_SPRITE|NO_SOURCE_TEXTURE_PATH|INVALID_CROP_DIMENSIONS","No se pudo analizar el sprite."
"WARNING",6277,"GRH 6277 (sin textura)",2,2,52,"Unclassified","Unclassified",0.150,0,"","","",0,0,0,1,0,"NO_CLASSIC_SPRITE|NO_SOURCE_TEXTURE_PATH|INVALID_CROP_DIMENSIONS","No se pudo analizar el sprite."
"WARNING",6278,"GRH 6278 (sin textura)",2,2,52,"Unclassified","Unclassified",0.150,0,"","","",0,0,0,1,0,"NO_CLASSIC_SPRITE|NO_SOURCE_TEXTURE_PATH|INVALID_CROP_DIMENSIONS","No se pudo analizar el sprite."
"WARNING",6279,"GRH 6279 (sin textura)",2,2,52,"Unclassified","Unclassified",0.150,0,"","","",0,0,0,1,0,"NO_CLASSIC_SPRITE|NO_SOURCE_TEXTURE_PATH|INVALID_CROP_DIMENSIONS","No se pudo analizar el sprite."
"WARNING",6280,"GRH 6280 (sin textura)",2,2,52,"Unclassified","Unclassified",0.150,0,"","","",0,0,0,1,0,"NO_CLASSIC_SPRITE|NO_SOURCE_TEXTURE_PATH|INVALID_CROP_DIMENSIONS","No se pudo analizar el sprite."
"WARNING",6281,"GRH 6281 (sin textura)",2,2,52,"Unclassified","Unclassified",0.150,0,"","","",0,0,0,1,0,"NO_CLASSIC_SPRITE|NO_SOURCE_TEXTURE_PATH|INVALID_CROP_DIMENSIONS","No se pudo analizar el sprite."
"WARNING",6282,"GRH 6282 (sin textura)",2,2,52,"Unclassified","Unclassified",0.150,0,"","","",0,0,0,1,0,"NO_CLASSIC_SPRITE|NO_SOURCE_TEXTURE_PATH|INVALID_CROP_DIMENSIONS","No se pudo analizar el sprite."
"WARNING",6283,"GRH 6283 (sin textura)",2,2,52,"Unclassified","Unclassified",0.150,0,"","","",0,0,0,1,0,"NO_CLASSIC_SPRITE|NO_SOURCE_TEXTURE_PATH|INVALID_CROP_DIMENSIONS","No se pudo analizar el sprite."
"WARNING",6284,"GRH 6284 (sin textura)",2,2,52,"Unclassified","Unclassified",0.150,0,"","","",0,0,0,1,0,"NO_CLASSIC_SPRITE|NO_SOURCE_TEXTURE_PATH|INVALID_CROP_DIMENSIONS","No se pudo analizar el sprite."
"WARNING",6285,"GRH 6285 (sin textura)",2,2,52,"Unclassified","Unclassified",0.150,0,"","","",0,0,0,1,0,"NO_CLASSIC_SPRITE|NO_SOURCE_TEXTURE_PATH|INVALID_CROP_DIMENSIONS","No se pudo analizar el sprite."
"WARNING",6286,"GRH 6286 (sin textura)",2,2,52,"Unclassified","Unclassified",0.150,0,"","","",0,0,0,1,0,"NO_CLASSIC_SPRITE|NO_SOURCE_TEXTURE_PATH|INVALID_CROP_DIMENSIONS","No se pudo analizar el sprite."
"WARNING",6287,"GRH 6287 (sin textura)",2,2,52,"Unclassified","Unclassified",0.150,0,"","","",0,0,0,1,0,"NO_CLASSIC_SPRITE|NO_SOURCE_TEXTURE_PATH|INVALID_CROP_DIMENSIONS","No se pudo analizar el sprite."
"WARNING",6467,"GRH 6467 (tex_6215.png)",2,2,52,"Grass","Grass",1.000,1,"Assets/AOMigrator/MapVisualV063/Generated/Sprites/GRH_6467.asset","Assets/AOMigrator/MapVisualV063/Textures/tex_6215.png",".png",1,1,0,0,1,"INVALID_CROP_DIMENSIONS","Predominio verde 0.72, sat 0.67"
"WARNING",6471,"GRH 6471 (tex_6215.png)",2,2,52,"Floor","Floor",1.000,1,"Assets/AOMigrator/MapVisualV063/Generated/Sprites/GRH_6471.asset","Assets/AOMigrator/MapVisualV063/Textures/tex_6215.png",".png",1,1,0,0,1,"INVALID_CROP_DIMENSIONS","Piso marrón sólido; marrón 0.96, cobertura 1.00"
"WARNING",6475,"GRH 6475 (tex_6215.png)",2,2,52,"Floor","Floor",1.000,1,"Assets/AOMigrator/MapVisualV063/Generated/Sprites/GRH_6475.asset","Assets/AOMigrator/MapVisualV063/Textures/tex_6215.png",".png",1,1,0,0,1,"INVALID_CROP_DIMENSIONS","Piso marrón sólido; marrón 0.89, cobertura 1.00"
"WARNING",6479,"GRH 6479 (tex_6215.png)",2,2,52,"Grass","Grass",1.000,1,"Assets/AOMigrator/MapVisualV063/Generated/Sprites/GRH_6479.asset","Assets/AOMigrator/MapVisualV063/Textures/tex_6215.png",".png",1,1,0,0,1,"INVALID_CROP_DIMENSIONS","Predominio verde 0.95, sat 0.72"
"WARNING",15097,"GRH 15097 (tex_5086.png)",2,2,52,"Transition","Transition",0.896,1,"Assets/AOMigrator/MapVisualV063/Generated/Sprites/GRH_15097.asset","Assets/AOMigrator/MapVisualV063/Textures/tex_5086.png",".png",1,1,0,0,1,"INVALID_CROP_DIMENSIONS","Transición: Layer2 100%, cobertura 46%, edge 0.11"
"WARNING",15098,"GRH 15098 (tex_5086.png)",2,2,52,"Transition","Transition",0.879,1,"Assets/AOMigrator/MapVisualV063/Generated/Sprites/GRH_15098.asset","Assets/AOMigrator/MapVisualV063/Textures/tex_5086.png",".png",1,1,0,0,1,"INVALID_CROP_DIMENSIONS","Transición: Layer2 100%, cobertura 56%, edge 0.11"
"WARNING",15099,"GRH 15099 (tex_5086.png)",2,2,52,"Transition","Transition",0.921,1,"Assets/AOMigrator/MapVisualV063/Generated/Sprites/GRH_15099.asset","Assets/AOMigrator/MapVisualV063/Textures/tex_5086.png",".png",1,1,0,0,1,"INVALID_CROP_DIMENSIONS","Transición: Layer2 100%, cobertura 33%, edge 0.08"
"WARNING",17837,"GRH 17837 (tex_5121.png)",2,2,52,"Dirt","Dirt",1.000,1,"Assets/AOMigrator/MapVisualV063/Generated/Sprites/GRH_17837.asset","Assets/AOMigrator/MapVisualV063/Textures/tex_5121.png",".png",1,1,0,0,1,"INVALID_CROP_DIMENSIONS","Predominio marrón 0.94, sat 0.26"
"WARNING",28254,"GRH 28254 (tex_2649.png)",2,2,52,"Transition","Transition",0.944,1,"Assets/AOMigrator/MapVisualV063/Generated/Sprites/GRH_28254.asset","Assets/AOMigrator/MapVisualV063/Textures/tex_2649.png",".png",1,1,0,0,1,"INVALID_CROP_DIMENSIONS","Transición: Layer2 100%, cobertura 20%, edge 0.67"
"WARNING",50848,"GRH 50848 (sin textura)",2,2,52,"Unclassified","Unclassified",0.150,0,"","","",0,0,0,1,0,"NO_CLASSIC_SPRITE|NO_SOURCE_TEXTURE_PATH|INVALID_CROP_DIMENSIONS","No se pudo analizar el sprite."
"WARNING",61004,"GRH 61004 (tex_5087.png)",2,2,52,"Floor","Floor",1.000,1,"Assets/AOMigrator/MapVisualV063/Generated/Sprites/GRH_61004.asset","Assets/AOMigrator/MapVisualV063/Textures/tex_5087.png",".png",1,1,0,0,1,"INVALID_CROP_DIMENSIONS","Piso marrón sólido; marrón 1.00, cobertura 1.00"
"WARNING",61007,"GRH 61007 (tex_5087.png)",2,2,52,"Floor","Floor",1.000,1,"Assets/AOMigrator/MapVisualV063/Generated/Sprites/GRH_61007.asset","Assets/AOMigrator/MapVisualV063/Textures/tex_5087.png",".png",1,1,0,0,1,"INVALID_CROP_DIMENSIONS","Piso marrón sólido; marrón 0.83, cobertura 1.00"
"WARNING",61008,"GRH 61008 (tex_5087.png)",2,2,52,"Floor","Floor",1.000,1,"Assets/AOMigrator/MapVisualV063/Generated/Sprites/GRH_61008.asset","Assets/AOMigrator/MapVisualV063/Textures/tex_5087.png",".png",1,1,0,0,1,"INVALID_CROP_DIMENSIONS","Piso marrón sólido; marrón 0.96, cobertura 1.00"
"WARNING",61010,"GRH 61010 (tex_5087.png)",2,2,52,"Floor","Floor",1.000,1,"Assets/AOMigrator/MapVisualV063/Generated/Sprites/GRH_61010.asset","Assets/AOMigrator/MapVisualV063/Textures/tex_5087.png",".png",1,1,0,0,1,"INVALID_CROP_DIMENSIONS","Piso marrón sólido; marrón 0.93, cobertura 1.00"
"WARNING",61011,"GRH 61011 (tex_5087.png)",2,2,52,"Floor","Floor",1.000,1,"Assets/AOMigrator/MapVisualV063/Generated/Sprites/GRH_61011.asset","Assets/AOMigrator/MapVisualV063/Textures/tex_5087.png",".png",1,1,0,0,1,"INVALID_CROP_DIMENSIONS","Piso marrón sólido; marrón 0.92, cobertura 1.00"
"WARNING",61012,"GRH 61012 (tex_5087.png)",2,2,52,"Floor","Floor",1.000,1,"Assets/AOMigrator/MapVisualV063/Generated/Sprites/GRH_61012.asset","Assets/AOMigrator/MapVisualV063/Textures/tex_5087.png",".png",1,1,0,0,1,"INVALID_CROP_DIMENSIONS","Piso marrón sólido; marrón 1.00, cobertura 1.00"
"WARNING",61013,"GRH 61013 (tex_5087.png)",2,2,52,"Floor","Floor",1.000,1,"Assets/AOMigrator/MapVisualV063/Generated/Sprites/GRH_61013.asset","Assets/AOMigrator/MapVisualV063/Textures/tex_5087.png",".png",1,1,0,0,1,"INVALID_CROP_DIMENSIONS","Piso marrón sólido; marrón 1.00, cobertura 1.00"
"WARNING",61014,"GRH 61014 (tex_5087.png)",2,2,52,"Floor","Floor",1.000,1,"Assets/AOMigrator/MapVisualV063/Generated/Sprites/GRH_61014.asset","Assets/AOMigrator/MapVisualV063/Textures/tex_5087.png",".png",1,1,0,0,1,"INVALID_CROP_DIMENSIONS","Piso marrón sólido; marrón 1.00, cobertura 1.00"
"WARNING",9002,"GRH 9002 (sin textura)",24,1,49,"Unclassified","Unclassified",0.150,0,"","","",0,0,0,1,0,"NO_CLASSIC_SPRITE|NO_SOURCE_TEXTURE_PATH|INVALID_CROP_DIMENSIONS","No se pudo analizar el sprite."
"WARNING",9003,"GRH 9003 (sin textura)",24,1,49,"Unclassified","Unclassified",0.150,0,"","","",0,0,0,1,0,"NO_CLASSIC_SPRITE|NO_SOURCE_TEXTURE_PATH|INVALID_CROP_DIMENSIONS","No se pudo analizar el sprite."
"WARNING",9004,"GRH 9004 (sin textura)",24,1,49,"Unclassified","Unclassified",0.150,0,"","","",0,0,0,1,0,"NO_CLASSIC_SPRITE|NO_SOURCE_TEXTURE_PATH|INVALID_CROP_DIMENSIONS","No se pudo analizar el sprite."
"WARNING",9005,"GRH 9005 (sin textura)",24,1,49,"Unclassified","Unclassified",0.150,0,"","","",0,0,0,1,0,"NO_CLASSIC_SPRITE|NO_SOURCE_TEXTURE_PATH|INVALID_CROP_DIMENSIONS","No se pudo analizar el sprite."
"WARNING",1145,"GRH 1145 (sin textura)",12,1,37,"Unclassified","Unclassified",0.150,0,"","","",0,0,0,1,0,"NO_CLASSIC_SPRITE|NO_SOURCE_TEXTURE_PATH|INVALID_CROP_DIMENSIONS","No se pudo analizar el sprite."
"WARNING",1129,"GRH 1129 (sin textura)",10,1,35,"Unclassified","Unclassified",0.150,0,"","","",0,0,0,1,0,"NO_CLASSIC_SPRITE|NO_SOURCE_TEXTURE_PATH|INVALID_CROP_DIMENSIONS","No se pudo analizar el sprite."
"WARNING",1181,"GRH 1181 (sin textura)",10,1,35,"Unclassified","Unclassified",0.150,0,"","","",0,0,0,1,0,"NO_CLASSIC_SPRITE|NO_SOURCE_TEXTURE_PATH|INVALID_CROP_DIMENSIONS","No se pudo analizar el sprite."
"WARNING",15301,"GRH 15301 (sin textura)",10,1,35,"Unclassified","Unclassified",0.150,0,"","","",0,0,0,1,0,"NO_CLASSIC_SPRITE|NO_SOURCE_TEXTURE_PATH|INVALID_CROP_DIMENSIONS","No se pudo analizar el sprite."
"WARNING",7856,"GRH 7856 (sin textura)",9,1,34,"Unclassified","Unclassified",0.150,0,"","","",0,0,0,1,0,"NO_CLASSIC_SPRITE|NO_SOURCE_TEXTURE_PATH|INVALID_CROP_DIMENSIONS","No se pudo analizar el sprite."
"WARNING",7860,"GRH 7860 (sin textura)",8,1,33,"Unclassified","Unclassified",0.150,0,"","","",0,0,0,1,0,"NO_CLASSIC_SPRITE|NO_SOURCE_TEXTURE_PATH|INVALID_CROP_DIMENSIONS","No se pudo analizar el sprite."
"WARNING",48770,"GRH 48770 (sin textura)",8,1,33,"Unclassified","Unclassified",0.150,0,"","","",0,0,0,1,0,"NO_CLASSIC_SPRITE|NO_SOURCE_TEXTURE_PATH|INVALID_CROP_DIMENSIONS","No se pudo analizar el sprite."
"WARNING",48771,"GRH 48771 (sin textura)",8,1,33,"Unclassified","Unclassified",0.150,0,"","","",0,0,0,1,0,"NO_CLASSIC_SPRITE|NO_SOURCE_TEXTURE_PATH|INVALID_CROP_DIMENSIONS","No se pudo analizar el sprite."
"WARNING",48772,"GRH 48772 (sin textura)",8,1,33,"Unclassified","Unclassified",0.150,0,"","","",0,0,0,1,0,"NO_CLASSIC_SPRITE|NO_SOURCE_TEXTURE_PATH|INVALID_CROP_DIMENSIONS","No se pudo analizar el sprite."
"WARNING",48773,"GRH 48773 (sin textura)",8,1,33,"Unclassified","Unclassified",0.150,0,"","","",0,0,0,1,0,"NO_CLASSIC_SPRITE|NO_SOURCE_TEXTURE_PATH|INVALID_CROP_DIMENSIONS","No se pudo analizar el sprite."
"WARNING",1538,"GRH 1538 (sin textura)",7,1,32,"Unclassified","Unclassified",0.150,0,"","","",0,0,0,1,0,"NO_CLASSIC_SPRITE|NO_SOURCE_TEXTURE_PATH|INVALID_CROP_DIMENSIONS","No se pudo analizar el sprite."
"WARNING",1539,"GRH 1539 (sin textura)",7,1,32,"Unclassified","Unclassified",0.150,0,"","","",0,0,0,1,0,"NO_CLASSIC_SPRITE|NO_SOURCE_TEXTURE_PATH|INVALID_CROP_DIMENSIONS","No se pudo analizar el sprite."
"WARNING",1540,"GRH 1540 (sin textura)",7,1,32,"Unclassified","Unclassified",0.150,0,"","","",0,0,0,1,0,"NO_CLASSIC_SPRITE|NO_SOURCE_TEXTURE_PATH|INVALID_CROP_DIMENSIONS","No se pudo analizar el sprite."
"WARNING",1541,"GRH 1541 (sin textura)",7,1,32,"Unclassified","Unclassified",0.150,0,"","","",0,0,0,1,0,"NO_CLASSIC_SPRITE|NO_SOURCE_TEXTURE_PATH|INVALID_CROP_DIMENSIONS","No se pudo analizar el sprite."
"WARNING",1542,"GRH 1542 (sin textura)",7,1,32,"Unclassified","Unclassified",0.150,0,"","","",0,0,0,1,0,"NO_CLASSIC_SPRITE|NO_SOURCE_TEXTURE_PATH|INVALID_CROP_DIMENSIONS","No se pudo analizar el sprite."
"WARNING",1543,"GRH 1543 (sin textura)",7,1,32,"Unclassified","Unclassified",0.150,0,"","","",0,0,0,1,0,"NO_CLASSIC_SPRITE|NO_SOURCE_TEXTURE_PATH|INVALID_CROP_DIMENSIONS","No se pudo analizar el sprite."
"WARNING",1544,"GRH 1544 (sin textura)",7,1,32,"Unclassified","Unclassified",0.150,0,"","","",0,0,0,1,0,"NO_CLASSIC_SPRITE|NO_SOURCE_TEXTURE_PATH|INVALID_CROP_DIMENSIONS","No se pudo analizar el sprite."
"WARNING",1545,"GRH 1545 (sin textura)",7,1,32,"Unclassified","Unclassified",0.150,0,"","","",0,0,0,1,0,"NO_CLASSIC_SPRITE|NO_SOURCE_TEXTURE_PATH|INVALID_CROP_DIMENSIONS","No se pudo analizar el sprite."
"WARNING",1546,"GRH 1546 (sin textura)",7,1,32,"Unclassified","Unclassified",0.150,0,"","","",0,0,0,1,0,"NO_CLASSIC_SPRITE|NO_SOURCE_TEXTURE_PATH|INVALID_CROP_DIMENSIONS","No se pudo analizar el sprite."
"WARNING",1547,"GRH 1547 (sin textura)",7,1,32,"Unclassified","Unclassified",0.150,0,"","","",0,0,0,1,0,"NO_CLASSIC_SPRITE|NO_SOURCE_TEXTURE_PATH|INVALID_CROP_DIMENSIONS","No se pudo analizar el sprite."
"WARNING",1548,"GRH 1548 (sin textura)",7,1,32,"Unclassified","Unclassified",0.150,0,"","","",0,0,0,1,0,"NO_CLASSIC_SPRITE|NO_SOURCE_TEXTURE_PATH|INVALID_CROP_DIMENSIONS","No se pudo analizar el sprite."
"WARNING",1549,"GRH 1549 (sin textura)",7,1,32,"Unclassified","Unclassified",0.150,0,"","","",0,0,0,1,0,"NO_CLASSIC_SPRITE|NO_SOURCE_TEXTURE_PATH|INVALID_CROP_DIMENSIONS","No se pudo analizar el sprite."
"WARNING",15298,"GRH 15298 (sin textura)",7,1,32,"Unclassified","Unclassified",0.150,0,"","","",0,0,0,1,0,"NO_CLASSIC_SPRITE|NO_SOURCE_TEXTURE_PATH|INVALID_CROP_DIMENSIONS","No se pudo analizar el sprite."
"WARNING",15300,"GRH 15300 (sin textura)",7,1,32,"Unclassified","Unclassified",0.150,0,"","","",0,0,0,1,0,"NO_CLASSIC_SPRITE|NO_SOURCE_TEXTURE_PATH|INVALID_CROP_DIMENSIONS","No se pudo analizar el sprite."
"WARNING",1140,"GRH 1140 (sin textura)",6,1,31,"Unclassified","Unclassified",0.150,0,"","","",0,0,0,1,0,"NO_CLASSIC_SPRITE|NO_SOURCE_TEXTURE_PATH|INVALID_CROP_DIMENSIONS","No se pudo analizar el sprite."
"WARNING",1550,"GRH 1550 (sin textura)",6,1,31,"Unclassified","Unclassified",0.150,0,"","","",0,0,0,1,0,"NO_CLASSIC_SPRITE|NO_SOURCE_TEXTURE_PATH|INVALID_CROP_DIMENSIONS","No se pudo analizar el sprite."
"WARNING",1551,"GRH 1551 (sin textura)",6,1,31,"Unclassified","Unclassified",0.150,0,"","","",0,0,0,1,0,"NO_CLASSIC_SPRITE|NO_SOURCE_TEXTURE_PATH|INVALID_CROP_DIMENSIONS","No se pudo analizar el sprite."
"WARNING",1552,"GRH 1552 (sin textura)",6,1,31,"Unclassified","Unclassified",0.150,0,"","","",0,0,0,1,0,"NO_CLASSIC_SPRITE|NO_SOURCE_TEXTURE_PATH|INVALID_CROP_DIMENSIONS","No se pudo analizar el sprite."
"WARNING",1553,"GRH 1553 (sin textura)",6,1,31,"Unclassified","Unclassified",0.150,0,"","","",0,0,0,1,0,"NO_CLASSIC_SPRITE|NO_SOURCE_TEXTURE_PATH|INVALID_CROP_DIMENSIONS","No se pudo analizar el sprite."
"WARNING",7843,"GRH 7843 (sin textura)",6,1,31,"Unclassified","Unclassified",0.150,0,"","","",0,0,0,1,0,"NO_CLASSIC_SPRITE|NO_SOURCE_TEXTURE_PATH|INVALID_CROP_DIMENSIONS","No se pudo analizar el sprite."
"WARNING",7847,"GRH 7847 (sin textura)",6,1,31,"Unclassified","Unclassified",0.150,0,"","","",0,0,0,1,0,"NO_CLASSIC_SPRITE|NO_SOURCE_TEXTURE_PATH|INVALID_CROP_DIMENSIONS","No se pudo analizar el sprite."
"WARNING",7848,"GRH 7848 (sin textura)",6,1,31,"Unclassified","Unclassified",0.150,0,"","","",0,0,0,1,0,"NO_CLASSIC_SPRITE|NO_SOURCE_TEXTURE_PATH|INVALID_CROP_DIMENSIONS","No se pudo analizar el sprite."
"WARNING",7852,"GRH 7852 (sin textura)",6,1,31,"Unclassified","Unclassified",0.150,0,"","","",0,0,0,1,0,"NO_CLASSIC_SPRITE|NO_SOURCE_TEXTURE_PATH|INVALID_CROP_DIMENSIONS","No se pudo analizar el sprite."
"WARNING",1131,"GRH 1131 (sin textura)",5,1,30,"Unclassified","Unclassified",0.150,0,"","","",0,0,0,1,0,"NO_CLASSIC_SPRITE|NO_SOURCE_TEXTURE_PATH|INVALID_CROP_DIMENSIONS","No se pudo analizar el sprite."
"WARNING",1141,"GRH 1141 (sin textura)",5,1,30,"Unclassified","Unclassified",0.150,0,"","","",0,0,0,1,0,"NO_CLASSIC_SPRITE|NO_SOURCE_TEXTURE_PATH|INVALID_CROP_DIMENSIONS","No se pudo analizar el sprite."
"WARNING",1142,"GRH 1142 (sin textura)",5,1,30,"Unclassified","Unclassified",0.150,0,"","","",0,0,0,1,0,"NO_CLASSIC_SPRITE|NO_SOURCE_TEXTURE_PATH|INVALID_CROP_DIMENSIONS","No se pudo analizar el sprite."
"WARNING",1276,"GRH 1276 (sin textura)",5,1,30,"Unclassified","Unclassified",0.150,0,"","","",0,0,0,1,0,"NO_CLASSIC_SPRITE|NO_SOURCE_TEXTURE_PATH|INVALID_CROP_DIMENSIONS","No se pudo analizar el sprite."
"WARNING",1280,"GRH 1280 (sin textura)",5,1,30,"Unclassified","Unclassified",0.150,0,"","","",0,0,0,1,0,"NO_CLASSIC_SPRITE|NO_SOURCE_TEXTURE_PATH|INVALID_CROP_DIMENSIONS","No se pudo analizar el sprite."
"WARNING",7835,"GRH 7835 (sin textura)",4,1,29,"Unclassified","Unclassified",0.150,0,"","","",0,0,0,1,0,"NO_CLASSIC_SPRITE|NO_SOURCE_TEXTURE_PATH|INVALID_CROP_DIMENSIONS","No se pudo analizar el sprite."
"WARNING",7839,"GRH 7839 (sin textura)",4,1,29,"Unclassified","Unclassified",0.150,0,"","","",0,0,0,1,0,"NO_CLASSIC_SPRITE|NO_SOURCE_TEXTURE_PATH|INVALID_CROP_DIMENSIONS","No se pudo analizar el sprite."
"WARNING",7752,"GRH 7752 (sin textura)",3,1,28,"Unclassified","Unclassified",0.150,0,"","","",0,0,0,1,0,"NO_CLASSIC_SPRITE|NO_SOURCE_TEXTURE_PATH|INVALID_CROP_DIMENSIONS","No se pudo analizar el sprite."
"WARNING",7756,"GRH 7756 (sin textura)",3,1,28,"Unclassified","Unclassified",0.150,0,"","","",0,0,0,1,0,"NO_CLASSIC_SPRITE|NO_SOURCE_TEXTURE_PATH|INVALID_CROP_DIMENSIONS","No se pudo analizar el sprite."
"WARNING",7764,"GRH 7764 (sin textura)",3,1,28,"Unclassified","Unclassified",0.150,0,"","","",0,0,0,1,0,"NO_CLASSIC_SPRITE|NO_SOURCE_TEXTURE_PATH|INVALID_CROP_DIMENSIONS","No se pudo analizar el sprite."
"WARNING",1570,"GRH 1570 (sin textura)",2,1,27,"Unclassified","Unclassified",0.150,0,"","","",0,0,0,1,0,"NO_CLASSIC_SPRITE|NO_SOURCE_TEXTURE_PATH|INVALID_CROP_DIMENSIONS","No se pudo analizar el sprite."
"WARNING",1571,"GRH 1571 (sin textura)",2,1,27,"Unclassified","Unclassified",0.150,0,"","","",0,0,0,1,0,"NO_CLASSIC_SPRITE|NO_SOURCE_TEXTURE_PATH|INVALID_CROP_DIMENSIONS","No se pudo analizar el sprite."
"WARNING",1572,"GRH 1572 (sin textura)",2,1,27,"Unclassified","Unclassified",0.150,0,"","","",0,0,0,1,0,"NO_CLASSIC_SPRITE|NO_SOURCE_TEXTURE_PATH|INVALID_CROP_DIMENSIONS","No se pudo analizar el sprite."
"WARNING",1573,"GRH 1573 (sin textura)",2,1,27,"Unclassified","Unclassified",0.150,0,"","","",0,0,0,1,0,"NO_CLASSIC_SPRITE|NO_SOURCE_TEXTURE_PATH|INVALID_CROP_DIMENSIONS","No se pudo analizar el sprite."
"WARNING",6016,"GRH 6016 (sin textura)",2,1,27,"Unclassified","Unclassified",0.150,0,"","","",0,0,0,1,0,"NO_CLASSIC_SPRITE|NO_SOURCE_TEXTURE_PATH|INVALID_CROP_DIMENSIONS","No se pudo analizar el sprite."
"WARNING",6017,"GRH 6017 (sin textura)",2,1,27,"Unclassified","Unclassified",0.150,0,"","","",0,0,0,1,0,"NO_CLASSIC_SPRITE|NO_SOURCE_TEXTURE_PATH|INVALID_CROP_DIMENSIONS","No se pudo analizar el sprite."
"WARNING",6018,"GRH 6018 (sin textura)",2,1,27,"Unclassified","Unclassified",0.150,0,"","","",0,0,0,1,0,"NO_CLASSIC_SPRITE|NO_SOURCE_TEXTURE_PATH|INVALID_CROP_DIMENSIONS","No se pudo analizar el sprite."
"WARNING",6019,"GRH 6019 (sin textura)",2,1,27,"Unclassified","Unclassified",0.150,0,"","","",0,0,0,1,0,"NO_CLASSIC_SPRITE|NO_SOURCE_TEXTURE_PATH|INVALID_CROP_DIMENSIONS","No se pudo analizar el sprite."
"WARNING",6020,"GRH 6020 (sin textura)",2,1,27,"Unclassified","Unclassified",0.150,0,"","","",0,0,0,1,0,"NO_CLASSIC_SPRITE|NO_SOURCE_TEXTURE_PATH|INVALID_CROP_DIMENSIONS","No se pudo analizar el sprite."
"WARNING",6021,"GRH 6021 (sin textura)",2,1,27,"Unclassified","Unclassified",0.150,0,"","","",0,0,0,1,0,"NO_CLASSIC_SPRITE|NO_SOURCE_TEXTURE_PATH|INVALID_CROP_DIMENSIONS","No se pudo analizar el sprite."
"WARNING",6022,"GRH 6022 (sin textura)",2,1,27,"Unclassified","Unclassified",0.150,0,"","","",0,0,0,1,0,"NO_CLASSIC_SPRITE|NO_SOURCE_TEXTURE_PATH|INVALID_CROP_DIMENSIONS","No se pudo analizar el sprite."
"WARNING",6023,"GRH 6023 (sin textura)",2,1,27,"Unclassified","Unclassified",0.150,0,"","","",0,0,0,1,0,"NO_CLASSIC_SPRITE|NO_SOURCE_TEXTURE_PATH|INVALID_CROP_DIMENSIONS","No se pudo analizar el sprite."
"WARNING",7748,"GRH 7748 (sin textura)",2,1,27,"Unclassified","Unclassified",0.150,0,"","","",0,0,0,1,0,"NO_CLASSIC_SPRITE|NO_SOURCE_TEXTURE_PATH|INVALID_CROP_DIMENSIONS","No se pudo analizar el sprite."
"WARNING",7760,"GRH 7760 (sin textura)",2,1,27,"Unclassified","Unclassified",0.150,0,"","","",0,0,0,1,0,"NO_CLASSIC_SPRITE|NO_SOURCE_TEXTURE_PATH|INVALID_CROP_DIMENSIONS","No se pudo analizar el sprite."
"WARNING",7859,"GRH 7859 (sin textura)",2,1,27,"Unclassified","Unclassified",0.150,0,"","","",0,0,0,1,0,"NO_CLASSIC_SPRITE|NO_SOURCE_TEXTURE_PATH|INVALID_CROP_DIMENSIONS","No se pudo analizar el sprite."
"WARNING",7863,"GRH 7863 (sin textura)",2,1,27,"Unclassified","Unclassified",0.150,0,"","","",0,0,0,1,0,"NO_CLASSIC_SPRITE|NO_SOURCE_TEXTURE_PATH|INVALID_CROP_DIMENSIONS","No se pudo analizar el sprite."
"WARNING",16407,"GRH 16407 (sin textura)",2,1,27,"Unclassified","Unclassified",0.150,0,"","","",0,0,0,1,0,"NO_CLASSIC_SPRITE|NO_SOURCE_TEXTURE_PATH|INVALID_CROP_DIMENSIONS","No se pudo analizar el sprite."
"WARNING",17056,"GRH 17056 (sin textura)",2,1,27,"Unclassified","Unclassified",0.150,0,"","","",0,0,0,1,0,"NO_CLASSIC_SPRITE|NO_SOURCE_TEXTURE_PATH|INVALID_CROP_DIMENSIONS","No se pudo analizar el sprite."
"WARNING",18952,"GRH 18952 (sin textura)",2,1,27,"Unclassified","Unclassified",0.150,0,"","","",0,0,0,1,0,"NO_CLASSIC_SPRITE|NO_SOURCE_TEXTURE_PATH|INVALID_CROP_DIMENSIONS","No se pudo analizar el sprite."
"WARNING",61088,"GRH 61088 (sin textura)",2,1,27,"Unclassified","Unclassified",0.150,0,"","","",0,0,0,1,0,"NO_CLASSIC_SPRITE|NO_SOURCE_TEXTURE_PATH|INVALID_CROP_DIMENSIONS","No se pudo analizar el sprite."
"WARNING",61092,"GRH 61092 (sin textura)",2,1,27,"Unclassified","Unclassified",0.150,0,"","","",0,0,0,1,0,"NO_CLASSIC_SPRITE|NO_SOURCE_TEXTURE_PATH|INVALID_CROP_DIMENSIONS","No se pudo analizar el sprite."
"WARNING",61096,"GRH 61096 (sin textura)",2,1,27,"Unclassified","Unclassified",0.150,0,"","","",0,0,0,1,0,"NO_CLASSIC_SPRITE|NO_SOURCE_TEXTURE_PATH|INVALID_CROP_DIMENSIONS","No se pudo analizar el sprite."
"WARNING",85316,"GRH 85316 (sin textura)",2,1,27,"Unclassified","Unclassified",0.150,0,"","","",0,0,0,1,0,"NO_CLASSIC_SPRITE|NO_SOURCE_TEXTURE_PATH|INVALID_CROP_DIMENSIONS","No se pudo analizar el sprite."
"WARNING",85326,"GRH 85326 (sin textura)",2,1,27,"Unclassified","Unclassified",0.150,0,"","","",0,0,0,1,0,"NO_CLASSIC_SPRITE|NO_SOURCE_TEXTURE_PATH|INVALID_CROP_DIMENSIONS","No se pudo analizar el sprite."
"WARNING",736,"GRH 736 (sin textura)",1,1,26,"Unclassified","Unclassified",0.150,0,"","","",0,0,0,1,0,"NO_CLASSIC_SPRITE|NO_SOURCE_TEXTURE_PATH|INVALID_CROP_DIMENSIONS","No se pudo analizar el sprite."
"WARNING",835,"GRH 835 (sin textura)",1,1,26,"Unclassified","Unclassified",0.150,0,"","","",0,0,0,1,0,"NO_CLASSIC_SPRITE|NO_SOURCE_TEXTURE_PATH|INVALID_CROP_DIMENSIONS","No se pudo analizar el sprite."
"WARNING",1134,"GRH 1134 (sin textura)",1,1,26,"Unclassified","Unclassified",0.150,0,"","","",0,0,0,1,0,"NO_CLASSIC_SPRITE|NO_SOURCE_TEXTURE_PATH|INVALID_CROP_DIMENSIONS","No se pudo analizar el sprite."
"WARNING",1220,"GRH 1220 (sin textura)",1,1,26,"Unclassified","Unclassified",0.150,0,"","","",0,0,0,1,0,"NO_CLASSIC_SPRITE|NO_SOURCE_TEXTURE_PATH|INVALID_CROP_DIMENSIONS","No se pudo analizar el sprite."
"WARNING",1221,"GRH 1221 (sin textura)",1,1,26,"Unclassified","Unclassified",0.150,0,"","","",0,0,0,1,0,"NO_CLASSIC_SPRITE|NO_SOURCE_TEXTURE_PATH|INVALID_CROP_DIMENSIONS","No se pudo analizar el sprite."
"WARNING",1222,"GRH 1222 (sin textura)",1,1,26,"Unclassified","Unclassified",0.150,0,"","","",0,0,0,1,0,"NO_CLASSIC_SPRITE|NO_SOURCE_TEXTURE_PATH|INVALID_CROP_DIMENSIONS","No se pudo analizar el sprite."
"WARNING",1223,"GRH 1223 (sin textura)",1,1,26,"Unclassified","Unclassified",0.150,0,"","","",0,0,0,1,0,"NO_CLASSIC_SPRITE|NO_SOURCE_TEXTURE_PATH|INVALID_CROP_DIMENSIONS","No se pudo analizar el sprite."
"WARNING",1224,"GRH 1224 (sin textura)",1,1,26,"Unclassified","Unclassified",0.150,0,"","","",0,0,0,1,0,"NO_CLASSIC_SPRITE|NO_SOURCE_TEXTURE_PATH|INVALID_CROP_DIMENSIONS","No se pudo analizar el sprite."
"WARNING",1225,"GRH 1225 (sin textura)",1,1,26,"Unclassified","Unclassified",0.150,0,"","","",0,0,0,1,0,"NO_CLASSIC_SPRITE|NO_SOURCE_TEXTURE_PATH|INVALID_CROP_DIMENSIONS","No se pudo analizar el sprite."
"WARNING",1226,"GRH 1226 (sin textura)",1,1,26,"Unclassified","Unclassified",0.150,0,"","","",0,0,0,1,0,"NO_CLASSIC_SPRITE|NO_SOURCE_TEXTURE_PATH|INVALID_CROP_DIMENSIONS","No se pudo analizar el sprite."
"WARNING",1227,"GRH 1227 (sin textura)",1,1,26,"Unclassified","Unclassified",0.150,0,"","","",0,0,0,1,0,"NO_CLASSIC_SPRITE|NO_SOURCE_TEXTURE_PATH|INVALID_CROP_DIMENSIONS","No se pudo analizar el sprite."
"WARNING",1228,"GRH 1228 (sin textura)",1,1,26,"Unclassified","Unclassified",0.150,0,"","","",0,0,0,1,0,"NO_CLASSIC_SPRITE|NO_SOURCE_TEXTURE_PATH|INVALID_CROP_DIMENSIONS","No se pudo analizar el sprite."
"WARNING",1229,"GRH 1229 (sin textura)",1,1,26,"Unclassified","Unclassified",0.150,0,"","","",0,0,0,1,0,"NO_CLASSIC_SPRITE|NO_SOURCE_TEXTURE_PATH|INVALID_CROP_DIMENSIONS","No se pudo analizar el sprite."
"WARNING",1230,"GRH 1230 (sin textura)",1,1,26,"Unclassified","Unclassified",0.150,0,"","","",0,0,0,1,0,"NO_CLASSIC_SPRITE|NO_SOURCE_TEXTURE_PATH|INVALID_CROP_DIMENSIONS","No se pudo analizar el sprite."
"WARNING",1231,"GRH 1231 (sin textura)",1,1,26,"Unclassified","Unclassified",0.150,0,"","","",0,0,0,1,0,"NO_CLASSIC_SPRITE|NO_SOURCE_TEXTURE_PATH|INVALID_CROP_DIMENSIONS","No se pudo analizar el sprite."
"WARNING",1232,"GRH 1232 (sin textura)",1,1,26,"Unclassified","Unclassified",0.150,0,"","","",0,0,0,1,0,"NO_CLASSIC_SPRITE|NO_SOURCE_TEXTURE_PATH|INVALID_CROP_DIMENSIONS","No se pudo analizar el sprite."
"WARNING",1233,"GRH 1233 (sin textura)",1,1,26,"Unclassified","Unclassified",0.150,0,"","","",0,0,0,1,0,"NO_CLASSIC_SPRITE|NO_SOURCE_TEXTURE_PATH|INVALID_CROP_DIMENSIONS","No se pudo analizar el sprite."
"WARNING",1234,"GRH 1234 (sin textura)",1,1,26,"Unclassified","Unclassified",0.150,0,"","","",0,0,0,1,0,"NO_CLASSIC_SPRITE|NO_SOURCE_TEXTURE_PATH|INVALID_CROP_DIMENSIONS","No se pudo analizar el sprite."
"WARNING",1235,"GRH 1235 (sin textura)",1,1,26,"Unclassified","Unclassified",0.150,0,"","","",0,0,0,1,0,"NO_CLASSIC_SPRITE|NO_SOURCE_TEXTURE_PATH|INVALID_CROP_DIMENSIONS","No se pudo analizar el sprite."
"WARNING",1435,"GRH 1435 (sin textura)",1,1,26,"Unclassified","Unclassified",0.150,0,"","","",0,0,0,1,0,"NO_CLASSIC_SPRITE|NO_SOURCE_TEXTURE_PATH|INVALID_CROP_DIMENSIONS","No se pudo analizar el sprite."
"WARNING",1574,"GRH 1574 (sin textura)",1,1,26,"Unclassified","Unclassified",0.150,0,"","","",0,0,0,1,0,"NO_CLASSIC_SPRITE|NO_SOURCE_TEXTURE_PATH|INVALID_CROP_DIMENSIONS","No se pudo analizar el sprite."
"WARNING",1575,"GRH 1575 (sin textura)",1,1,26,"Unclassified","Unclassified",0.150,0,"","","",0,0,0,1,0,"NO_CLASSIC_SPRITE|NO_SOURCE_TEXTURE_PATH|INVALID_CROP_DIMENSIONS","No se pudo analizar el sprite."
"WARNING",1576,"GRH 1576 (sin textura)",1,1,26,"Unclassified","Unclassified",0.150,0,"","","",0,0,0,1,0,"NO_CLASSIC_SPRITE|NO_SOURCE_TEXTURE_PATH|INVALID_CROP_DIMENSIONS","No se pudo analizar el sprite."
"WARNING",1577,"GRH 1577 (sin textura)",1,1,26,"Unclassified","Unclassified",0.150,0,"","","",0,0,0,1,0,"NO_CLASSIC_SPRITE|NO_SOURCE_TEXTURE_PATH|INVALID_CROP_DIMENSIONS","No se pudo analizar el sprite."
"WARNING",1578,"GRH 1578 (sin textura)",1,1,26,"Unclassified","Unclassified",0.150,0,"","","",0,0,0,1,0,"NO_CLASSIC_SPRITE|NO_SOURCE_TEXTURE_PATH|INVALID_CROP_DIMENSIONS","No se pudo analizar el sprite."
"WARNING",1579,"GRH 1579 (sin textura)",1,1,26,"Unclassified","Unclassified",0.150,0,"","","",0,0,0,1,0,"NO_CLASSIC_SPRITE|NO_SOURCE_TEXTURE_PATH|INVALID_CROP_DIMENSIONS","No se pudo analizar el sprite."
"WARNING",1580,"GRH 1580 (sin textura)",1,1,26,"Unclassified","Unclassified",0.150,0,"","","",0,0,0,1,0,"NO_CLASSIC_SPRITE|NO_SOURCE_TEXTURE_PATH|INVALID_CROP_DIMENSIONS","No se pudo analizar el sprite."
"WARNING",1581,"GRH 1581 (sin textura)",1,1,26,"Unclassified","Unclassified",0.150,0,"","","",0,0,0,1,0,"NO_CLASSIC_SPRITE|NO_SOURCE_TEXTURE_PATH|INVALID_CROP_DIMENSIONS","No se pudo analizar el sprite."
"WARNING",5698,"GRH 5698 (sin textura)",1,1,26,"Unclassified","Unclassified",0.150,0,"","","",0,0,0,1,0,"NO_CLASSIC_SPRITE|NO_SOURCE_TEXTURE_PATH|INVALID_CROP_DIMENSIONS","No se pudo analizar el sprite."
"WARNING",5699,"GRH 5699 (sin textura)",1,1,26,"Unclassified","Unclassified",0.150,0,"","","",0,0,0,1,0,"NO_CLASSIC_SPRITE|NO_SOURCE_TEXTURE_PATH|INVALID_CROP_DIMENSIONS","No se pudo analizar el sprite."
"WARNING",5700,"GRH 5700 (sin textura)",1,1,26,"Unclassified","Unclassified",0.150,0,"","","",0,0,0,1,0,"NO_CLASSIC_SPRITE|NO_SOURCE_TEXTURE_PATH|INVALID_CROP_DIMENSIONS","No se pudo analizar el sprite."
"WARNING",5701,"GRH 5701 (sin textura)",1,1,26,"Unclassified","Unclassified",0.150,0,"","","",0,0,0,1,0,"NO_CLASSIC_SPRITE|NO_SOURCE_TEXTURE_PATH|INVALID_CROP_DIMENSIONS","No se pudo analizar el sprite."
"WARNING",6024,"GRH 6024 (sin textura)",1,1,26,"Unclassified","Unclassified",0.150,0,"","","",0,0,0,1,0,"NO_CLASSIC_SPRITE|NO_SOURCE_TEXTURE_PATH|INVALID_CROP_DIMENSIONS","No se pudo analizar el sprite."
"WARNING",6025,"GRH 6025 (sin textura)",1,1,26,"Unclassified","Unclassified",0.150,0,"","","",0,0,0,1,0,"NO_CLASSIC_SPRITE|NO_SOURCE_TEXTURE_PATH|INVALID_CROP_DIMENSIONS","No se pudo analizar el sprite."
"WARNING",6026,"GRH 6026 (sin textura)",1,1,26,"Unclassified","Unclassified",0.150,0,"","","",0,0,0,1,0,"NO_CLASSIC_SPRITE|NO_SOURCE_TEXTURE_PATH|INVALID_CROP_DIMENSIONS","No se pudo analizar el sprite."
"WARNING",6027,"GRH 6027 (sin textura)",1,1,26,"Unclassified","Unclassified",0.150,0,"","","",0,0,0,1,0,"NO_CLASSIC_SPRITE|NO_SOURCE_TEXTURE_PATH|INVALID_CROP_DIMENSIONS","No se pudo analizar el sprite."
"WARNING",6028,"GRH 6028 (sin textura)",1,1,26,"Unclassified","Unclassified",0.150,0,"","","",0,0,0,1,0,"NO_CLASSIC_SPRITE|NO_SOURCE_TEXTURE_PATH|INVALID_CROP_DIMENSIONS","No se pudo analizar el sprite."
"WARNING",6029,"GRH 6029 (sin textura)",1,1,26,"Unclassified","Unclassified",0.150,0,"","","",0,0,0,1,0,"NO_CLASSIC_SPRITE|NO_SOURCE_TEXTURE_PATH|INVALID_CROP_DIMENSIONS","No se pudo analizar el sprite."
"WARNING",6030,"GRH 6030 (sin textura)",1,1,26,"Unclassified","Unclassified",0.150,0,"","","",0,0,0,1,0,"NO_CLASSIC_SPRITE|NO_SOURCE_TEXTURE_PATH|INVALID_CROP_DIMENSIONS","No se pudo analizar el sprite."
"WARNING",6031,"GRH 6031 (sin textura)",1,1,26,"Unclassified","Unclassified",0.150,0,"","","",0,0,0,1,0,"NO_CLASSIC_SPRITE|NO_SOURCE_TEXTURE_PATH|INVALID_CROP_DIMENSIONS","No se pudo analizar el sprite."
"WARNING",6128,"GRH 6128 (sin textura)",1,1,26,"Unclassified","Unclassified",0.150,0,"","","",0,0,0,1,0,"NO_CLASSIC_SPRITE|NO_SOURCE_TEXTURE_PATH|INVALID_CROP_DIMENSIONS","No se pudo analizar el sprite."
"WARNING",6129,"GRH 6129 (sin textura)",1,1,26,"Unclassified","Unclassified",0.150,0,"","","",0,0,0,1,0,"NO_CLASSIC_SPRITE|NO_SOURCE_TEXTURE_PATH|INVALID_CROP_DIMENSIONS","No se pudo analizar el sprite."
"WARNING",6130,"GRH 6130 (sin textura)",1,1,26,"Unclassified","Unclassified",0.150,0,"","","",0,0,0,1,0,"NO_CLASSIC_SPRITE|NO_SOURCE_TEXTURE_PATH|INVALID_CROP_DIMENSIONS","No se pudo analizar el sprite."
"WARNING",6131,"GRH 6131 (sin textura)",1,1,26,"Unclassified","Unclassified",0.150,0,"","","",0,0,0,1,0,"NO_CLASSIC_SPRITE|NO_SOURCE_TEXTURE_PATH|INVALID_CROP_DIMENSIONS","No se pudo analizar el sprite."
"WARNING",6132,"GRH 6132 (sin textura)",1,1,26,"Unclassified","Unclassified",0.150,0,"","","",0,0,0,1,0,"NO_CLASSIC_SPRITE|NO_SOURCE_TEXTURE_PATH|INVALID_CROP_DIMENSIONS","No se pudo analizar el sprite."
"WARNING",6133,"GRH 6133 (sin textura)",1,1,26,"Unclassified","Unclassified",0.150,0,"","","",0,0,0,1,0,"NO_CLASSIC_SPRITE|NO_SOURCE_TEXTURE_PATH|INVALID_CROP_DIMENSIONS","No se pudo analizar el sprite."
"WARNING",6134,"GRH 6134 (sin textura)",1,1,26,"Unclassified","Unclassified",0.150,0,"","","",0,0,0,1,0,"NO_CLASSIC_SPRITE|NO_SOURCE_TEXTURE_PATH|INVALID_CROP_DIMENSIONS","No se pudo analizar el sprite."
"WARNING",6135,"GRH 6135 (sin textura)",1,1,26,"Unclassified","Unclassified",0.150,0,"","","",0,0,0,1,0,"NO_CLASSIC_SPRITE|NO_SOURCE_TEXTURE_PATH|INVALID_CROP_DIMENSIONS","No se pudo analizar el sprite."
"WARNING",6136,"GRH 6136 (sin textura)",1,1,26,"Unclassified","Unclassified",0.150,0,"","","",0,0,0,1,0,"NO_CLASSIC_SPRITE|NO_SOURCE_TEXTURE_PATH|INVALID_CROP_DIMENSIONS","No se pudo analizar el sprite."
"WARNING",6137,"GRH 6137 (sin textura)",1,1,26,"Unclassified","Unclassified",0.150,0,"","","",0,0,0,1,0,"NO_CLASSIC_SPRITE|NO_SOURCE_TEXTURE_PATH|INVALID_CROP_DIMENSIONS","No se pudo analizar el sprite."
"WARNING",6138,"GRH 6138 (sin textura)",1,1,26,"Unclassified","Unclassified",0.150,0,"","","",0,0,0,1,0,"NO_CLASSIC_SPRITE|NO_SOURCE_TEXTURE_PATH|INVALID_CROP_DIMENSIONS","No se pudo analizar el sprite."
"WARNING",6139,"GRH 6139 (sin textura)",1,1,26,"Unclassified","Unclassified",0.150,0,"","","",0,0,0,1,0,"NO_CLASSIC_SPRITE|NO_SOURCE_TEXTURE_PATH|INVALID_CROP_DIMENSIONS","No se pudo analizar el sprite."
"WARNING",6140,"GRH 6140 (sin textura)",1,1,26,"Unclassified","Unclassified",0.150,0,"","","",0,0,0,1,0,"NO_CLASSIC_SPRITE|NO_SOURCE_TEXTURE_PATH|INVALID_CROP_DIMENSIONS","No se pudo analizar el sprite."
"WARNING",6141,"GRH 6141 (sin textura)",1,1,26,"Unclassified","Unclassified",0.150,0,"","","",0,0,0,1,0,"NO_CLASSIC_SPRITE|NO_SOURCE_TEXTURE_PATH|INVALID_CROP_DIMENSIONS","No se pudo analizar el sprite."
"WARNING",6142,"GRH 6142 (sin textura)",1,1,26,"Unclassified","Unclassified",0.150,0,"","","",0,0,0,1,0,"NO_CLASSIC_SPRITE|NO_SOURCE_TEXTURE_PATH|INVALID_CROP_DIMENSIONS","No se pudo analizar el sprite."
"WARNING",6143,"GRH 6143 (sin textura)",1,1,26,"Unclassified","Unclassified",0.150,0,"","","",0,0,0,1,0,"NO_CLASSIC_SPRITE|NO_SOURCE_TEXTURE_PATH|INVALID_CROP_DIMENSIONS","No se pudo analizar el sprite."
"WARNING",6160,"GRH 6160 (sin textura)",1,1,26,"Unclassified","Unclassified",0.150,0,"","","",0,0,0,1,0,"NO_CLASSIC_SPRITE|NO_SOURCE_TEXTURE_PATH|INVALID_CROP_DIMENSIONS","No se pudo analizar el sprite."
"WARNING",6161,"GRH 6161 (sin textura)",1,1,26,"Unclassified","Unclassified",0.150,0,"","","",0,0,0,1,0,"NO_CLASSIC_SPRITE|NO_SOURCE_TEXTURE_PATH|INVALID_CROP_DIMENSIONS","No se pudo analizar el sprite."
"WARNING",6162,"GRH 6162 (sin textura)",1,1,26,"Unclassified","Unclassified",0.150,0,"","","",0,0,0,1,0,"NO_CLASSIC_SPRITE|NO_SOURCE_TEXTURE_PATH|INVALID_CROP_DIMENSIONS","No se pudo analizar el sprite."
"WARNING",6163,"GRH 6163 (sin textura)",1,1,26,"Unclassified","Unclassified",0.150,0,"","","",0,0,0,1,0,"NO_CLASSIC_SPRITE|NO_SOURCE_TEXTURE_PATH|INVALID_CROP_DIMENSIONS","No se pudo analizar el sprite."
"WARNING",6164,"GRH 6164 (sin textura)",1,1,26,"Unclassified","Unclassified",0.150,0,"","","",0,0,0,1,0,"NO_CLASSIC_SPRITE|NO_SOURCE_TEXTURE_PATH|INVALID_CROP_DIMENSIONS","No se pudo analizar el sprite."
"WARNING",6165,"GRH 6165 (sin textura)",1,1,26,"Unclassified","Unclassified",0.150,0,"","","",0,0,0,1,0,"NO_CLASSIC_SPRITE|NO_SOURCE_TEXTURE_PATH|INVALID_CROP_DIMENSIONS","No se pudo analizar el sprite."
"WARNING",6166,"GRH 6166 (sin textura)",1,1,26,"Unclassified","Unclassified",0.150,0,"","","",0,0,0,1,0,"NO_CLASSIC_SPRITE|NO_SOURCE_TEXTURE_PATH|INVALID_CROP_DIMENSIONS","No se pudo analizar el sprite."
"WARNING",6167,"GRH 6167 (sin textura)",1,1,26,"Unclassified","Unclassified",0.150,0,"","","",0,0,0,1,0,"NO_CLASSIC_SPRITE|NO_SOURCE_TEXTURE_PATH|INVALID_CROP_DIMENSIONS","No se pudo analizar el sprite."
"WARNING",6168,"GRH 6168 (sin textura)",1,1,26,"Unclassified","Unclassified",0.150,0,"","","",0,0,0,1,0,"NO_CLASSIC_SPRITE|NO_SOURCE_TEXTURE_PATH|INVALID_CROP_DIMENSIONS","No se pudo analizar el sprite."
"WARNING",6169,"GRH 6169 (sin textura)",1,1,26,"Unclassified","Unclassified",0.150,0,"","","",0,0,0,1,0,"NO_CLASSIC_SPRITE|NO_SOURCE_TEXTURE_PATH|INVALID_CROP_DIMENSIONS","No se pudo analizar el sprite."
"WARNING",6170,"GRH 6170 (sin textura)",1,1,26,"Unclassified","Unclassified",0.150,0,"","","",0,0,0,1,0,"NO_CLASSIC_SPRITE|NO_SOURCE_TEXTURE_PATH|INVALID_CROP_DIMENSIONS","No se pudo analizar el sprite."
"WARNING",6171,"GRH 6171 (sin textura)",1,1,26,"Unclassified","Unclassified",0.150,0,"","","",0,0,0,1,0,"NO_CLASSIC_SPRITE|NO_SOURCE_TEXTURE_PATH|INVALID_CROP_DIMENSIONS","No se pudo analizar el sprite."
"WARNING",6172,"GRH 6172 (sin textura)",1,1,26,"Unclassified","Unclassified",0.150,0,"","","",0,0,0,1,0,"NO_CLASSIC_SPRITE|NO_SOURCE_TEXTURE_PATH|INVALID_CROP_DIMENSIONS","No se pudo analizar el sprite."
"WARNING",6173,"GRH 6173 (sin textura)",1,1,26,"Unclassified","Unclassified",0.150,0,"","","",0,0,0,1,0,"NO_CLASSIC_SPRITE|NO_SOURCE_TEXTURE_PATH|INVALID_CROP_DIMENSIONS","No se pudo analizar el sprite."
"WARNING",6174,"GRH 6174 (sin textura)",1,1,26,"Unclassified","Unclassified",0.150,0,"","","",0,0,0,1,0,"NO_CLASSIC_SPRITE|NO_SOURCE_TEXTURE_PATH|INVALID_CROP_DIMENSIONS","No se pudo analizar el sprite."
"WARNING",6175,"GRH 6175 (sin textura)",1,1,26,"Unclassified","Unclassified",0.150,0,"","","",0,0,0,1,0,"NO_CLASSIC_SPRITE|NO_SOURCE_TEXTURE_PATH|INVALID_CROP_DIMENSIONS","No se pudo analizar el sprite."
"WARNING",6256,"GRH 6256 (sin textura)",1,1,26,"Unclassified","Unclassified",0.150,0,"","","",0,0,0,1,0,"NO_CLASSIC_SPRITE|NO_SOURCE_TEXTURE_PATH|INVALID_CROP_DIMENSIONS","No se pudo analizar el sprite."
"WARNING",6257,"GRH 6257 (sin textura)",1,1,26,"Unclassified","Unclassified",0.150,0,"","","",0,0,0,1,0,"NO_CLASSIC_SPRITE|NO_SOURCE_TEXTURE_PATH|INVALID_CROP_DIMENSIONS","No se pudo analizar el sprite."
"WARNING",6258,"GRH 6258 (sin textura)",1,1,26,"Unclassified","Unclassified",0.150,0,"","","",0,0,0,1,0,"NO_CLASSIC_SPRITE|NO_SOURCE_TEXTURE_PATH|INVALID_CROP_DIMENSIONS","No se pudo analizar el sprite."
"WARNING",6259,"GRH 6259 (sin textura)",1,1,26,"Unclassified","Unclassified",0.150,0,"","","",0,0,0,1,0,"NO_CLASSIC_SPRITE|NO_SOURCE_TEXTURE_PATH|INVALID_CROP_DIMENSIONS","No se pudo analizar el sprite."
"WARNING",6260,"GRH 6260 (sin textura)",1,1,26,"Unclassified","Unclassified",0.150,0,"","","",0,0,0,1,0,"NO_CLASSIC_SPRITE|NO_SOURCE_TEXTURE_PATH|INVALID_CROP_DIMENSIONS","No se pudo analizar el sprite."
"WARNING",6261,"GRH 6261 (sin textura)",1,1,26,"Unclassified","Unclassified",0.150,0,"","","",0,0,0,1,0,"NO_CLASSIC_SPRITE|NO_SOURCE_TEXTURE_PATH|INVALID_CROP_DIMENSIONS","No se pudo analizar el sprite."
"WARNING",6262,"GRH 6262 (sin textura)",1,1,26,"Unclassified","Unclassified",0.150,0,"","","",0,0,0,1,0,"NO_CLASSIC_SPRITE|NO_SOURCE_TEXTURE_PATH|INVALID_CROP_DIMENSIONS","No se pudo analizar el sprite."
"WARNING",6263,"GRH 6263 (sin textura)",1,1,26,"Unclassified","Unclassified",0.150,0,"","","",0,0,0,1,0,"NO_CLASSIC_SPRITE|NO_SOURCE_TEXTURE_PATH|INVALID_CROP_DIMENSIONS","No se pudo analizar el sprite."
"WARNING",6264,"GRH 6264 (sin textura)",1,1,26,"Unclassified","Unclassified",0.150,0,"","","",0,0,0,1,0,"NO_CLASSIC_SPRITE|NO_SOURCE_TEXTURE_PATH|INVALID_CROP_DIMENSIONS","No se pudo analizar el sprite."
"WARNING",6265,"GRH 6265 (sin textura)",1,1,26,"Unclassified","Unclassified",0.150,0,"","","",0,0,0,1,0,"NO_CLASSIC_SPRITE|NO_SOURCE_TEXTURE_PATH|INVALID_CROP_DIMENSIONS","No se pudo analizar el sprite."
"WARNING",6266,"GRH 6266 (sin textura)",1,1,26,"Unclassified","Unclassified",0.150,0,"","","",0,0,0,1,0,"NO_CLASSIC_SPRITE|NO_SOURCE_TEXTURE_PATH|INVALID_CROP_DIMENSIONS","No se pudo analizar el sprite."
"WARNING",6267,"GRH 6267 (sin textura)",1,1,26,"Unclassified","Unclassified",0.150,0,"","","",0,0,0,1,0,"NO_CLASSIC_SPRITE|NO_SOURCE_TEXTURE_PATH|INVALID_CROP_DIMENSIONS","No se pudo analizar el sprite."
"WARNING",6268,"GRH 6268 (sin textura)",1,1,26,"Unclassified","Unclassified",0.150,0,"","","",0,0,0,1,0,"NO_CLASSIC_SPRITE|NO_SOURCE_TEXTURE_PATH|INVALID_CROP_DIMENSIONS","No se pudo analizar el sprite."
"WARNING",6269,"GRH 6269 (sin textura)",1,1,26,"Unclassified","Unclassified",0.150,0,"","","",0,0,0,1,0,"NO_CLASSIC_SPRITE|NO_SOURCE_TEXTURE_PATH|INVALID_CROP_DIMENSIONS","No se pudo analizar el sprite."
"WARNING",6270,"GRH 6270 (sin textura)",1,1,26,"Unclassified","Unclassified",0.150,0,"","","",0,0,0,1,0,"NO_CLASSIC_SPRITE|NO_SOURCE_TEXTURE_PATH|INVALID_CROP_DIMENSIONS","No se pudo analizar el sprite."
"WARNING",6271,"GRH 6271 (sin textura)",1,1,26,"Unclassified","Unclassified",0.150,0,"","","",0,0,0,1,0,"NO_CLASSIC_SPRITE|NO_SOURCE_TEXTURE_PATH|INVALID_CROP_DIMENSIONS","No se pudo analizar el sprite."
"WARNING",6288,"GRH 6288 (sin textura)",1,1,26,"Unclassified","Unclassified",0.150,0,"","","",0,0,0,1,0,"NO_CLASSIC_SPRITE|NO_SOURCE_TEXTURE_PATH|INVALID_CROP_DIMENSIONS","No se pudo analizar el sprite."
"WARNING",6289,"GRH 6289 (sin textura)",1,1,26,"Unclassified","Unclassified",0.150,0,"","","",0,0,0,1,0,"NO_CLASSIC_SPRITE|NO_SOURCE_TEXTURE_PATH|INVALID_CROP_DIMENSIONS","No se pudo analizar el sprite."
"WARNING",6290,"GRH 6290 (sin textura)",1,1,26,"Unclassified","Unclassified",0.150,0,"","","",0,0,0,1,0,"NO_CLASSIC_SPRITE|NO_SOURCE_TEXTURE_PATH|INVALID_CROP_DIMENSIONS","No se pudo analizar el sprite."
"WARNING",6291,"GRH 6291 (sin textura)",1,1,26,"Unclassified","Unclassified",0.150,0,"","","",0,0,0,1,0,"NO_CLASSIC_SPRITE|NO_SOURCE_TEXTURE_PATH|INVALID_CROP_DIMENSIONS","No se pudo analizar el sprite."
"WARNING",6292,"GRH 6292 (sin textura)",1,1,26,"Unclassified","Unclassified",0.150,0,"","","",0,0,0,1,0,"NO_CLASSIC_SPRITE|NO_SOURCE_TEXTURE_PATH|INVALID_CROP_DIMENSIONS","No se pudo analizar el sprite."
"WARNING",6293,"GRH 6293 (sin textura)",1,1,26,"Unclassified","Unclassified",0.150,0,"","","",0,0,0,1,0,"NO_CLASSIC_SPRITE|NO_SOURCE_TEXTURE_PATH|INVALID_CROP_DIMENSIONS","No se pudo analizar el sprite."
"WARNING",6294,"GRH 6294 (sin textura)",1,1,26,"Unclassified","Unclassified",0.150,0,"","","",0,0,0,1,0,"NO_CLASSIC_SPRITE|NO_SOURCE_TEXTURE_PATH|INVALID_CROP_DIMENSIONS","No se pudo analizar el sprite."
"WARNING",6295,"GRH 6295 (sin textura)",1,1,26,"Unclassified","Unclassified",0.150,0,"","","",0,0,0,1,0,"NO_CLASSIC_SPRITE|NO_SOURCE_TEXTURE_PATH|INVALID_CROP_DIMENSIONS","No se pudo analizar el sprite."
"WARNING",6296,"GRH 6296 (sin textura)",1,1,26,"Unclassified","Unclassified",0.150,0,"","","",0,0,0,1,0,"NO_CLASSIC_SPRITE|NO_SOURCE_TEXTURE_PATH|INVALID_CROP_DIMENSIONS","No se pudo analizar el sprite."
"WARNING",6297,"GRH 6297 (sin textura)",1,1,26,"Unclassified","Unclassified",0.150,0,"","","",0,0,0,1,0,"NO_CLASSIC_SPRITE|NO_SOURCE_TEXTURE_PATH|INVALID_CROP_DIMENSIONS","No se pudo analizar el sprite."
"WARNING",6298,"GRH 6298 (sin textura)",1,1,26,"Unclassified","Unclassified",0.150,0,"","","",0,0,0,1,0,"NO_CLASSIC_SPRITE|NO_SOURCE_TEXTURE_PATH|INVALID_CROP_DIMENSIONS","No se pudo analizar el sprite."
"WARNING",6299,"GRH 6299 (sin textura)",1,1,26,"Unclassified","Unclassified",0.150,0,"","","",0,0,0,1,0,"NO_CLASSIC_SPRITE|NO_SOURCE_TEXTURE_PATH|INVALID_CROP_DIMENSIONS","No se pudo analizar el sprite."
"WARNING",6300,"GRH 6300 (sin textura)",1,1,26,"Unclassified","Unclassified",0.150,0,"","","",0,0,0,1,0,"NO_CLASSIC_SPRITE|NO_SOURCE_TEXTURE_PATH|INVALID_CROP_DIMENSIONS","No se pudo analizar el sprite."
"WARNING",6301,"GRH 6301 (sin textura)",1,1,26,"Unclassified","Unclassified",0.150,0,"","","",0,0,0,1,0,"NO_CLASSIC_SPRITE|NO_SOURCE_TEXTURE_PATH|INVALID_CROP_DIMENSIONS","No se pudo analizar el sprite."
"WARNING",6302,"GRH 6302 (sin textura)",1,1,26,"Unclassified","Unclassified",0.150,0,"","","",0,0,0,1,0,"NO_CLASSIC_SPRITE|NO_SOURCE_TEXTURE_PATH|INVALID_CROP_DIMENSIONS","No se pudo analizar el sprite."
"WARNING",6303,"GRH 6303 (sin textura)",1,1,26,"Unclassified","Unclassified",0.150,0,"","","",0,0,0,1,0,"NO_CLASSIC_SPRITE|NO_SOURCE_TEXTURE_PATH|INVALID_CROP_DIMENSIONS","No se pudo analizar el sprite."
"WARNING",7736,"GRH 7736 (sin textura)",1,1,26,"Unclassified","Unclassified",0.150,0,"","","",0,0,0,1,0,"NO_CLASSIC_SPRITE|NO_SOURCE_TEXTURE_PATH|INVALID_CROP_DIMENSIONS","No se pudo analizar el sprite."
"WARNING",7739,"GRH 7739 (sin textura)",1,1,26,"Unclassified","Unclassified",0.150,0,"","","",0,0,0,1,0,"NO_CLASSIC_SPRITE|NO_SOURCE_TEXTURE_PATH|INVALID_CROP_DIMENSIONS","No se pudo analizar el sprite."
"WARNING",7740,"GRH 7740 (sin textura)",1,1,26,"Unclassified","Unclassified",0.150,0,"","","",0,0,0,1,0,"NO_CLASSIC_SPRITE|NO_SOURCE_TEXTURE_PATH|INVALID_CROP_DIMENSIONS","No se pudo analizar el sprite."
"WARNING",7743,"GRH 7743 (sin textura)",1,1,26,"Unclassified","Unclassified",0.150,0,"","","",0,0,0,1,0,"NO_CLASSIC_SPRITE|NO_SOURCE_TEXTURE_PATH|INVALID_CROP_DIMENSIONS","No se pudo analizar el sprite."
"WARNING",7744,"GRH 7744 (sin textura)",1,1,26,"Unclassified","Unclassified",0.150,0,"","","",0,0,0,1,0,"NO_CLASSIC_SPRITE|NO_SOURCE_TEXTURE_PATH|INVALID_CROP_DIMENSIONS","No se pudo analizar el sprite."
"WARNING",7747,"GRH 7747 (sin textura)",1,1,26,"Unclassified","Unclassified",0.150,0,"","","",0,0,0,1,0,"NO_CLASSIC_SPRITE|NO_SOURCE_TEXTURE_PATH|INVALID_CROP_DIMENSIONS","No se pudo analizar el sprite."
"WARNING",7751,"GRH 7751 (sin textura)",1,1,26,"Unclassified","Unclassified",0.150,0,"","","",0,0,0,1,0,"NO_CLASSIC_SPRITE|NO_SOURCE_TEXTURE_PATH|INVALID_CROP_DIMENSIONS","No se pudo analizar el sprite."
"WARNING",7832,"GRH 7832 (sin textura)",1,1,26,"Unclassified","Unclassified",0.150,0,"","","",0,0,0,1,0,"NO_CLASSIC_SPRITE|NO_SOURCE_TEXTURE_PATH|INVALID_CROP_DIMENSIONS","No se pudo analizar el sprite."
"WARNING",7836,"GRH 7836 (sin textura)",1,1,26,"Unclassified","Unclassified",0.150,0,"","","",0,0,0,1,0,"NO_CLASSIC_SPRITE|NO_SOURCE_TEXTURE_PATH|INVALID_CROP_DIMENSIONS","No se pudo analizar el sprite."
"WARNING",7840,"GRH 7840 (sin textura)",1,1,26,"Unclassified","Unclassified",0.150,0,"","","",0,0,0,1,0,"NO_CLASSIC_SPRITE|NO_SOURCE_TEXTURE_PATH|INVALID_CROP_DIMENSIONS","No se pudo analizar el sprite."
"WARNING",7844,"GRH 7844 (sin textura)",1,1,26,"Unclassified","Unclassified",0.150,0,"","","",0,0,0,1,0,"NO_CLASSIC_SPRITE|NO_SOURCE_TEXTURE_PATH|INVALID_CROP_DIMENSIONS","No se pudo analizar el sprite."
"WARNING",7851,"GRH 7851 (sin textura)",1,1,26,"Unclassified","Unclassified",0.150,0,"","","",0,0,0,1,0,"NO_CLASSIC_SPRITE|NO_SOURCE_TEXTURE_PATH|INVALID_CROP_DIMENSIONS","No se pudo analizar el sprite."
"WARNING",7855,"GRH 7855 (sin textura)",1,1,26,"Unclassified","Unclassified",0.150,0,"","","",0,0,0,1,0,"NO_CLASSIC_SPRITE|NO_SOURCE_TEXTURE_PATH|INVALID_CROP_DIMENSIONS","No se pudo analizar el sprite."
"WARNING",7858,"GRH 7858 (sin textura)",1,1,26,"Unclassified","Unclassified",0.150,0,"","","",0,0,0,1,0,"NO_CLASSIC_SPRITE|NO_SOURCE_TEXTURE_PATH|INVALID_CROP_DIMENSIONS","No se pudo analizar el sprite."
"WARNING",7862,"GRH 7862 (sin textura)",1,1,26,"Unclassified","Unclassified",0.150,0,"","","",0,0,0,1,0,"NO_CLASSIC_SPRITE|NO_SOURCE_TEXTURE_PATH|INVALID_CROP_DIMENSIONS","No se pudo analizar el sprite."
"WARNING",13750,"GRH 13750 (sin textura)",1,1,26,"Unclassified","Unclassified",0.150,0,"","","",0,0,0,1,0,"NO_CLASSIC_SPRITE|NO_SOURCE_TEXTURE_PATH|INVALID_CROP_DIMENSIONS","No se pudo analizar el sprite."
"WARNING",16168,"GRH 16168 (sin textura)",1,1,26,"Unclassified","Unclassified",0.150,0,"","","",0,0,0,1,0,"NO_CLASSIC_SPRITE|NO_SOURCE_TEXTURE_PATH|INVALID_CROP_DIMENSIONS","No se pudo analizar el sprite."
"WARNING",16415,"GRH 16415 (sin textura)",1,1,26,"Unclassified","Unclassified",0.150,0,"","","",0,0,0,1,0,"NO_CLASSIC_SPRITE|NO_SOURCE_TEXTURE_PATH|INVALID_CROP_DIMENSIONS","No se pudo analizar el sprite."
"WARNING",16419,"GRH 16419 (sin textura)",1,1,26,"Unclassified","Unclassified",0.150,0,"","","",0,0,0,1,0,"NO_CLASSIC_SPRITE|NO_SOURCE_TEXTURE_PATH|INVALID_CROP_DIMENSIONS","No se pudo analizar el sprite."
"WARNING",18981,"GRH 18981 (sin textura)",1,1,26,"Unclassified","Unclassified",0.150,0,"","","",0,0,0,1,0,"NO_CLASSIC_SPRITE|NO_SOURCE_TEXTURE_PATH|INVALID_CROP_DIMENSIONS","No se pudo analizar el sprite."
"WARNING",18996,"GRH 18996 (sin textura)",1,1,26,"Unclassified","Unclassified",0.150,0,"","","",0,0,0,1,0,"NO_CLASSIC_SPRITE|NO_SOURCE_TEXTURE_PATH|INVALID_CROP_DIMENSIONS","No se pudo analizar el sprite."
"WARNING",51305,"GRH 51305 (sin textura)",1,1,26,"Unclassified","Unclassified",0.150,0,"","","",0,0,0,1,0,"NO_CLASSIC_SPRITE|NO_SOURCE_TEXTURE_PATH|INVALID_CROP_DIMENSIONS","No se pudo analizar el sprite."
"WARNING",51309,"GRH 51309 (sin textura)",1,1,26,"Unclassified","Unclassified",0.150,0,"","","",0,0,0,1,0,"NO_CLASSIC_SPRITE|NO_SOURCE_TEXTURE_PATH|INVALID_CROP_DIMENSIONS","No se pudo analizar el sprite."
"WARNING",51313,"GRH 51313 (sin textura)",1,1,26,"Unclassified","Unclassified",0.150,0,"","","",0,0,0,1,0,"NO_CLASSIC_SPRITE|NO_SOURCE_TEXTURE_PATH|INVALID_CROP_DIMENSIONS","No se pudo analizar el sprite."
"WARNING",51317,"GRH 51317 (sin textura)",1,1,26,"Unclassified","Unclassified",0.150,0,"","","",0,0,0,1,0,"NO_CLASSIC_SPRITE|NO_SOURCE_TEXTURE_PATH|INVALID_CROP_DIMENSIONS","No se pudo analizar el sprite."
"WARNING",51364,"GRH 51364 (sin textura)",1,1,26,"Unclassified","Unclassified",0.150,0,"","","",0,0,0,1,0,"NO_CLASSIC_SPRITE|NO_SOURCE_TEXTURE_PATH|INVALID_CROP_DIMENSIONS","No se pudo analizar el sprite."
"WARNING",59514,"GRH 59514 (sin textura)",1,1,26,"Unclassified","Unclassified",0.150,0,"","","",0,0,0,1,0,"NO_CLASSIC_SPRITE|NO_SOURCE_TEXTURE_PATH|INVALID_CROP_DIMENSIONS","No se pudo analizar el sprite."
"WARNING",59515,"GRH 59515 (sin textura)",1,1,26,"Unclassified","Unclassified",0.150,0,"","","",0,0,0,1,0,"NO_CLASSIC_SPRITE|NO_SOURCE_TEXTURE_PATH|INVALID_CROP_DIMENSIONS","No se pudo analizar el sprite."
"WARNING",60940,"GRH 60940 (sin textura)",1,1,26,"Unclassified","Unclassified",0.150,0,"","","",0,0,0,1,0,"NO_CLASSIC_SPRITE|NO_SOURCE_TEXTURE_PATH|INVALID_CROP_DIMENSIONS","No se pudo analizar el sprite."
"WARNING",60941,"GRH 60941 (sin textura)",1,1,26,"Unclassified","Unclassified",0.150,0,"","","",0,0,0,1,0,"NO_CLASSIC_SPRITE|NO_SOURCE_TEXTURE_PATH|INVALID_CROP_DIMENSIONS","No se pudo analizar el sprite."
"WARNING",60942,"GRH 60942 (sin textura)",1,1,26,"Unclassified","Unclassified",0.150,0,"","","",0,0,0,1,0,"NO_CLASSIC_SPRITE|NO_SOURCE_TEXTURE_PATH|INVALID_CROP_DIMENSIONS","No se pudo analizar el sprite."
"WARNING",60943,"GRH 60943 (sin textura)",1,1,26,"Unclassified","Unclassified",0.150,0,"","","",0,0,0,1,0,"NO_CLASSIC_SPRITE|NO_SOURCE_TEXTURE_PATH|INVALID_CROP_DIMENSIONS","No se pudo analizar el sprite."
"WARNING",60944,"GRH 60944 (sin textura)",1,1,26,"Unclassified","Unclassified",0.150,0,"","","",0,0,0,1,0,"NO_CLASSIC_SPRITE|NO_SOURCE_TEXTURE_PATH|INVALID_CROP_DIMENSIONS","No se pudo analizar el sprite."
"WARNING",60945,"GRH 60945 (sin textura)",1,1,26,"Unclassified","Unclassified",0.150,0,"","","",0,0,0,1,0,"NO_CLASSIC_SPRITE|NO_SOURCE_TEXTURE_PATH|INVALID_CROP_DIMENSIONS","No se pudo analizar el sprite."
"WARNING",60946,"GRH 60946 (sin textura)",1,1,26,"Unclassified","Unclassified",0.150,0,"","","",0,0,0,1,0,"NO_CLASSIC_SPRITE|NO_SOURCE_TEXTURE_PATH|INVALID_CROP_DIMENSIONS","No se pudo analizar el sprite."
"WARNING",60947,"GRH 60947 (sin textura)",1,1,26,"Unclassified","Unclassified",0.150,0,"","","",0,0,0,1,0,"NO_CLASSIC_SPRITE|NO_SOURCE_TEXTURE_PATH|INVALID_CROP_DIMENSIONS","No se pudo analizar el sprite."
"WARNING",60948,"GRH 60948 (sin textura)",1,1,26,"Unclassified","Unclassified",0.150,0,"","","",0,0,0,1,0,"NO_CLASSIC_SPRITE|NO_SOURCE_TEXTURE_PATH|INVALID_CROP_DIMENSIONS","No se pudo analizar el sprite."
"WARNING",60949,"GRH 60949 (sin textura)",1,1,26,"Unclassified","Unclassified",0.150,0,"","","",0,0,0,1,0,"NO_CLASSIC_SPRITE|NO_SOURCE_TEXTURE_PATH|INVALID_CROP_DIMENSIONS","No se pudo analizar el sprite."
"WARNING",60950,"GRH 60950 (sin textura)",1,1,26,"Unclassified","Unclassified",0.150,0,"","","",0,0,0,1,0,"NO_CLASSIC_SPRITE|NO_SOURCE_TEXTURE_PATH|INVALID_CROP_DIMENSIONS","No se pudo analizar el sprite."
"WARNING",60951,"GRH 60951 (sin textura)",1,1,26,"Unclassified","Unclassified",0.150,0,"","","",0,0,0,1,0,"NO_CLASSIC_SPRITE|NO_SOURCE_TEXTURE_PATH|INVALID_CROP_DIMENSIONS","No se pudo analizar el sprite."
"WARNING",60953,"GRH 60953 (sin textura)",1,1,26,"Unclassified","Unclassified",0.150,0,"","","",0,0,0,1,0,"NO_CLASSIC_SPRITE|NO_SOURCE_TEXTURE_PATH|INVALID_CROP_DIMENSIONS","No se pudo analizar el sprite."
"WARNING",60954,"GRH 60954 (sin textura)",1,1,26,"Unclassified","Unclassified",0.150,0,"","","",0,0,0,1,0,"NO_CLASSIC_SPRITE|NO_SOURCE_TEXTURE_PATH|INVALID_CROP_DIMENSIONS","No se pudo analizar el sprite."
"WARNING",60955,"GRH 60955 (sin textura)",1,1,26,"Unclassified","Unclassified",0.150,0,"","","",0,0,0,1,0,"NO_CLASSIC_SPRITE|NO_SOURCE_TEXTURE_PATH|INVALID_CROP_DIMENSIONS","No se pudo analizar el sprite."
"WARNING",60956,"GRH 60956 (sin textura)",1,1,26,"Unclassified","Unclassified",0.150,0,"","","",0,0,0,1,0,"NO_CLASSIC_SPRITE|NO_SOURCE_TEXTURE_PATH|INVALID_CROP_DIMENSIONS","No se pudo analizar el sprite."
"WARNING",60957,"GRH 60957 (sin textura)",1,1,26,"Unclassified","Unclassified",0.150,0,"","","",0,0,0,1,0,"NO_CLASSIC_SPRITE|NO_SOURCE_TEXTURE_PATH|INVALID_CROP_DIMENSIONS","No se pudo analizar el sprite."
"WARNING",60958,"GRH 60958 (sin textura)",1,1,26,"Unclassified","Unclassified",0.150,0,"","","",0,0,0,1,0,"NO_CLASSIC_SPRITE|NO_SOURCE_TEXTURE_PATH|INVALID_CROP_DIMENSIONS","No se pudo analizar el sprite."
"WARNING",60959,"GRH 60959 (sin textura)",1,1,26,"Unclassified","Unclassified",0.150,0,"","","",0,0,0,1,0,"NO_CLASSIC_SPRITE|NO_SOURCE_TEXTURE_PATH|INVALID_CROP_DIMENSIONS","No se pudo analizar el sprite."
"WARNING",60960,"GRH 60960 (sin textura)",1,1,26,"Unclassified","Unclassified",0.150,0,"","","",0,0,0,1,0,"NO_CLASSIC_SPRITE|NO_SOURCE_TEXTURE_PATH|INVALID_CROP_DIMENSIONS","No se pudo analizar el sprite."
"WARNING",60961,"GRH 60961 (sin textura)",1,1,26,"Unclassified","Unclassified",0.150,0,"","","",0,0,0,1,0,"NO_CLASSIC_SPRITE|NO_SOURCE_TEXTURE_PATH|INVALID_CROP_DIMENSIONS","No se pudo analizar el sprite."
"WARNING",60962,"GRH 60962 (sin textura)",1,1,26,"Unclassified","Unclassified",0.150,0,"","","",0,0,0,1,0,"NO_CLASSIC_SPRITE|NO_SOURCE_TEXTURE_PATH|INVALID_CROP_DIMENSIONS","No se pudo analizar el sprite."
"WARNING",60963,"GRH 60963 (sin textura)",1,1,26,"Unclassified","Unclassified",0.150,0,"","","",0,0,0,1,0,"NO_CLASSIC_SPRITE|NO_SOURCE_TEXTURE_PATH|INVALID_CROP_DIMENSIONS","No se pudo analizar el sprite."
"WARNING",60964,"GRH 60964 (sin textura)",1,1,26,"Unclassified","Unclassified",0.150,0,"","","",0,0,0,1,0,"NO_CLASSIC_SPRITE|NO_SOURCE_TEXTURE_PATH|INVALID_CROP_DIMENSIONS","No se pudo analizar el sprite."
"WARNING",60965,"GRH 60965 (sin textura)",1,1,26,"Unclassified","Unclassified",0.150,0,"","","",0,0,0,1,0,"NO_CLASSIC_SPRITE|NO_SOURCE_TEXTURE_PATH|INVALID_CROP_DIMENSIONS","No se pudo analizar el sprite."
"WARNING",60966,"GRH 60966 (sin textura)",1,1,26,"Unclassified","Unclassified",0.150,0,"","","",0,0,0,1,0,"NO_CLASSIC_SPRITE|NO_SOURCE_TEXTURE_PATH|INVALID_CROP_DIMENSIONS","No se pudo analizar el sprite."
"WARNING",60967,"GRH 60967 (sin textura)",1,1,26,"Unclassified","Unclassified",0.150,0,"","","",0,0,0,1,0,"NO_CLASSIC_SPRITE|NO_SOURCE_TEXTURE_PATH|INVALID_CROP_DIMENSIONS","No se pudo analizar el sprite."
"WARNING",60968,"GRH 60968 (sin textura)",1,1,26,"Unclassified","Unclassified",0.150,0,"","","",0,0,0,1,0,"NO_CLASSIC_SPRITE|NO_SOURCE_TEXTURE_PATH|INVALID_CROP_DIMENSIONS","No se pudo analizar el sprite."
"WARNING",60969,"GRH 60969 (sin textura)",1,1,26,"Unclassified","Unclassified",0.150,0,"","","",0,0,0,1,0,"NO_CLASSIC_SPRITE|NO_SOURCE_TEXTURE_PATH|INVALID_CROP_DIMENSIONS","No se pudo analizar el sprite."
"WARNING",60970,"GRH 60970 (sin textura)",1,1,26,"Unclassified","Unclassified",0.150,0,"","","",0,0,0,1,0,"NO_CLASSIC_SPRITE|NO_SOURCE_TEXTURE_PATH|INVALID_CROP_DIMENSIONS","No se pudo analizar el sprite."
"WARNING",60971,"GRH 60971 (sin textura)",1,1,26,"Unclassified","Unclassified",0.150,0,"","","",0,0,0,1,0,"NO_CLASSIC_SPRITE|NO_SOURCE_TEXTURE_PATH|INVALID_CROP_DIMENSIONS","No se pudo analizar el sprite."
"WARNING",61020,"GRH 61020 (sin textura)",1,1,26,"Unclassified","Unclassified",0.150,0,"","","",0,0,0,1,0,"NO_CLASSIC_SPRITE|NO_SOURCE_TEXTURE_PATH|INVALID_CROP_DIMENSIONS","No se pudo analizar el sprite."
"WARNING",61024,"GRH 61024 (sin textura)",1,1,26,"Unclassified","Unclassified",0.150,0,"","","",0,0,0,1,0,"NO_CLASSIC_SPRITE|NO_SOURCE_TEXTURE_PATH|INVALID_CROP_DIMENSIONS","No se pudo analizar el sprite."
"WARNING",61064,"GRH 61064 (sin textura)",1,1,26,"Unclassified","Unclassified",0.150,0,"","","",0,0,0,1,0,"NO_CLASSIC_SPRITE|NO_SOURCE_TEXTURE_PATH|INVALID_CROP_DIMENSIONS","No se pudo analizar el sprite."
"WARNING",61065,"GRH 61065 (sin textura)",1,1,26,"Unclassified","Unclassified",0.150,0,"","","",0,0,0,1,0,"NO_CLASSIC_SPRITE|NO_SOURCE_TEXTURE_PATH|INVALID_CROP_DIMENSIONS","No se pudo analizar el sprite."
"WARNING",61066,"GRH 61066 (sin textura)",1,1,26,"Unclassified","Unclassified",0.150,0,"","","",0,0,0,1,0,"NO_CLASSIC_SPRITE|NO_SOURCE_TEXTURE_PATH|INVALID_CROP_DIMENSIONS","No se pudo analizar el sprite."
"WARNING",61067,"GRH 61067 (sin textura)",1,1,26,"Unclassified","Unclassified",0.150,0,"","","",0,0,0,1,0,"NO_CLASSIC_SPRITE|NO_SOURCE_TEXTURE_PATH|INVALID_CROP_DIMENSIONS","No se pudo analizar el sprite."
"WARNING",61070,"GRH 61070 (sin textura)",1,1,26,"Unclassified","Unclassified",0.150,0,"","","",0,0,0,1,0,"NO_CLASSIC_SPRITE|NO_SOURCE_TEXTURE_PATH|INVALID_CROP_DIMENSIONS","No se pudo analizar el sprite."
"WARNING",61071,"GRH 61071 (sin textura)",1,1,26,"Unclassified","Unclassified",0.150,0,"","","",0,0,0,1,0,"NO_CLASSIC_SPRITE|NO_SOURCE_TEXTURE_PATH|INVALID_CROP_DIMENSIONS","No se pudo analizar el sprite."
"WARNING",61074,"GRH 61074 (sin textura)",1,1,26,"Unclassified","Unclassified",0.150,0,"","","",0,0,0,1,0,"NO_CLASSIC_SPRITE|NO_SOURCE_TEXTURE_PATH|INVALID_CROP_DIMENSIONS","No se pudo analizar el sprite."
"WARNING",61075,"GRH 61075 (sin textura)",1,1,26,"Unclassified","Unclassified",0.150,0,"","","",0,0,0,1,0,"NO_CLASSIC_SPRITE|NO_SOURCE_TEXTURE_PATH|INVALID_CROP_DIMENSIONS","No se pudo analizar el sprite."
"WARNING",61078,"GRH 61078 (sin textura)",1,1,26,"Unclassified","Unclassified",0.150,0,"","","",0,0,0,1,0,"NO_CLASSIC_SPRITE|NO_SOURCE_TEXTURE_PATH|INVALID_CROP_DIMENSIONS","No se pudo analizar el sprite."
"WARNING",61079,"GRH 61079 (sin textura)",1,1,26,"Unclassified","Unclassified",0.150,0,"","","",0,0,0,1,0,"NO_CLASSIC_SPRITE|NO_SOURCE_TEXTURE_PATH|INVALID_CROP_DIMENSIONS","No se pudo analizar el sprite."
"WARNING",61082,"GRH 61082 (sin textura)",1,1,26,"Unclassified","Unclassified",0.150,0,"","","",0,0,0,1,0,"NO_CLASSIC_SPRITE|NO_SOURCE_TEXTURE_PATH|INVALID_CROP_DIMENSIONS","No se pudo analizar el sprite."
"WARNING",61083,"GRH 61083 (sin textura)",1,1,26,"Unclassified","Unclassified",0.150,0,"","","",0,0,0,1,0,"NO_CLASSIC_SPRITE|NO_SOURCE_TEXTURE_PATH|INVALID_CROP_DIMENSIONS","No se pudo analizar el sprite."
"WARNING",61132,"GRH 61132 (sin textura)",1,1,26,"Unclassified","Unclassified",0.150,0,"","","",0,0,0,1,0,"NO_CLASSIC_SPRITE|NO_SOURCE_TEXTURE_PATH|INVALID_CROP_DIMENSIONS","No se pudo analizar el sprite."
"WARNING",61133,"GRH 61133 (sin textura)",1,1,26,"Unclassified","Unclassified",0.150,0,"","","",0,0,0,1,0,"NO_CLASSIC_SPRITE|NO_SOURCE_TEXTURE_PATH|INVALID_CROP_DIMENSIONS","No se pudo analizar el sprite."
"WARNING",61134,"GRH 61134 (sin textura)",1,1,26,"Unclassified","Unclassified",0.150,0,"","","",0,0,0,1,0,"NO_CLASSIC_SPRITE|NO_SOURCE_TEXTURE_PATH|INVALID_CROP_DIMENSIONS","No se pudo analizar el sprite."
"WARNING",61135,"GRH 61135 (sin textura)",1,1,26,"Unclassified","Unclassified",0.150,0,"","","",0,0,0,1,0,"NO_CLASSIC_SPRITE|NO_SOURCE_TEXTURE_PATH|INVALID_CROP_DIMENSIONS","No se pudo analizar el sprite."
"WARNING",61136,"GRH 61136 (sin textura)",1,1,26,"Unclassified","Unclassified",0.150,0,"","","",0,0,0,1,0,"NO_CLASSIC_SPRITE|NO_SOURCE_TEXTURE_PATH|INVALID_CROP_DIMENSIONS","No se pudo analizar el sprite."
"WARNING",61137,"GRH 61137 (sin textura)",1,1,26,"Unclassified","Unclassified",0.150,0,"","","",0,0,0,1,0,"NO_CLASSIC_SPRITE|NO_SOURCE_TEXTURE_PATH|INVALID_CROP_DIMENSIONS","No se pudo analizar el sprite."
"WARNING",61138,"GRH 61138 (sin textura)",1,1,26,"Unclassified","Unclassified",0.150,0,"","","",0,0,0,1,0,"NO_CLASSIC_SPRITE|NO_SOURCE_TEXTURE_PATH|INVALID_CROP_DIMENSIONS","No se pudo analizar el sprite."
"WARNING",61139,"GRH 61139 (sin textura)",1,1,26,"Unclassified","Unclassified",0.150,0,"","","",0,0,0,1,0,"NO_CLASSIC_SPRITE|NO_SOURCE_TEXTURE_PATH|INVALID_CROP_DIMENSIONS","No se pudo analizar el sprite."
"WARNING",61140,"GRH 61140 (sin textura)",1,1,26,"Unclassified","Unclassified",0.150,0,"","","",0,0,0,1,0,"NO_CLASSIC_SPRITE|NO_SOURCE_TEXTURE_PATH|INVALID_CROP_DIMENSIONS","No se pudo analizar el sprite."
"WARNING",61141,"GRH 61141 (sin textura)",1,1,26,"Unclassified","Unclassified",0.150,0,"","","",0,0,0,1,0,"NO_CLASSIC_SPRITE|NO_SOURCE_TEXTURE_PATH|INVALID_CROP_DIMENSIONS","No se pudo analizar el sprite."
"WARNING",61142,"GRH 61142 (sin textura)",1,1,26,"Unclassified","Unclassified",0.150,0,"","","",0,0,0,1,0,"NO_CLASSIC_SPRITE|NO_SOURCE_TEXTURE_PATH|INVALID_CROP_DIMENSIONS","No se pudo analizar el sprite."
"WARNING",61143,"GRH 61143 (sin textura)",1,1,26,"Unclassified","Unclassified",0.150,0,"","","",0,0,0,1,0,"NO_CLASSIC_SPRITE|NO_SOURCE_TEXTURE_PATH|INVALID_CROP_DIMENSIONS","No se pudo analizar el sprite."
"WARNING",61144,"GRH 61144 (sin textura)",1,1,26,"Unclassified","Unclassified",0.150,0,"","","",0,0,0,1,0,"NO_CLASSIC_SPRITE|NO_SOURCE_TEXTURE_PATH|INVALID_CROP_DIMENSIONS","No se pudo analizar el sprite."
"WARNING",61145,"GRH 61145 (sin textura)",1,1,26,"Unclassified","Unclassified",0.150,0,"","","",0,0,0,1,0,"NO_CLASSIC_SPRITE|NO_SOURCE_TEXTURE_PATH|INVALID_CROP_DIMENSIONS","No se pudo analizar el sprite."
"WARNING",61146,"GRH 61146 (sin textura)",1,1,26,"Unclassified","Unclassified",0.150,0,"","","",0,0,0,1,0,"NO_CLASSIC_SPRITE|NO_SOURCE_TEXTURE_PATH|INVALID_CROP_DIMENSIONS","No se pudo analizar el sprite."
"WARNING",61147,"GRH 61147 (sin textura)",1,1,26,"Unclassified","Unclassified",0.150,0,"","","",0,0,0,1,0,"NO_CLASSIC_SPRITE|NO_SOURCE_TEXTURE_PATH|INVALID_CROP_DIMENSIONS","No se pudo analizar el sprite."
"WARNING",61160,"GRH 61160 (sin textura)",1,1,26,"Unclassified","Unclassified",0.150,0,"","","",0,0,0,1,0,"NO_CLASSIC_SPRITE|NO_SOURCE_TEXTURE_PATH|INVALID_CROP_DIMENSIONS","No se pudo analizar el sprite."
"WARNING",61161,"GRH 61161 (sin textura)",1,1,26,"Unclassified","Unclassified",0.150,0,"","","",0,0,0,1,0,"NO_CLASSIC_SPRITE|NO_SOURCE_TEXTURE_PATH|INVALID_CROP_DIMENSIONS","No se pudo analizar el sprite."
"WARNING",61162,"GRH 61162 (sin textura)",1,1,26,"Unclassified","Unclassified",0.150,0,"","","",0,0,0,1,0,"NO_CLASSIC_SPRITE|NO_SOURCE_TEXTURE_PATH|INVALID_CROP_DIMENSIONS","No se pudo analizar el sprite."
"WARNING",61163,"GRH 61163 (sin textura)",1,1,26,"Unclassified","Unclassified",0.150,0,"","","",0,0,0,1,0,"NO_CLASSIC_SPRITE|NO_SOURCE_TEXTURE_PATH|INVALID_CROP_DIMENSIONS","No se pudo analizar el sprite."
"WARNING",61436,"GRH 61436 (sin textura)",1,1,26,"Unclassified","Unclassified",0.150,0,"","","",0,0,0,1,0,"NO_CLASSIC_SPRITE|NO_SOURCE_TEXTURE_PATH|INVALID_CROP_DIMENSIONS","No se pudo analizar el sprite."
"WARNING",61437,"GRH 61437 (sin textura)",1,1,26,"Unclassified","Unclassified",0.150,0,"","","",0,0,0,1,0,"NO_CLASSIC_SPRITE|NO_SOURCE_TEXTURE_PATH|INVALID_CROP_DIMENSIONS","No se pudo analizar el sprite."
"WARNING",61438,"GRH 61438 (sin textura)",1,1,26,"Unclassified","Unclassified",0.150,0,"","","",0,0,0,1,0,"NO_CLASSIC_SPRITE|NO_SOURCE_TEXTURE_PATH|INVALID_CROP_DIMENSIONS","No se pudo analizar el sprite."
"WARNING",61439,"GRH 61439 (sin textura)",1,1,26,"Unclassified","Unclassified",0.150,0,"","","",0,0,0,1,0,"NO_CLASSIC_SPRITE|NO_SOURCE_TEXTURE_PATH|INVALID_CROP_DIMENSIONS","No se pudo analizar el sprite."
"WARNING",61440,"GRH 61440 (sin textura)",1,1,26,"Unclassified","Unclassified",0.150,0,"","","",0,0,0,1,0,"NO_CLASSIC_SPRITE|NO_SOURCE_TEXTURE_PATH|INVALID_CROP_DIMENSIONS","No se pudo analizar el sprite."
"WARNING",61441,"GRH 61441 (sin textura)",1,1,26,"Unclassified","Unclassified",0.150,0,"","","",0,0,0,1,0,"NO_CLASSIC_SPRITE|NO_SOURCE_TEXTURE_PATH|INVALID_CROP_DIMENSIONS","No se pudo analizar el sprite."
"WARNING",61442,"GRH 61442 (sin textura)",1,1,26,"Unclassified","Unclassified",0.150,0,"","","",0,0,0,1,0,"NO_CLASSIC_SPRITE|NO_SOURCE_TEXTURE_PATH|INVALID_CROP_DIMENSIONS","No se pudo analizar el sprite."
"WARNING",61443,"GRH 61443 (sin textura)",1,1,26,"Unclassified","Unclassified",0.150,0,"","","",0,0,0,1,0,"NO_CLASSIC_SPRITE|NO_SOURCE_TEXTURE_PATH|INVALID_CROP_DIMENSIONS","No se pudo analizar el sprite."
"WARNING",61444,"GRH 61444 (sin textura)",1,1,26,"Unclassified","Unclassified",0.150,0,"","","",0,0,0,1,0,"NO_CLASSIC_SPRITE|NO_SOURCE_TEXTURE_PATH|INVALID_CROP_DIMENSIONS","No se pudo analizar el sprite."
"WARNING",61445,"GRH 61445 (sin textura)",1,1,26,"Unclassified","Unclassified",0.150,0,"","","",0,0,0,1,0,"NO_CLASSIC_SPRITE|NO_SOURCE_TEXTURE_PATH|INVALID_CROP_DIMENSIONS","No se pudo analizar el sprite."
"WARNING",61446,"GRH 61446 (sin textura)",1,1,26,"Unclassified","Unclassified",0.150,0,"","","",0,0,0,1,0,"NO_CLASSIC_SPRITE|NO_SOURCE_TEXTURE_PATH|INVALID_CROP_DIMENSIONS","No se pudo analizar el sprite."
"WARNING",61447,"GRH 61447 (sin textura)",1,1,26,"Unclassified","Unclassified",0.150,0,"","","",0,0,0,1,0,"NO_CLASSIC_SPRITE|NO_SOURCE_TEXTURE_PATH|INVALID_CROP_DIMENSIONS","No se pudo analizar el sprite."
"WARNING",61448,"GRH 61448 (sin textura)",1,1,26,"Unclassified","Unclassified",0.150,0,"","","",0,0,0,1,0,"NO_CLASSIC_SPRITE|NO_SOURCE_TEXTURE_PATH|INVALID_CROP_DIMENSIONS","No se pudo analizar el sprite."
"WARNING",61449,"GRH 61449 (sin textura)",1,1,26,"Unclassified","Unclassified",0.150,0,"","","",0,0,0,1,0,"NO_CLASSIC_SPRITE|NO_SOURCE_TEXTURE_PATH|INVALID_CROP_DIMENSIONS","No se pudo analizar el sprite."
"WARNING",61450,"GRH 61450 (sin textura)",1,1,26,"Unclassified","Unclassified",0.150,0,"","","",0,0,0,1,0,"NO_CLASSIC_SPRITE|NO_SOURCE_TEXTURE_PATH|INVALID_CROP_DIMENSIONS","No se pudo analizar el sprite."
"WARNING",61451,"GRH 61451 (sin textura)",1,1,26,"Unclassified","Unclassified",0.150,0,"","","",0,0,0,1,0,"NO_CLASSIC_SPRITE|NO_SOURCE_TEXTURE_PATH|INVALID_CROP_DIMENSIONS","No se pudo analizar el sprite."
"WARNING",61484,"GRH 61484 (sin textura)",1,1,26,"Unclassified","Unclassified",0.150,0,"","","",0,0,0,1,0,"NO_CLASSIC_SPRITE|NO_SOURCE_TEXTURE_PATH|INVALID_CROP_DIMENSIONS","No se pudo analizar el sprite."
"WARNING",61485,"GRH 61485 (sin textura)",1,1,26,"Unclassified","Unclassified",0.150,0,"","","",0,0,0,1,0,"NO_CLASSIC_SPRITE|NO_SOURCE_TEXTURE_PATH|INVALID_CROP_DIMENSIONS","No se pudo analizar el sprite."
"WARNING",61486,"GRH 61486 (sin textura)",1,1,26,"Unclassified","Unclassified",0.150,0,"","","",0,0,0,1,0,"NO_CLASSIC_SPRITE|NO_SOURCE_TEXTURE_PATH|INVALID_CROP_DIMENSIONS","No se pudo analizar el sprite."
"WARNING",61487,"GRH 61487 (sin textura)",1,1,26,"Unclassified","Unclassified",0.150,0,"","","",0,0,0,1,0,"NO_CLASSIC_SPRITE|NO_SOURCE_TEXTURE_PATH|INVALID_CROP_DIMENSIONS","No se pudo analizar el sprite."
"WARNING",61488,"GRH 61488 (sin textura)",1,1,26,"Unclassified","Unclassified",0.150,0,"","","",0,0,0,1,0,"NO_CLASSIC_SPRITE|NO_SOURCE_TEXTURE_PATH|INVALID_CROP_DIMENSIONS","No se pudo analizar el sprite."
"WARNING",61489,"GRH 61489 (sin textura)",1,1,26,"Unclassified","Unclassified",0.150,0,"","","",0,0,0,1,0,"NO_CLASSIC_SPRITE|NO_SOURCE_TEXTURE_PATH|INVALID_CROP_DIMENSIONS","No se pudo analizar el sprite."
"WARNING",61490,"GRH 61490 (sin textura)",1,1,26,"Unclassified","Unclassified",0.150,0,"","","",0,0,0,1,0,"NO_CLASSIC_SPRITE|NO_SOURCE_TEXTURE_PATH|INVALID_CROP_DIMENSIONS","No se pudo analizar el sprite."
"WARNING",61491,"GRH 61491 (sin textura)",1,1,26,"Unclassified","Unclassified",0.150,0,"","","",0,0,0,1,0,"NO_CLASSIC_SPRITE|NO_SOURCE_TEXTURE_PATH|INVALID_CROP_DIMENSIONS","No se pudo analizar el sprite."
"WARNING",61492,"GRH 61492 (sin textura)",1,1,26,"Unclassified","Unclassified",0.150,0,"","","",0,0,0,1,0,"NO_CLASSIC_SPRITE|NO_SOURCE_TEXTURE_PATH|INVALID_CROP_DIMENSIONS","No se pudo analizar el sprite."
"WARNING",61493,"GRH 61493 (sin textura)",1,1,26,"Unclassified","Unclassified",0.150,0,"","","",0,0,0,1,0,"NO_CLASSIC_SPRITE|NO_SOURCE_TEXTURE_PATH|INVALID_CROP_DIMENSIONS","No se pudo analizar el sprite."
"WARNING",61494,"GRH 61494 (sin textura)",1,1,26,"Unclassified","Unclassified",0.150,0,"","","",0,0,0,1,0,"NO_CLASSIC_SPRITE|NO_SOURCE_TEXTURE_PATH|INVALID_CROP_DIMENSIONS","No se pudo analizar el sprite."
"WARNING",61495,"GRH 61495 (sin textura)",1,1,26,"Unclassified","Unclassified",0.150,0,"","","",0,0,0,1,0,"NO_CLASSIC_SPRITE|NO_SOURCE_TEXTURE_PATH|INVALID_CROP_DIMENSIONS","No se pudo analizar el sprite."
"WARNING",61496,"GRH 61496 (sin textura)",1,1,26,"Unclassified","Unclassified",0.150,0,"","","",0,0,0,1,0,"NO_CLASSIC_SPRITE|NO_SOURCE_TEXTURE_PATH|INVALID_CROP_DIMENSIONS","No se pudo analizar el sprite."
"WARNING",61497,"GRH 61497 (sin textura)",1,1,26,"Unclassified","Unclassified",0.150,0,"","","",0,0,0,1,0,"NO_CLASSIC_SPRITE|NO_SOURCE_TEXTURE_PATH|INVALID_CROP_DIMENSIONS","No se pudo analizar el sprite."
"WARNING",61498,"GRH 61498 (sin textura)",1,1,26,"Unclassified","Unclassified",0.150,0,"","","",0,0,0,1,0,"NO_CLASSIC_SPRITE|NO_SOURCE_TEXTURE_PATH|INVALID_CROP_DIMENSIONS","No se pudo analizar el sprite."
"WARNING",61499,"GRH 61499 (sin textura)",1,1,26,"Unclassified","Unclassified",0.150,0,"","","",0,0,0,1,0,"NO_CLASSIC_SPRITE|NO_SOURCE_TEXTURE_PATH|INVALID_CROP_DIMENSIONS","No se pudo analizar el sprite."
"WARNING",61564,"GRH 61564 (sin textura)",1,1,26,"Unclassified","Unclassified",0.150,0,"","","",0,0,0,1,0,"NO_CLASSIC_SPRITE|NO_SOURCE_TEXTURE_PATH|INVALID_CROP_DIMENSIONS","No se pudo analizar el sprite."
"WARNING",61565,"GRH 61565 (sin textura)",1,1,26,"Unclassified","Unclassified",0.150,0,"","","",0,0,0,1,0,"NO_CLASSIC_SPRITE|NO_SOURCE_TEXTURE_PATH|INVALID_CROP_DIMENSIONS","No se pudo analizar el sprite."
"WARNING",61566,"GRH 61566 (sin textura)",1,1,26,"Unclassified","Unclassified",0.150,0,"","","",0,0,0,1,0,"NO_CLASSIC_SPRITE|NO_SOURCE_TEXTURE_PATH|INVALID_CROP_DIMENSIONS","No se pudo analizar el sprite."
"WARNING",61567,"GRH 61567 (sin textura)",1,1,26,"Unclassified","Unclassified",0.150,0,"","","",0,0,0,1,0,"NO_CLASSIC_SPRITE|NO_SOURCE_TEXTURE_PATH|INVALID_CROP_DIMENSIONS","No se pudo analizar el sprite."
"WARNING",61568,"GRH 61568 (sin textura)",1,1,26,"Unclassified","Unclassified",0.150,0,"","","",0,0,0,1,0,"NO_CLASSIC_SPRITE|NO_SOURCE_TEXTURE_PATH|INVALID_CROP_DIMENSIONS","No se pudo analizar el sprite."
"WARNING",61569,"GRH 61569 (sin textura)",1,1,26,"Unclassified","Unclassified",0.150,0,"","","",0,0,0,1,0,"NO_CLASSIC_SPRITE|NO_SOURCE_TEXTURE_PATH|INVALID_CROP_DIMENSIONS","No se pudo analizar el sprite."
"WARNING",61570,"GRH 61570 (sin textura)",1,1,26,"Unclassified","Unclassified",0.150,0,"","","",0,0,0,1,0,"NO_CLASSIC_SPRITE|NO_SOURCE_TEXTURE_PATH|INVALID_CROP_DIMENSIONS","No se pudo analizar el sprite."
"WARNING",61571,"GRH 61571 (sin textura)",1,1,26,"Unclassified","Unclassified",0.150,0,"","","",0,0,0,1,0,"NO_CLASSIC_SPRITE|NO_SOURCE_TEXTURE_PATH|INVALID_CROP_DIMENSIONS","No se pudo analizar el sprite."
"WARNING",61572,"GRH 61572 (sin textura)",1,1,26,"Unclassified","Unclassified",0.150,0,"","","",0,0,0,1,0,"NO_CLASSIC_SPRITE|NO_SOURCE_TEXTURE_PATH|INVALID_CROP_DIMENSIONS","No se pudo analizar el sprite."
"WARNING",61573,"GRH 61573 (sin textura)",1,1,26,"Unclassified","Unclassified",0.150,0,"","","",0,0,0,1,0,"NO_CLASSIC_SPRITE|NO_SOURCE_TEXTURE_PATH|INVALID_CROP_DIMENSIONS","No se pudo analizar el sprite."
"WARNING",61574,"GRH 61574 (sin textura)",1,1,26,"Unclassified","Unclassified",0.150,0,"","","",0,0,0,1,0,"NO_CLASSIC_SPRITE|NO_SOURCE_TEXTURE_PATH|INVALID_CROP_DIMENSIONS","No se pudo analizar el sprite."
"WARNING",61575,"GRH 61575 (sin textura)",1,1,26,"Unclassified","Unclassified",0.150,0,"","","",0,0,0,1,0,"NO_CLASSIC_SPRITE|NO_SOURCE_TEXTURE_PATH|INVALID_CROP_DIMENSIONS","No se pudo analizar el sprite."
"WARNING",61576,"GRH 61576 (sin textura)",1,1,26,"Unclassified","Unclassified",0.150,0,"","","",0,0,0,1,0,"NO_CLASSIC_SPRITE|NO_SOURCE_TEXTURE_PATH|INVALID_CROP_DIMENSIONS","No se pudo analizar el sprite."
"WARNING",61577,"GRH 61577 (sin textura)",1,1,26,"Unclassified","Unclassified",0.150,0,"","","",0,0,0,1,0,"NO_CLASSIC_SPRITE|NO_SOURCE_TEXTURE_PATH|INVALID_CROP_DIMENSIONS","No se pudo analizar el sprite."
"WARNING",61578,"GRH 61578 (sin textura)",1,1,26,"Unclassified","Unclassified",0.150,0,"","","",0,0,0,1,0,"NO_CLASSIC_SPRITE|NO_SOURCE_TEXTURE_PATH|INVALID_CROP_DIMENSIONS","No se pudo analizar el sprite."
"WARNING",61579,"GRH 61579 (sin textura)",1,1,26,"Unclassified","Unclassified",0.150,0,"","","",0,0,0,1,0,"NO_CLASSIC_SPRITE|NO_SOURCE_TEXTURE_PATH|INVALID_CROP_DIMENSIONS","No se pudo analizar el sprite."
"WARNING",61724,"GRH 61724 (sin textura)",1,1,26,"Unclassified","Unclassified",0.150,0,"","","",0,0,0,1,0,"NO_CLASSIC_SPRITE|NO_SOURCE_TEXTURE_PATH|INVALID_CROP_DIMENSIONS","No se pudo analizar el sprite."
"WARNING",61728,"GRH 61728 (sin textura)",1,1,26,"Unclassified","Unclassified",0.150,0,"","","",0,0,0,1,0,"NO_CLASSIC_SPRITE|NO_SOURCE_TEXTURE_PATH|INVALID_CROP_DIMENSIONS","No se pudo analizar el sprite."
"WARNING",61732,"GRH 61732 (sin textura)",1,1,26,"Unclassified","Unclassified",0.150,0,"","","",0,0,0,1,0,"NO_CLASSIC_SPRITE|NO_SOURCE_TEXTURE_PATH|INVALID_CROP_DIMENSIONS","No se pudo analizar el sprite."
"WARNING",61736,"GRH 61736 (sin textura)",1,1,26,"Unclassified","Unclassified",0.150,0,"","","",0,0,0,1,0,"NO_CLASSIC_SPRITE|NO_SOURCE_TEXTURE_PATH|INVALID_CROP_DIMENSIONS","No se pudo analizar el sprite."
"WARNING",61772,"GRH 61772 (sin textura)",1,1,26,"Unclassified","Unclassified",0.150,0,"","","",0,0,0,1,0,"NO_CLASSIC_SPRITE|NO_SOURCE_TEXTURE_PATH|INVALID_CROP_DIMENSIONS","No se pudo analizar el sprite."
"WARNING",61773,"GRH 61773 (sin textura)",1,1,26,"Unclassified","Unclassified",0.150,0,"","","",0,0,0,1,0,"NO_CLASSIC_SPRITE|NO_SOURCE_TEXTURE_PATH|INVALID_CROP_DIMENSIONS","No se pudo analizar el sprite."
"WARNING",61774,"GRH 61774 (sin textura)",1,1,26,"Unclassified","Unclassified",0.150,0,"","","",0,0,0,1,0,"NO_CLASSIC_SPRITE|NO_SOURCE_TEXTURE_PATH|INVALID_CROP_DIMENSIONS","No se pudo analizar el sprite."
"WARNING",61775,"GRH 61775 (sin textura)",1,1,26,"Unclassified","Unclassified",0.150,0,"","","",0,0,0,1,0,"NO_CLASSIC_SPRITE|NO_SOURCE_TEXTURE_PATH|INVALID_CROP_DIMENSIONS","No se pudo analizar el sprite."
"WARNING",61776,"GRH 61776 (sin textura)",1,1,26,"Unclassified","Unclassified",0.150,0,"","","",0,0,0,1,0,"NO_CLASSIC_SPRITE|NO_SOURCE_TEXTURE_PATH|INVALID_CROP_DIMENSIONS","No se pudo analizar el sprite."
"WARNING",61777,"GRH 61777 (sin textura)",1,1,26,"Unclassified","Unclassified",0.150,0,"","","",0,0,0,1,0,"NO_CLASSIC_SPRITE|NO_SOURCE_TEXTURE_PATH|INVALID_CROP_DIMENSIONS","No se pudo analizar el sprite."
"WARNING",61778,"GRH 61778 (sin textura)",1,1,26,"Unclassified","Unclassified",0.150,0,"","","",0,0,0,1,0,"NO_CLASSIC_SPRITE|NO_SOURCE_TEXTURE_PATH|INVALID_CROP_DIMENSIONS","No se pudo analizar el sprite."
"WARNING",61779,"GRH 61779 (sin textura)",1,1,26,"Unclassified","Unclassified",0.150,0,"","","",0,0,0,1,0,"NO_CLASSIC_SPRITE|NO_SOURCE_TEXTURE_PATH|INVALID_CROP_DIMENSIONS","No se pudo analizar el sprite."
"WARNING",61780,"GRH 61780 (sin textura)",1,1,26,"Unclassified","Unclassified",0.150,0,"","","",0,0,0,1,0,"NO_CLASSIC_SPRITE|NO_SOURCE_TEXTURE_PATH|INVALID_CROP_DIMENSIONS","No se pudo analizar el sprite."
"WARNING",61781,"GRH 61781 (sin textura)",1,1,26,"Unclassified","Unclassified",0.150,0,"","","",0,0,0,1,0,"NO_CLASSIC_SPRITE|NO_SOURCE_TEXTURE_PATH|INVALID_CROP_DIMENSIONS","No se pudo analizar el sprite."
"WARNING",61782,"GRH 61782 (sin textura)",1,1,26,"Unclassified","Unclassified",0.150,0,"","","",0,0,0,1,0,"NO_CLASSIC_SPRITE|NO_SOURCE_TEXTURE_PATH|INVALID_CROP_DIMENSIONS","No se pudo analizar el sprite."
"WARNING",61783,"GRH 61783 (sin textura)",1,1,26,"Unclassified","Unclassified",0.150,0,"","","",0,0,0,1,0,"NO_CLASSIC_SPRITE|NO_SOURCE_TEXTURE_PATH|INVALID_CROP_DIMENSIONS","No se pudo analizar el sprite."
"WARNING",61784,"GRH 61784 (sin textura)",1,1,26,"Unclassified","Unclassified",0.150,0,"","","",0,0,0,1,0,"NO_CLASSIC_SPRITE|NO_SOURCE_TEXTURE_PATH|INVALID_CROP_DIMENSIONS","No se pudo analizar el sprite."
"WARNING",61785,"GRH 61785 (sin textura)",1,1,26,"Unclassified","Unclassified",0.150,0,"","","",0,0,0,1,0,"NO_CLASSIC_SPRITE|NO_SOURCE_TEXTURE_PATH|INVALID_CROP_DIMENSIONS","No se pudo analizar el sprite."
"WARNING",61786,"GRH 61786 (sin textura)",1,1,26,"Unclassified","Unclassified",0.150,0,"","","",0,0,0,1,0,"NO_CLASSIC_SPRITE|NO_SOURCE_TEXTURE_PATH|INVALID_CROP_DIMENSIONS","No se pudo analizar el sprite."
"WARNING",61787,"GRH 61787 (sin textura)",1,1,26,"Unclassified","Unclassified",0.150,0,"","","",0,0,0,1,0,"NO_CLASSIC_SPRITE|NO_SOURCE_TEXTURE_PATH|INVALID_CROP_DIMENSIONS","No se pudo analizar el sprite."
